Iteration	Posterior	Likelihood	Prior	rate_log_sd	rate_neo	root_freqs[1]	root_freqs[2]	tree_length
0	-1167.843	-1294.057	126.2143	1.09131	0.3653235	0.311646	0.688354	1.546232
6	-1169.723	-1295.497	125.774	1.1661	0.520251	0.409142	0.590858	1.608695
12	-1164.223	-1290.16	125.9372	1.275529	0.6375068	0.530777	0.469223	1.26433
18	-1162.046	-1288.484	126.4377	1.275529	0.4003336	0.43377	0.56623	1.166944
24	-1174.179	-1300.058	125.8797	1.239141	0.6046353	0.504033	0.495967	1.37744
30	-1172.045	-1298.255	126.2102	1.293491	0.2766467	0.373935	0.626065	1.546431
36	-1186.548	-1312.666	126.1176	1.275513	0.6091854	0.477982	0.522018	1.144336
42	-1172.155	-1298.502	126.3466	1.307967	0.4845162	0.500287	0.499713	1.083097
48	-1167.47	-1294.128	126.6579	1.26052	0.3190785	0.37086	0.62914	1.134461
54	-1174.113	-1300.441	126.3289	1.211776	0.4661899	0.384127	0.615873	1.21197
60	-1176.54	-1302.715	126.1749	1.446631	0.7036731	0.343691	0.656309	0.7629492
66	-1173.982	-1300.244	126.2621	1.275931	0.5367365	0.39633	0.60367	1.112002
72	-1176.928	-1303.516	126.5887	1.248077	0.3870812	0.441777	0.558223	1.078794
78	-1171.544	-1297.715	126.1707	1.23072	0.4230837	0.461948	0.538052	1.3881
84	-1169.658	-1295.763	126.1044	1.12952	0.3905397	0.574254	0.425746	1.561815
90	-1171.81	-1297.848	126.0381	0.9934943	0.4892679	0.457735	0.542265	1.579148
96	-1168.21	-1294.567	126.3563	1.162088	0.3669606	0.502411	0.497589	1.381985
102	-1166.483	-1292.853	126.3706	1.235794	0.3425236	0.502411	0.497589	1.352847
108	-1166.141	-1292.996	126.8556	1.237264	0.3425236	0.53416	0.46584	0.9130969
114	-1171.38	-1297.656	126.2761	1.46478	0.4034838	0.44382	0.55618	1.137132
120	-1175.301	-1301.229	125.9279	1.359705	0.5983458	0.616193	0.383807	1.248474
126	-1173.172	-1299.712	126.5406	1.291734	0.4184851	0.416324	0.583676	1.025598
132	-1167.27	-1293.746	126.4756	1.278515	0.4184851	0.549704	0.450296	1.09951
138	-1175.346	-1301.552	126.2057	1.10879	0.4184851	0.425831	0.574169	1.461656
144	-1155.965	-1282.527	126.5619	1.309212	0.3958245	0.402665	0.597335	1.029837
150	-1164.791	-1290.868	126.0773	1.168617	0.5100978	0.530761	0.469239	1.391488
156	-1169.051	-1295.197	126.1456	1.26973	0.413346	0.446592	0.553408	1.391488
162	-1173.435	-1299.553	126.1182	0.9938322	0.4565717	0.511886	0.488114	1.561354
168	-1176.195	-1301.827	125.6317	1.026831	0.5291178	0.431738	0.568262	1.798044
174	-1173.706	-1299.796	126.0905	0.9199305	0.3379172	0.532581	0.467419	1.798044
180	-1185.064	-1310.443	125.3782	1.195479	0.4971667	0.411985	0.588015	1.891802
186	-1177.491	-1302.651	125.1593	1.117113	0.7916621	0.504844	0.495156	1.813928
192	-1178.246	-1303.61	125.3637	1.023344	0.7916621	0.417022	0.582978	1.736966
198	-1176.834	-1302.434	125.6002	1.172444	0.7892958	0.417022	0.582978	1.457995
204	-1167.666	-1294.123	126.4566	1.120296	0.3639456	0.510798	0.489202	1.340639
210	-1168.604	-1295.108	126.5033	1.363675	0.3639456	0.548839	0.451161	1.093944
216	-1170.556	-1296.888	126.3319	1.363675	0.3883015	0.548839	0.451161	1.202456
222	-1168.971	-1295.51	126.5389	1.194931	0.3242208	0.354591	0.645409	1.28227
228	-1174.891	-1301.209	126.318	1.191245	0.4891093	0.50021	0.49979	1.205441
234	-1175.933	-1302.485	126.5522	1.345863	0.2926449	0.568414	0.431586	1.205441
240	-1174.775	-1300.597	125.8219	1.149396	0.4498254	0.568414	0.431586	1.671884
246	-1181.943	-1308.149	126.2067	1.112171	0.4128506	0.575896	0.424104	1.466403
252	-1173.301	-1299.309	126.0083	1.177328	0.3971873	0.504887	0.495113	1.587712
258	-1183.32	-1309.743	126.4234	0.9522152	0.37164	0.33843	0.66157	1.48433
264	-1183.239	-1309.343	126.1043	1.261633	0.4413239	0.364747	0.635253	1.389807
270	-1177.445	-1303.038	125.5936	1.514348	0.9471385	0.574584	0.425416	1.027588
276	-1169.806	-1296.396	126.5896	1.189603	0.379039	0.414266	0.585734	1.145635
282	-1172.147	-1298.053	125.9067	1.050756	0.2684398	0.414266	0.585734	1.944167
288	-1165.904	-1290.829	124.9254	0.8309958	0.3788141	0.433012	0.566988	2.559111
294	-1177.817	-1303.463	125.6465	0.7807332	0.5143045	0.559638	0.440362	1.971667
300	-1178.306	-1304.469	126.1634	0.906737	0.2867339	0.422658	0.577342	1.837072
306	-1171.509	-1298.001	126.492	1.082694	0.3695926	0.441003	0.558997	1.333195
312	-1170.85	-1297.435	126.5851	1.180441	0.3475658	0.482279	0.517721	1.213638
318	-1180.757	-1307.569	126.8125	1.282556	0.3231523	0.453692	0.546308	0.9561168
324	-1178.174	-1304.79	126.6159	1.26442	0.2638285	0.501615	0.498385	1.279251
330	-1182.296	-1308.592	126.2968	1.182081	0.3814866	0.405026	0.594974	1.390017
336	-1185.491	-1311.362	125.8709	1.158389	0.5102929	0.472214	0.527786	1.555309
342	-1171.721	-1298.043	126.3225	1.045579	0.4258458	0.451227	0.548773	1.410037
348	-1166.784	-1292.801	126.0163	0.9910187	0.4258458	0.414917	0.585083	1.677179
354	-1167.407	-1293.116	125.7086	1.033019	0.721357	0.416057	0.583943	1.544023
360	-1172.618	-1298.886	126.2677	1.100562	0.3968713	0.424758	0.575242	1.452043
366	-1170.597	-1296.722	126.1251	1.079568	0.4639488	0.406705	0.593295	1.482769
372	-1170.657	-1297.228	126.5713	1.221395	0.3319816	0.525783	0.474217	1.219002
378	-1175.749	-1301.722	125.9731	1.073836	0.5491604	0.607542	0.392458	1.496262
384	-1171.298	-1297.546	126.2478	1.110981	0.3721446	0.509682	0.490318	1.496262
390	-1173.195	-1299.643	126.4477	1.241521	0.3721446	0.521051	0.478949	1.235163
396	-1175.411	-1301.677	126.2654	1.34965	0.5297758	0.521051	0.478949	1.05061
402	-1181.659	-1307.935	126.2761	1.519803	0.5297758	0.522326	0.477674	0.8601518
408	-1164.145	-1290.295	126.1499	1.27113	0.4611439	0.522326	0.477674	1.318215
414	-1166.038	-1292.646	126.6081	1.00752	0.2629376	0.581522	0.418478	1.488427
420	-1167.992	-1294.21	126.2182	1.106708	0.2638143	0.523568	0.476432	1.698786
426	-1169.149	-1295.404	126.2548	1.076415	0.321761	0.47753	0.52247	1.595608
432	-1175.38	-1301.631	126.2509	1.022894	0.5737724	0.514892	0.485108	1.289845
438	-1166.182	-1292.119	125.9375	1.022894	0.2752417	0.484295	0.515705	1.930797
444	-1181.573	-1307.636	126.0633	0.9727097	0.3043285	0.540214	0.459786	1.832083
450	-1181.562	-1307.096	125.5336	0.9472859	0.2581034	0.414914	0.585086	2.273831
456	-1173.331	-1299.293	125.9624	1.104295	0.2729	0.524121	0.475879	1.862557
462	-1172.61	-1298.854	126.2431	1.009295	0.3733637	0.53212	0.46788	1.573348
468	-1158.939	-1285.053	126.1144	1.092821	0.4090485	0.521651	0.478349	1.555239
474	-1165.948	-1291.968	126.0195	1.092821	0.4018569	0.480648	0.519352	1.634313
480	-1169.919	-1295.887	125.9678	1.013725	0.4018569	0.461174	0.538826	1.727453
486	-1182.532	-1308.478	125.9464	1.030517	0.3385065	0.433411	0.566589	1.820315
492	-1181.097	-1307.385	126.2877	0.9397264	0.3560498	0.433411	0.566589	1.617363
498	-1174.021	-1300.007	125.9856	1.044337	0.4596205	0.471443	0.528557	1.617363
504	-1186.867	-1313.2	126.3337	1.07677	0.3419909	0.460881	0.539119	1.504523
510	-1186.444	-1312.181	125.7375	1.182238	0.6100739	0.460511	0.539489	1.523447
516	-1187.527	-1313.606	126.0787	1.265323	0.6100739	0.522271	0.477729	1.186189
522	-1176.303	-1302.791	126.4885	1.259842	0.434779	0.451959	0.548041	1.077033
528	-1175.782	-1301.917	126.1351	1.169382	0.5772646	0.507272	0.492728	1.260311
534	-1171.381	-1297.394	126.0124	0.9691266	0.422249	0.552009	0.447991	1.700224
540	-1162.65	-1288.505	125.8552	0.9606407	0.422249	0.591538	0.408462	1.816045
546	-1173.266	-1298.89	125.6244	1.304958	0.6348446	0.591538	0.408462	1.489954
552	-1171.802	-1297.734	125.9312	1.132892	0.6524302	0.501468	0.498532	1.367598
558	-1174.345	-1300.276	125.931	1.016399	0.3754443	0.501468	0.498532	1.787565
564	-1172.573	-1298.155	125.5815	0.9351853	0.6345368	0.517651	0.482349	1.787565
570	-1171.74	-1297.892	126.1512	1.11572	0.6509384	0.330419	0.669581	1.203201
576	-1168.858	-1295.156	126.2983	1.269226	0.511883	0.495472	0.504528	1.121271
582	-1170.188	-1296.345	126.158	1.377802	0.3614434	0.495472	0.504528	1.377267
588	-1164.023	-1290.094	126.0709	1.36149	0.612587	0.385168	0.614832	1.10454
594	-1163.655	-1289.968	126.3126	1.397717	0.5281531	0.34736	0.65264	0.9582598
600	-1159.688	-1286.274	126.5859	1.249251	0.448655	0.515235	0.484765	0.9675373
606	-1161.737	-1288.344	126.6077	1.486998	0.4050397	0.562571	0.437429	0.7518965
612	-1177.963	-1304.024	126.0613	1.42871	0.6142705	0.555385	0.444615	1.048506
618	-1178.662	-1305.145	126.4825	1.743855	0.3659956	0.53717	0.46283	0.6579328
624	-1163.955	-1289.878	125.9226	1.622838	0.7919345	0.448713	0.551287	0.7108741
630	-1170.184	-1296.449	126.2649	1.610782	0.5635723	0.40782	0.59218	0.666315
636	-1173.632	-1300.435	126.8031	1.551827	0.3075904	0.442668	0.557332	0.6533252
642	-1178.439	-1305.038	126.5989	1.496771	0.3075904	0.452987	0.547013	0.9915278
648	-1175.052	-1301.676	126.6248	1.605698	0.3543932	0.488255	0.511745	0.6959359
654	-1178.114	-1304.775	126.6616	1.38188	0.398518	0.488255	0.511745	0.8379261
660	-1178.604	-1304.538	125.9345	1.212119	0.7265653	0.468835	0.531165	1.220766
666	-1174.553	-1300.56	126.0077	0.7710155	0.4194847	0.388184	0.611816	1.845139
672	-1172.614	-1298.213	125.5995	0.896539	0.4194847	0.374147	0.625853	2.035576
678	-1175.966	-1302.352	126.3851	0.9471654	0.3210531	0.365276	0.634724	1.596023
684	-1176.765	-1302.567	125.8021	1.073985	0.5000994	0.365276	0.634724	1.678298
690	-1175.288	-1301.435	126.1474	1.073985	0.4176483	0.495496	0.504504	1.532754
696	-1171.033	-1297.384	126.3513	1.208337	0.4624663	0.495496	0.504504	1.201291
702	-1162.37	-1288.963	126.5931	1.477113	0.2891671	0.573391	0.426609	1.058468
708	-1173.173	-1299.488	126.315	1.282351	0.4892169	0.399323	0.600677	1.128153
714	-1168.757	-1295.54	126.7832	1.225257	0.2834015	0.51745	0.48255	1.128153
720	-1166.189	-1292.346	126.1575	1.11235	0.3337435	0.465257	0.534743	1.62104
726	-1163.8	-1290.1	126.3006	1.185077	0.4016112	0.357752	0.642248	1.353685
732	-1165.192	-1291.632	126.4392	1.331996	0.4477047	0.472809	0.527191	1.033164
738	-1166.644	-1293.496	126.8515	1.27563	0.2964998	0.510885	0.489115	0.9857204
744	-1161.69	-1288.341	126.6508	1.440908	0.3371894	0.506948	0.493052	0.9268165
750	-1168.767	-1294.367	125.5996	1.550845	0.9166746	0.489379	0.510621	1.017415
756	-1172.756	-1299.34	126.5832	1.427906	0.3442717	0.343026	0.656974	0.995063
762	-1179.418	-1305.294	125.8759	1.157384	0.6413063	0.389932	0.610068	1.403729
768	-1170.055	-1296.418	126.3639	1.135748	0.3556493	0.427305	0.572695	1.414797
774	-1172.233	-1298.316	126.0827	1.150168	0.50664	0.551853	0.448147	1.40602
780	-1163.985	-1290.338	126.353	1.147197	0.4264497	0.558056	0.441944	1.304575
786	-1173.462	-1299.473	126.0104	1.277603	0.4892077	0.522503	0.477497	1.385627
792	-1173.593	-1299.969	126.3761	1.177147	0.4269963	0.522503	0.477497	1.260258
798	-1169.865	-1295.866	126.0016	1.436733	0.7577629	0.522503	0.477497	0.9067509
804	-1160.593	-1286.891	126.2975	1.37356	0.3883508	0.538284	0.461716	1.223249
810	-1166.206	-1292.172	125.9662	1.246988	0.639579	0.358936	0.641064	1.261595
816	-1166.179	-1292.214	126.0351	1.176589	0.6406422	0.520377	0.479623	1.261595
822	-1168.159	-1294.302	126.1427	1.087738	0.3253183	0.549485	0.450515	1.662673
828	-1172.812	-1298.97	126.158	1.039984	0.340189	0.485288	0.514712	1.662673
834	-1175.527	-1301.763	126.2358	1.245692	0.3704309	0.543397	0.456603	1.405284
840	-1175.472	-1301.74	126.2684	1.074077	0.4932357	0.461514	0.538486	1.337189
846	-1173.406	-1299.769	126.3622	1.068309	0.3551804	0.513775	0.486225	1.46842
852	-1172.479	-1298.998	126.5199	1.072616	0.4013608	0.409396	0.590604	1.267737
858	-1168.827	-1295.209	126.3821	1.227524	0.3396085	0.467856	0.532144	1.355268
864	-1178.971	-1305.165	126.1942	1.214116	0.5113425	0.618186	0.381814	1.259439
870	-1175.13	-1300.793	125.6631	1.027203	0.4993048	0.444072	0.555928	1.809519
876	-1179.46	-1305.283	125.8225	0.9162838	0.2974321	0.481088	0.518912	2.043278
882	-1172.059	-1297.881	125.8214	1.222464	0.5371529	0.435865	0.564135	1.512587
888	-1182.111	-1308.479	126.3678	1.354258	0.4633309	0.545657	0.454343	1.053833
894	-1180.9	-1307.874	126.9741	1.204462	0.2278132	0.461586	0.538414	1.104129
900	-1180.618	-1307.406	126.7882	1.204462	0.2717638	0.434992	0.565008	1.167385
906	-1181.486	-1308.401	126.9149	0.9644686	0.2438948	0.476136	0.523864	1.321917
912	-1181.879	-1308.716	126.8374	1.043757	0.2438948	0.431588	0.568412	1.320476
918	-1180.721	-1307.391	126.67	0.9808099	0.2438948	0.551177	0.448823	1.499132
924	-1205.226	-1331.205	125.9796	0.6474963	0.397309	0.530117	0.469883	1.976325
930	-1195.248	-1320.587	125.3384	0.8770639	0.539911	0.41187	0.58813	2.085105
936	-1184.733	-1310.481	125.7483	0.8770639	0.4835225	0.438205	0.561795	1.872207
942	-1178.882	-1304.112	125.2307	0.8375278	0.4694401	0.555518	0.444482	2.256061
948	-1182.759	-1309.01	126.2515	0.8362352	0.2675452	0.471726	0.528274	1.857301
954	-1183.561	-1309.515	125.9544	0.9015987	0.3464551	0.459793	0.540207	1.89144
960	-1170.52	-1296.356	125.8362	0.9653094	0.2733563	0.371174	0.628826	2.040093
966	-1174.77	-1300.133	125.3634	0.8804439	0.4433265	0.391862	0.608138	2.172327
972	-1180.287	-1305.63	125.3435	0.8804439	0.2887902	0.664902	0.335098	2.389105
978	-1177.386	-1302.81	125.4247	0.8804439	0.4178715	0.359116	0.640884	2.162844
984	-1178.921	-1304.952	126.0303	0.8804439	0.4743247	0.422824	0.577176	1.684542
990	-1160.158	-1285.282	125.1239	0.8258822	0.6889086	0.486378	0.513622	2.119269
996	-1170.166	-1295.729	125.5626	0.8698857	0.6889086	0.51541	0.48459	1.794872
1002	-1169.846	-1295.99	126.1438	0.9435865	0.3458996	0.468971	0.531029	1.732443
1008	-1176.299	-1302.071	125.7719	1.113861	0.4410094	0.428344	0.571656	1.743558
1014	-1179.248	-1305.202	125.9537	1.014002	0.4410094	0.414926	0.585074	1.685683
1020	-1167.656	-1292.488	124.8323	0.9367177	0.7934531	0.491701	0.508299	2.15203
1026	-1168.361	-1294.42	126.0592	0.9692698	0.4477717	0.535859	0.464141	1.633535
1032	-1176.588	-1302.735	126.1476	1.081481	0.3446537	0.49592	0.50408	1.633535
1038	-1168.398	-1294.782	126.3838	1.01837	0.410715	0.49592	0.50408	1.405549
1044	-1168.299	-1293.519	125.2207	1.01837	0.5715054	0.4893	0.5107	2.037501
1050	-1169.158	-1295.064	125.9056	1.048254	0.5571551	0.455414	0.544586	1.556327
1056	-1162.743	-1287.744	125.0007	1.048254	0.7762051	0.37514	0.62486	1.981006
1062	-1159.645	-1285.631	125.9861	1.1318	0.4407348	0.472828	0.527172	1.577767
1068	-1168.634	-1294.965	126.3316	1.202254	0.521761	0.490244	0.509756	1.137122
1074	-1175.132	-1301.005	125.8728	1.165269	0.5747377	0.528606	0.471394	1.473564
1080	-1170.414	-1296.611	126.1974	1.255634	0.5738424	0.476911	0.523089	1.137219
1086	-1172.912	-1298.957	126.0448	1.385902	0.5258778	0.36073	0.63927	1.221028
1092	-1180.119	-1306.154	126.0353	1.42943	0.5895677	0.607912	0.392088	1.105528
1098	-1181.276	-1307.683	126.4068	1.42943	0.437122	0.378402	0.621598	0.9876656
1104	-1185.077	-1311.973	126.8962	1.383093	0.2627714	0.469255	0.530745	0.9117941
1110	-1170.829	-1297.299	126.4695	1.348791	0.492256	0.411859	0.588141	0.9048475
1116	-1172.083	-1298.634	126.5504	1.412757	0.2813695	0.390002	0.609998	1.172572
1122	-1177.706	-1303.864	126.1581	1.626838	0.6073379	0.58494	0.41506	0.7136872
1128	-1168.735	-1295.146	126.4107	1.454779	0.4405138	0.526816	0.473184	0.9510951
1134	-1164.214	-1290.799	126.5848	1.46589	0.4466888	0.430769	0.569231	0.6987835
1140	-1173.264	-1299.522	126.2584	1.422942	0.5247024	0.534466	0.465534	0.9936084
1146	-1170.892	-1297.415	126.5227	1.271472	0.4443681	0.497206	0.502794	1.016589
1152	-1177.891	-1304.668	126.7774	1.208601	0.2591529	0.556629	0.443371	1.200632
1158	-1182.288	-1308.53	126.2422	0.9834887	0.3728509	0.471943	0.528057	1.593577
1164	-1181.556	-1307.759	126.2032	1.192039	0.3671759	0.62924	0.37076	1.476367
1170	-1176.242	-1302.192	125.9494	0.9164531	0.4130451	0.463557	0.536443	1.793341
1176	-1183.144	-1309.143	125.9989	0.8702851	0.4130451	0.642683	0.357317	1.791055
1182	-1172.562	-1298.78	126.2178	1.040761	0.4857361	0.561296	0.438704	1.413051
1188	-1182.519	-1309.023	126.5041	1.267931	0.2408151	0.522345	0.477655	1.413051
1194	-1185.596	-1311.856	126.2604	1.253004	0.386816	0.486746	0.513254	1.354589
1200	-1181.525	-1308.08	126.5555	1.335261	0.4634161	0.486746	0.513254	0.8783424
1206	-1170.433	-1297.238	126.8049	1.440369	0.3074113	0.526431	0.473569	0.8250159
1212	-1171.778	-1297.963	126.1844	1.452228	0.5751587	0.526431	0.473569	0.9594232
1218	-1174.419	-1300.8	126.3808	1.527535	0.5157738	0.52373	0.47627	0.7398045
1224	-1180.669	-1307.275	126.6055	1.53038	0.353984	0.507036	0.492964	0.8343488
1230	-1173.66	-1299.974	126.3134	1.477297	0.472897	0.718467	0.281533	0.9696205
1236	-1171.965	-1298.357	126.3923	1.276155	0.5215554	0.298693	0.701307	1.0115
1242	-1166.76	-1293.343	126.5836	1.362854	0.3989828	0.573159	0.426841	0.9473703
1248	-1169.702	-1296.27	126.5686	1.362854	0.4048119	0.498861	0.501139	0.9514175
1254	-1164.352	-1290.514	126.1619	1.257841	0.5184975	0.443391	0.556609	1.240257
1260	-1167.892	-1294.52	126.6283	1.183041	0.3436092	0.401017	0.598983	1.181513
1266	-1173.174	-1299.443	126.269	1.019976	0.381597	0.527798	0.472202	1.534213
1272	-1165.126	-1291.086	125.9598	1.082334	0.519977	0.527798	0.472202	1.534213
1278	-1163.668	-1289.695	126.0269	1.072634	0.4850999	0.548177	0.451823	1.534213
1284	-1167.248	-1292.967	125.7186	1.072634	0.4887289	0.476371	0.523629	1.751588
1290	-1167.187	-1293.324	126.1366	1.165687	0.6802133	0.476371	0.523629	1.137799
1296	-1160.055	-1286.497	126.4425	1.213885	0.3907077	0.526936	0.473064	1.231726
1302	-1163.784	-1289.947	126.1627	0.9461245	0.4777069	0.451613	0.548387	1.536648
1308	-1170.043	-1295.421	125.378	0.9489321	0.4934799	0.451613	0.548387	2.061129
1314	-1172.121	-1297.633	125.5116	0.8341225	0.482327	0.382985	0.617015	2.061129
1320	-1171.005	-1297.072	126.0663	0.8341225	0.4313144	0.525603	0.474397	1.745598
1326	-1173.404	-1299.214	125.81	0.9010149	0.3074511	0.597289	0.402711	2.046309
1332	-1172.702	-1298.637	125.9345	1.080518	0.404553	0.498832	0.501168	1.700126
1338	-1177.291	-1303.245	125.9535	0.945122	0.3402457	0.522919	0.477081	1.871472
1344	-1173.067	-1298.423	125.3559	0.9669197	0.4874334	0.57707	0.42293	2.070488
1350	-1176.755	-1302.606	125.8513	0.9669197	0.439591	0.458243	0.541757	1.792383
1356	-1186.036	-1311.536	125.4995	0.9481663	0.2487517	0.489346	0.510654	2.310615
1362	-1188.119	-1314.081	125.9624	0.7916873	0.3741791	0.420387	0.579613	1.921694
1368	-1178.101	-1303.457	125.3557	0.9222731	0.3713418	0.484708	0.515292	2.239002
1374	-1188.505	-1313.915	125.4097	0.9024802	0.3443604	0.634228	0.365772	2.253037
1380	-1174.298	-1299.727	125.4285	0.810946	0.458977	0.459392	0.540608	2.157158
1386	-1178.071	-1302.963	124.8919	0.7953517	0.4881061	0.43864	0.56136	2.477445
1392	-1170.967	-1295.868	124.9015	0.7770052	0.6080735	0.573489	0.426511	2.365492
1398	-1177.254	-1302.877	125.6238	0.8424485	0.3279922	0.545299	0.454701	2.176434
1404	-1166.648	-1292.383	125.7351	0.7392525	0.3562093	0.59897	0.40103	2.131848
1410	-1162.468	-1288.458	125.9904	0.991422	0.4419183	0.570706	0.429294	1.674476
1416	-1171.551	-1297.45	125.8987	1.056985	0.4419183	0.591803	0.408197	1.693069
1422	-1160.352	-1286.147	125.7955	1.00956	0.4783821	0.550889	0.449111	1.754176
1428	-1161.458	-1287.753	126.2958	0.9625273	0.3278986	0.517868	0.482132	1.638545
1434	-1170.959	-1297.248	126.2895	1.022927	0.4638729	0.388668	0.611332	1.400306
1440	-1177.468	-1303.878	126.4097	1.107949	0.4667475	0.511395	0.488605	1.230606
1446	-1175.148	-1301.425	126.2776	1.298647	0.3249125	0.511395	0.488605	1.406534
1452	-1170.29	-1296.826	126.5352	1.216987	0.3409105	0.528367	0.471633	1.236874
1458	-1173.758	-1299.682	125.9235	1.04929	0.5599733	0.439753	0.560247	1.53915
1464	-1174.443	-1299.905	125.4625	1.324611	0.691304	0.515567	0.484433	1.53915
1470	-1175.413	-1301.336	125.9223	1.058369	0.4247803	0.384272	0.615728	1.697551
1476	-1181.464	-1307.304	125.8395	1.056895	0.4612656	0.500181	0.499819	1.710754
1482	-1171.294	-1297.347	126.0525	1.063012	0.3719458	0.46199	0.53801	1.67434
1488	-1167.52	-1293.454	125.9334	1.123695	0.477465	0.433919	0.566081	1.57505
1494	-1170.189	-1296.665	126.4767	1.209204	0.3314357	0.571256	0.428744	1.308387
1500	-1162.607	-1288.587	125.9805	1.335475	0.4596065	0.567549	0.432451	1.40337
1506	-1173.835	-1299.496	125.6607	1.295258	0.6991633	0.485551	0.514449	1.40337
1512	-1168.253	-1294.821	126.5675	1.225722	0.3071733	0.485551	0.514449	1.265065
1518	-1170.394	-1296.685	126.2909	1.320945	0.4258232	0.48588	0.51412	1.212883
1524	-1172.202	-1298.812	126.6104	1.263883	0.4423048	0.48588	0.51412	0.9382643
1530	-1169.027	-1295.152	126.1246	1.242057	0.4250559	0.495937	0.504063	1.412337
1536	-1167.265	-1293.391	126.1257	1.222272	0.4499166	0.46675	0.53325	1.391766
1542	-1174.741	-1301.009	126.2674	1.184606	0.4499166	0.46675	0.53325	1.309174
1548	-1182.022	-1308.291	126.2692	1.210972	0.5190218	0.46675	0.53325	1.188112
1554	-1172.44	-1298.415	125.9749	0.8548871	0.404822	0.457748	0.542252	1.829057
1560	-1177.588	-1303.418	125.8301	0.8555249	0.4851171	0.457748	0.542252	1.829057
1566	-1171.225	-1297.45	126.2244	0.9821654	0.4846164	0.535414	0.464586	1.45445
1572	-1185.276	-1311.588	126.3118	1.086065	0.4497261	0.484938	0.515062	1.352818
1578	-1199.253	-1325.697	126.4439	0.9540869	0.3574853	0.484938	0.515062	1.489421
1584	-1195.082	-1321.503	126.421	1.232146	0.3574853	0.541206	0.458794	1.289947
1590	-1176.826	-1303.313	126.4874	1.223352	0.3817356	0.541206	0.458794	1.200572
1596	-1180.109	-1306.462	126.3537	1.216754	0.3449175	0.3414	0.6586	1.377229
1602	-1180.718	-1306.199	125.481	0.8434589	0.7564362	0.329346	0.670654	1.810217
1608	-1190.363	-1316.021	125.6575	0.8581235	0.5708104	0.701461	0.298539	1.852041
1614	-1184.226	-1309.623	125.397	0.9754778	0.7559398	0.36582	0.63418	1.777336
1620	-1171.551	-1297.213	125.662	1.054962	0.5113447	0.444137	0.555863	1.777336
1626	-1172.502	-1298.486	125.9847	1.038612	0.3308045	0.478267	0.521733	1.799782
1632	-1176.592	-1302.748	126.1559	1.054053	0.3688565	0.478267	0.521733	1.610962
1638	-1177.354	-1303.842	126.4877	0.897458	0.4457927	0.517758	0.482242	1.368364
1644	-1182.735	-1308.566	125.8305	1.334595	0.6286504	0.438115	0.561885	1.31339
1650	-1174.616	-1301.208	126.5921	1.315845	0.3157392	0.589102	0.410898	1.150421
1656	-1187.259	-1312.327	125.0675	0.9348781	0.4385104	0.653991	0.346009	2.333108
1662	-1180.901	-1307.261	126.3601	0.9708643	0.5059938	0.512463	0.487537	1.329546
1668	-1184.583	-1310.259	125.6757	1.053093	0.4927087	0.512463	0.487537	1.79045
1674	-1179.834	-1305.8	125.966	1.490567	0.6749044	0.556403	0.443597	0.9992967
1680	-1180.405	-1306.403	125.998	1.324706	0.6665663	0.556403	0.443597	1.135908
1686	-1181.709	-1307.833	126.1239	1.386779	0.6036216	0.556403	0.443597	1.04334
1692	-1192.265	-1318.732	126.4669	1.232602	0.4111686	0.435194	0.564806	1.16082
1698	-1186.309	-1312.416	126.1073	1.36873	0.6042089	0.451943	0.548057	1.075387
1704	-1180.508	-1307.17	126.6623	1.35944	0.3797326	0.481241	0.518759	0.9067291
1710	-1169.333	-1295.706	126.3735	1.348429	0.4587101	0.488816	0.511184	1.06162
1716	-1166.844	-1293.237	126.3933	1.350654	0.4629059	0.488816	0.511184	1.033614
1722	-1176.438	-1303.111	126.6734	1.18043	0.2597523	0.370294	0.629706	1.309254
1728	-1170.236	-1296.436	126.1994	1.272876	0.4760183	0.421031	0.578969	1.255245
1734	-1173.045	-1299.544	126.4986	1.44035	0.4513203	0.400584	0.599416	0.8463014
1740	-1186.634	-1313.138	126.5033	1.477633	0.3535102	0.416697	0.583303	1.005781
1746	-1176.626	-1303.187	126.5615	1.477769	0.357582	0.590598	0.409402	0.9368389
1752	-1188.607	-1314.775	126.1673	1.488605	0.5518847	0.540859	0.459141	0.9760897
1758	-1185.137	-1311.466	126.3289	1.370939	0.5616908	0.540859	0.459141	0.9133871
1764	-1187.676	-1314.013	126.3365	1.447676	0.5616908	0.576364	0.423636	0.8130359
1770	-1172.161	-1298.66	126.4991	1.447676	0.3988897	0.463864	0.536136	0.9472654
1776	-1171.447	-1298.3	126.8531	1.387667	0.303241	0.463864	0.536136	0.8426228
1782	-1169.928	-1295.728	125.8002	1.579618	0.6626922	0.455182	0.544818	1.088737
1788	-1160.931	-1287.038	126.1073	1.289946	0.5150286	0.600611	0.399389	1.263639
1794	-1175.442	-1301.639	126.1967	1.289946	0.4618236	0.455043	0.544957	1.263639
1800	-1175.795	-1302.128	126.3333	1.075294	0.4611686	0.52418	0.47582	1.328137
1806	-1183.733	-1310.097	126.3644	1.102635	0.5430661	0.51307	0.48693	1.166403
1812	-1176.4	-1302.087	125.6871	0.9860253	0.6724781	0.550335	0.449665	1.640495
1818	-1164.666	-1290.531	125.8652	0.8695122	0.4209058	0.422434	0.577566	1.873387
1824	-1173.164	-1298.08	124.9168	0.8113075	0.353933	0.5506	0.4494	2.608162
1830	-1183.881	-1309.31	125.4285	1.999227	0.9600538	0.537184	0.462816	0.529618
1836	-1178.35	-1304.531	126.1809	1.72341	0.556172	0.537184	0.462816	0.6284157
1842	-1177.077	-1303.057	125.9802	1.886016	0.5992059	0.401926	0.598074	0.4691642
1848	-1173.701	-1299.631	125.9295	1.886016	0.6314578	0.408102	0.591898	0.444526
1854	-1169.208	-1295.281	126.073	1.886016	0.5365589	0.634066	0.365934	0.456573
1860	-1175.58	-1301.451	125.8711	2.138671	0.3924147	0.271951	0.728049	0.2441301
1866	-1175.23	-1301.156	125.9256	2.11585	0.4104214	0.486203	0.513797	0.2806222
1872	-1175.705	-1301.581	125.876	2.030845	0.5351238	0.407349	0.592651	0.3480574
1878	-1175.421	-1301.783	126.3621	2.130771	0.2379584	0.444222	0.555778	0.3315056
1884	-1167.618	-1293.058	125.4404	2.130771	0.7755008	0.403467	0.596533	0.3419505
1890	-1181.844	-1307.446	125.6026	2.001904	0.7283517	0.524031	0.475969	0.3178164
1896	-1189.884	-1315.6	125.7163	1.97528	0.7291748	0.490171	0.509829	0.4819122
1902	-1191.293	-1317.248	125.9548	1.747517	0.7115796	0.661457	0.338543	0.5827178
1908	-1177.102	-1303.2	126.0982	1.84831	0.5445035	0.483305	0.516695	0.5463633
1914	-1179.111	-1305.718	126.607	1.821227	0.2855097	0.417301	0.582699	0.6002072
1920	-1178.971	-1304.894	125.9229	1.670904	0.7821701	0.49515	0.50485	0.6400406
1926	-1178.788	-1304.885	126.0968	1.366584	0.7312089	0.49515	0.50485	0.9156045
1932	-1177.371	-1303.682	126.3118	1.225063	0.5059704	0.418953	0.581047	1.15717
1938	-1174.617	-1300.467	125.8504	1.423424	0.6852172	0.478988	0.521012	1.15717
1944	-1179.893	-1306.629	126.7356	1.42131	0.2910718	0.478988	0.521012	0.9683632
1950	-1181.394	-1307.776	126.3815	1.354667	0.4129623	0.555593	0.444407	1.125191
1956	-1174.462	-1301.158	126.6954	1.386232	0.2739172	0.420523	0.579477	1.082486
1962	-1176.481	-1302.898	126.4172	1.285631	0.4145464	0.389476	0.610524	1.15229
1968	-1171.561	-1297.418	125.8569	1.276591	0.7358803	0.46464	0.53536	1.221969
1974	-1169.5	-1295.502	126.0017	1.185693	0.3842794	0.516058	0.483942	1.604809
1980	-1168.792	-1294.672	125.8798	1.248256	0.3919782	0.60895	0.39105	1.636766
1986	-1164.897	-1291.088	126.1912	1.115657	0.2406732	0.361943	0.638057	1.753839
1992	-1173.213	-1299.375	126.1619	1.190561	0.4173668	0.497366	0.502634	1.434277
1998	-1161.067	-1287.389	126.3217	1.217579	0.3865546	0.497366	0.502634	1.334352
2004	-1161.639	-1287.983	126.3437	1.195549	0.3865546	0.497366	0.502634	1.334352
2010	-1161.012	-1287.223	126.2111	1.162587	0.3865546	0.497366	0.502634	1.463304
2016	-1173.105	-1299.435	126.3294	1.063718	0.3767886	0.530903	0.469097	1.463304
2022	-1168.489	-1294.882	126.3927	1.134145	0.3247654	0.449398	0.550602	1.444861
2028	-1172.405	-1298.291	125.8859	0.9161062	0.5028402	0.448119	0.551881	1.727559
2034	-1166.945	-1292.583	125.6389	0.976754	0.4951819	0.576632	0.423368	1.865505
2040	-1161.965	-1287.929	125.9636	0.8319996	0.3949711	0.466797	0.533203	1.865505
2046	-1164.098	-1290.127	126.029	1.110905	0.4671168	0.552759	0.447241	1.52709
2052	-1167.338	-1293.456	126.1179	1.288558	0.4632482	0.586601	0.413399	1.326923
2058	-1168.304	-1294.426	126.1222	0.9619037	0.2732375	0.483533	0.516467	1.850047
2064	-1178.166	-1303.346	125.1803	0.941073	0.4938915	0.477929	0.522071	2.195027
2070	-1180.811	-1305.667	124.8564	0.8551248	0.3107828	0.507778	0.492222	2.676467
2076	-1170.522	-1296.228	125.7064	0.871934	0.3356938	0.507778	0.492222	2.092234
2082	-1167.049	-1293.171	126.1225	0.8365328	0.3203161	0.447485	0.552515	1.859991
2088	-1162.922	-1288.634	125.7122	0.8793285	0.3180532	0.46317	0.53683	2.10912
2094	-1167.718	-1293.548	125.8297	0.9958814	0.3097561	0.438782	0.561218	1.966502
2100	-1177.69	-1303.466	125.7766	1.031315	0.4007143	0.40398	0.59602	1.849495
2106	-1162.318	-1288.189	125.8713	0.9985232	0.3384759	0.482915	0.517085	1.893614
2112	-1165.657	-1291.604	125.9463	0.9295154	0.3620523	0.378646	0.621354	1.855666
2118	-1166.812	-1292.561	125.7496	0.9598607	0.4591148	0.456334	0.543666	1.843419
2124	-1161.477	-1287.322	125.845	0.7072252	0.4268584	0.463591	0.536409	1.98907
2130	-1167.215	-1291.822	124.6071	0.7740725	0.4268584	0.536309	0.463691	2.733598
2136	-1167.927	-1294.293	126.3657	0.8940379	0.3832508	0.518965	0.481035	1.553431
2142	-1167.535	-1293.032	125.497	0.8157492	0.423724	0.34213	0.65787	2.15077
2148	-1166.768	-1292.627	125.8589	0.7407543	0.3307747	0.484656	0.515344	2.085289
2154	-1182.312	-1307.918	125.6056	0.8887942	0.5928489	0.481582	0.518418	1.84411
2160	-1173.236	-1299.263	126.0269	0.8837478	0.3525389	0.619096	0.380904	1.845367
2166	-1176.041	-1301.245	125.2043	0.8329502	0.3525389	0.547198	0.452802	2.416973
2172	-1190.748	-1317.387	126.6386	1.426831	0.3327746	0.351119	0.648881	0.9648851
2178	-1168.679	-1294.689	126.01	1.286675	0.6063132	0.561511	0.438489	1.231184
2184	-1177.864	-1303.932	126.068	1.40144	0.5400869	0.566053	0.433947	1.168367
2190	-1179.297	-1304.928	125.6307	0.7774903	0.5748991	0.381355	0.618645	1.920917
2196	-1177.195	-1302.529	125.3335	0.7679111	0.2830973	0.48254	0.51746	2.474811
2202	-1172.773	-1299.117	126.3438	1.072363	0.5001641	0.582677	0.417323	1.268088
2208	-1169.562	-1295.024	125.4622	1.031808	0.3644548	0.636496	0.363504	2.10781
2214	-1167.619	-1293.309	125.691	0.9083215	0.3644548	0.636496	0.363504	2.038463
2220	-1170.964	-1296.548	125.5848	0.9876454	0.3644548	0.378024	0.621976	2.056214
2226	-1187.321	-1313.097	125.7755	1.001726	0.363806	0.624509	0.375491	1.920261
2232	-1172.658	-1298.355	125.6971	1.077743	0.6689162	0.492492	0.507508	1.570085
2238	-1177.074	-1302.016	124.9419	0.9599239	0.466651	0.518144	0.481856	2.365303
2244	-1169.007	-1295.71	126.7032	1.147636	0.2280986	0.492855	0.507145	1.378533
2250	-1167.012	-1293.543	126.5314	1.060344	0.2776835	0.547767	0.452233	1.478781
2256	-1178.028	-1304.485	126.4568	1.091969	0.4279913	0.617737	0.382263	1.262475
2262	-1171.178	-1296.713	125.535	1.025118	0.5348152	0.465312	0.534688	1.859554
2268	-1178.682	-1304.592	125.9092	1.025118	0.3317971	0.465312	0.534688	1.859554
2274	-1168.048	-1293.706	125.658	1.012582	0.5649415	0.463966	0.536034	1.750882
2280	-1177.31	-1303.177	125.8669	1.012582	0.4097709	0.304945	0.695055	1.788208
2286	-1167.789	-1293.765	125.9765	0.8942179	0.4143839	0.308036	0.691964	1.788208
2292	-1174.861	-1300.82	125.9591	0.8121175	0.4143839	0.623887	0.376113	1.856775
2298	-1180.196	-1306.458	126.2621	1.073569	0.3859048	0.627364	0.372636	1.492948
2304	-1175.117	-1301.47	126.3524	0.9089782	0.30752	0.468877	0.531123	1.66916
2310	-1174.059	-1300.231	126.1716	0.9202425	0.3868755	0.599536	0.400464	1.669898
2316	-1171.68	-1296.981	125.3014	1.099134	0.6794461	0.599536	0.400464	1.82557
2322	-1162.53	-1289.087	126.5566	1.169111	0.3923568	0.480744	0.519256	1.169494
2328	-1174.126	-1300.607	126.4801	1.085178	0.4805222	0.480744	0.519256	1.169494
2334	-1166.263	-1292.522	126.2596	1.207148	0.4419679	0.448579	0.551421	1.308718
2340	-1169.982	-1296.089	126.1077	0.9584531	0.448158	0.408843	0.591157	1.605758
2346	-1180.831	-1307.01	126.179	1.340638	0.4367698	0.51954	0.48046	1.273271
2352	-1163.292	-1289.557	126.2648	1.194243	0.3919213	0.62691	0.37309	1.389439
2358	-1170.833	-1297.372	126.5394	1.049178	0.3487124	0.400243	0.599757	1.356609
2364	-1174.181	-1300.677	126.4959	1.224294	0.3956597	0.457941	0.542059	1.168772
2370	-1170.976	-1297.442	126.4665	1.198342	0.3750991	0.647055	0.352945	1.250528
2376	-1166.526	-1292.841	126.3155	1.136013	0.466673	0.559164	0.440836	1.285655
2382	-1170.027	-1295.721	125.6934	1.035104	0.427254	0.498782	0.501218	1.869615
2388	-1173.901	-1299.767	125.8662	0.9183986	0.3665522	0.478973	0.521027	1.911475
2394	-1173.242	-1298.571	125.3288	0.7053422	0.420859	0.441903	0.558097	2.33354
2400	-1172.406	-1298.17	125.7641	0.9179039	0.3190683	0.389818	0.610182	2.048081
2406	-1171.475	-1297.787	126.3127	1.052779	0.3837419	0.332128	0.667872	1.473736
2412	-1179.079	-1305.581	126.5018	1.08675	0.2643263	0.412526	0.587474	1.506101
2418	-1172.132	-1298.776	126.6443	1.106673	0.2895738	0.386064	0.613936	1.332825
2424	-1182.088	-1308.555	126.4668	1.258095	0.5258573	0.458911	0.541089	0.9466925
2430	-1175.84	-1302.217	126.3768	1.409281	0.4600306	0.453514	0.546486	0.9969925
2436	-1178.77	-1305.253	126.4828	1.409281	0.4600306	0.491719	0.508281	0.8836488
2442	-1170.573	-1297	126.4275	1.283977	0.436942	0.575224	0.424776	1.107415
2448	-1167.148	-1293.727	126.5796	1.337605	0.3018295	0.550266	0.449734	1.170317
2454	-1174.672	-1301.429	126.7567	1.545735	0.2649126	0.443049	0.556951	0.8794546
2460	-1169.091	-1295.095	126.0037	1.504205	0.7213597	0.483009	0.516991	0.8794546
2466	-1163.774	-1289.825	126.0512	1.583737	0.6326269	0.47214	0.52786	0.8694092
2472	-1169.633	-1296.239	126.6064	1.458871	0.4447424	0.465946	0.534054	0.6785245
2478	-1177.425	-1304	126.5753	1.294178	0.3958083	0.437334	0.562666	1.031485
2484	-1181.38	-1307.237	125.8569	1.083887	0.5367675	0.42164	0.57836	1.589063
2490	-1168.911	-1295.076	126.1655	1.083887	0.4523668	0.539227	0.460773	1.464297
2496	-1176.962	-1303.268	126.3065	1.114632	0.3623637	0.491705	0.508295	1.464297
2502	-1179.277	-1305.759	126.4823	1.290405	0.4728545	0.555062	0.444938	0.9880515
2508	-1173.388	-1299.737	126.3488	1.53607	0.4888396	0.401971	0.598029	0.8331045
2514	-1170.963	-1297.453	126.4898	1.592913	0.3805008	0.534404	0.465596	0.8331045
2520	-1167.555	-1294.117	126.5611	1.592913	0.4181524	0.548854	0.451146	0.5804963
2526	-1178.292	-1304.793	126.5008	1.684626	0.399636	0.601165	0.398835	0.5933373
2532	-1173.399	-1299.904	126.5052	1.622928	0.421428	0.512882	0.487118	0.6362604
2538	-1176.629	-1303.045	126.4157	1.608092	0.4801037	0.562255	0.437745	0.6362604
2544	-1183.35	-1309.711	126.3609	1.68989	0.4824173	0.408672	0.591328	0.5168713
2550	-1172.186	-1298.498	126.3123	1.643677	0.5406513	0.390904	0.609096	0.5168713
2556	-1175.687	-1302.138	126.4514	1.699218	0.4179321	0.537767	0.462233	0.5933518
2562	-1176.81	-1303.665	126.855	1.803416	0.199243	0.455348	0.544652	0.6021188
2568	-1168.016	-1294.215	126.1986	1.803416	0.511316	0.487738	0.512262	0.4740859
2574	-1168.782	-1295.074	126.2917	1.916012	0.3896515	0.424017	0.575983	0.424799
2580	-1182.693	-1308.981	126.2884	1.916012	0.3954716	0.587735	0.412265	0.4539628
2586	-1171.453	-1297.518	126.0653	1.772105	0.6170336	0.562023	0.437977	0.4510929
2592	-1169.354	-1295.453	126.0991	1.832184	0.5523411	0.430655	0.569345	0.4428672
2598	-1180.567	-1306.628	126.0615	1.920022	0.5204303	0.500072	0.499928	0.4428672
2604	-1176.418	-1302.513	126.0946	1.860034	0.5395051	0.550394	0.449606	0.4580263
2610	-1185.032	-1311.771	126.7389	1.800944	0.2479585	0.443294	0.556706	0.5146965
2616	-1180.373	-1307.011	126.6381	1.703645	0.3293701	0.443294	0.556706	0.5432056
2622	-1183.107	-1309.504	126.3974	1.725338	0.4396445	0.485718	0.514282	0.5432056
2628	-1177.663	-1304.004	126.3413	1.705685	0.4849811	0.43461	0.56539	0.50699
2634	-1180.264	-1306.983	126.7181	1.70583	0.2947357	0.43461	0.56539	0.4940213
2640	-1174.962	-1301.667	126.7056	1.438229	0.4194812	0.512714	0.487286	0.6051444
2646	-1169.527	-1296.128	126.6008	1.490953	0.4101198	0.546201	0.453799	0.7418119
2652	-1170.658	-1297.108	126.4501	1.510718	0.4807482	0.546201	0.453799	0.7482121
2658	-1170.276	-1296.818	126.5422	1.057113	0.2851512	0.49297	0.50703	1.459278
2664	-1171.9	-1298.358	126.4585	1.078634	0.3674007	0.462794	0.537206	1.366589
2670	-1167.722	-1293.813	126.0912	1.083043	0.5337156	0.462794	0.537206	1.417718
2676	-1169.708	-1295.779	126.0713	1.23005	0.4574032	0.527343	0.472657	1.417718
2682	-1170.415	-1296.08	125.6657	1.055816	0.2278903	0.55855	0.44145	2.170483
2688	-1160.396	-1286.246	125.8497	1.053692	0.4155095	0.431876	0.568124	1.763988
2694	-1161.015	-1287.177	126.1625	1.000924	0.4104425	0.494143	0.505857	1.585412
2700	-1167.942	-1294.496	126.5538	0.9741284	0.4239797	0.541773	0.458227	1.285683
2706	-1179.601	-1305.897	126.2962	1.078546	0.3783968	0.541773	0.458227	1.474749
2712	-1176.697	-1302.807	126.1107	1.135487	0.334056	0.538012	0.461988	1.637593
2718	-1171.366	-1297.173	125.807	0.6971597	0.2474474	0.446556	0.553444	2.27665
2724	-1179.148	-1304.913	125.765	0.8123629	0.3969781	0.481045	0.518955	2.009959
2730	-1173.086	-1298.785	125.699	0.8409682	0.3734739	0.481045	0.518955	2.065531
2736	-1174.005	-1299.922	125.9172	0.8666305	0.3844854	0.338413	0.661587	1.88757
2742	-1157.915	-1283.61	125.6949	0.9559209	0.576077	0.381528	0.618472	1.753034
2748	-1171.405	-1297.389	125.9834	0.9564016	0.2127445	0.643274	0.356726	2.055461
2754	-1164.141	-1289.983	125.8418	1.040046	0.4382698	0.37725	0.62275	1.749767
2760	-1178.497	-1304.161	125.6638	1.08434	0.5716455	0.565605	0.434395	1.689104
2766	-1169.303	-1295.398	126.0956	1.13474	0.3884743	0.565605	0.434395	1.567462
2772	-1182.333	-1308.546	126.2133	1.3393	0.4395224	0.62172	0.37828	1.241791
2778	-1177.517	-1304.185	126.6682	1.399383	0.3351757	0.501544	0.498456	0.9572628
2784	-1175.145	-1301.41	126.2652	1.25309	0.3943877	0.501544	0.498456	1.33886
2790	-1181.434	-1307.608	126.1746	0.87098	0.3396706	0.501544	0.498456	1.77101
2796	-1184.038	-1310.364	126.326	1.027582	0.4612156	0.500075	0.499925	1.371738
2802	-1178.64	-1304.185	125.5447	0.8364542	0.5801185	0.493725	0.506275	1.933908
2808	-1163.999	-1290.074	126.0745	1.028357	0.2194413	0.526685	0.473315	1.933908
2814	-1168.37	-1293.883	125.5129	0.9376817	0.5863948	0.526685	0.473315	1.880569
2820	-1166.468	-1291.788	125.3199	0.8073472	0.5863948	0.543475	0.456525	2.096631
2826	-1169.285	-1294.549	125.2643	0.8629126	0.5863948	0.526931	0.473069	2.096631
2832	-1174.746	-1300.482	125.7351	0.8468022	0.4631629	0.559311	0.440689	1.925438
2838	-1183.386	-1309.324	125.9382	1.050774	0.5495747	0.559311	0.440689	1.538983
2844	-1178.149	-1304.412	126.2625	1.017812	0.5293799	0.469779	0.530221	1.339904
2850	-1178.651	-1304.836	126.1851	1.12423	0.5625059	0.532584	0.467416	1.274693
2856	-1167.744	-1294.38	126.6363	1.230948	0.3075176	0.504332	0.495668	1.202128
2862	-1172.279	-1299.309	127.0302	1.526428	0.2187885	0.483108	0.516892	0.6994804
2868	-1171.426	-1297.86	126.4343	1.4753	0.4751863	0.517463	0.482537	0.8312007
2874	-1161.744	-1288.076	126.3325	1.529341	0.4751863	0.482267	0.517733	0.8882183
2880	-1181.028	-1306.886	125.8584	1.656914	0.8629426	0.518193	0.481807	0.6015037
2886	-1167.754	-1294.056	126.3015	1.611116	0.5315878	0.518193	0.481807	0.6904634
2892	-1165.65	-1291.63	125.9799	1.310959	0.546185	0.402659	0.597341	1.310176
2898	-1167.456	-1293.538	126.0818	1.364853	0.546185	0.487767	0.512233	1.179957
2904	-1171.767	-1298.022	126.2556	1.364853	0.4180948	0.487767	0.512233	1.217756
2910	-1167.925	-1293.831	125.9057	1.441492	0.4945557	0.479446	0.520554	1.331687
2916	-1168.224	-1294.489	126.2648	1.526082	0.5740597	0.397026	0.602974	0.778879
2922	-1174.202	-1300.224	126.0215	1.403318	0.7814143	0.305953	0.694047	0.8896499
2928	-1172.306	-1298.678	126.3712	1.257032	0.5127753	0.451655	0.548345	1.063975
2934	-1183.643	-1309.973	126.3293	1.158508	0.3597438	0.45811	0.54189	1.417342
2940	-1174.422	-1300.459	126.0368	1.203323	0.3515917	0.523434	0.476566	1.614962
2946	-1161.879	-1287.82	125.9405	1.458947	0.6258114	0.498241	0.501759	1.117399
2952	-1163.214	-1289.584	126.3699	1.55474	0.5047298	0.526147	0.473853	0.7424298
2958	-1164.094	-1290.768	126.6731	1.457377	0.3897979	0.49103	0.50897	0.7424298
2964	-1159.349	-1285.993	126.6435	1.374399	0.3663483	0.577752	0.422248	0.9403669
2970	-1167.428	-1293.337	125.909	1.47532	0.7234803	0.566846	0.433154	1.008249
2976	-1180.625	-1307.494	126.8689	1.227201	0.2786936	0.480601	0.519399	1.057856
2982	-1180.789	-1306.592	125.8032	0.724898	0.4726708	0.608236	0.391764	1.950569
2988	-1171.741	-1297.615	125.8739	1.163294	0.4726708	0.540405	0.459595	1.595602
2994	-1177.913	-1303.668	125.7546	1.117305	0.4726708	0.307095	0.692905	1.714054
3000	-1178.72	-1304.468	125.7477	1.160977	0.6665621	0.533921	0.466079	1.472743
3006	-1177.076	-1303.468	126.3917	1.374745	0.5411706	0.600304	0.399696	0.873765
3012	-1178.206	-1304.042	125.8358	1.564298	0.8166889	0.414627	0.585373	0.8699987
3018	-1170.394	-1296.306	125.9119	1.564298	0.7260841	0.535387	0.464613	0.9086749
3024	-1174.416	-1300.722	126.306	1.409695	0.5660509	0.517033	0.482967	0.8880895
3030	-1177.059	-1303.432	126.3726	1.354797	0.504014	0.524786	0.475214	0.9808991
3036	-1180.262	-1306.442	126.1798	1.362285	0.5492456	0.511264	0.488736	1.090411
3042	-1174.097	-1300.516	126.4189	1.387058	0.3964256	0.505288	0.494712	1.090411
3048	-1175.739	-1302.241	126.5024	1.192108	0.3964256	0.497294	0.502706	1.189752
3054	-1180.066	-1306.546	126.4802	1.304884	0.2580582	0.441735	0.558265	1.367629
3060	-1174.311	-1300.488	126.1768	1.150858	0.4792933	0.488549	0.511451	1.367629
3066	-1169.329	-1295.3	125.9709	1.150858	0.4414779	0.488549	0.511451	1.57393
3072	-1177.105	-1303.28	126.1747	0.9952994	0.4063256	0.581422	0.418578	1.586332
3078	-1180.227	-1306.693	126.4654	1.334443	0.3027349	0.410231	0.589769	1.268027
3084	-1169.494	-1296.135	126.6407	1.334443	0.3168286	0.405253	0.594747	1.087506
3090	-1170.574	-1296.777	126.2027	0.9906018	0.2919492	0.530686	0.469314	1.743031
3096	-1174.914	-1300.918	126.0039	1.061349	0.5054021	0.574117	0.425883	1.534602
3102	-1176.888	-1302.438	125.5499	1.208871	0.5509619	0.574117	0.425883	1.703913
3108	-1167.596	-1294.038	126.4419	1.204579	0.3909934	0.574117	0.425883	1.239523
3114	-1167.99	-1294.413	126.4232	1.143612	0.4331918	0.397797	0.602203	1.239523
3120	-1170.238	-1296.266	126.0279	1.207003	0.5065874	0.660544	0.339456	1.404546
3126	-1171.141	-1297.609	126.468	1.142776	0.3107022	0.592457	0.407543	1.404546
3132	-1170.018	-1296.121	126.1031	1.048366	0.3107022	0.494815	0.505185	1.741799
3138	-1171.91	-1298.046	126.1366	1.01258	0.3107022	0.450105	0.549895	1.743395
3144	-1182.795	-1308.949	126.1541	1.091856	0.4464516	0.432981	0.567019	1.47485
3150	-1179.474	-1304.944	125.4703	1.286532	0.9069161	0.559847	0.440153	1.367223
3156	-1187.056	-1313.561	126.5054	1.450515	0.4235907	0.507417	0.492583	0.8858263
3162	-1174.958	-1301.23	126.272	1.439627	0.5700477	0.37095	0.62905	0.8858263
3168	-1170.424	-1296.561	126.137	1.447252	0.5843454	0.450003	0.549997	0.9989233
3174	-1173.156	-1299.522	126.3661	1.533945	0.5014351	0.550758	0.449242	0.7857962
3180	-1182.681	-1309.468	126.7863	1.490503	0.3402153	0.550758	0.449242	0.6652603
3186	-1177.709	-1303.763	126.0541	1.547459	0.6724301	0.46545	0.53455	0.8440217
3192	-1179.512	-1305.936	126.4239	1.560036	0.4464454	0.488638	0.511362	0.8000628
3198	-1171.22	-1297.736	126.515	1.412934	0.3302258	0.488638	0.511362	1.103566
3204	-1180.352	-1306.587	126.2354	1.3061	0.5403958	0.501497	0.498503	1.103566
3210	-1178.907	-1305.527	126.6203	1.353126	0.4150831	0.627019	0.372981	0.8838561
3216	-1176.225	-1302.223	125.9979	1.362783	0.590366	0.634155	0.365845	1.196507
3222	-1181.172	-1307.656	126.4835	1.282171	0.3277165	0.494913	0.505087	1.249582
3228	-1174.221	-1300.192	125.971	0.9615688	0.5874097	0.494913	0.505087	1.538435
3234	-1177.454	-1303.195	125.7412	0.8828251	0.5874097	0.494913	0.505087	1.759944
3240	-1185.572	-1311.68	126.1077	0.8406345	0.5625909	0.412117	0.587883	1.554226
3246	-1176.137	-1302.395	126.2578	1.02079	0.2501114	0.422787	0.577213	1.756151
3252	-1164.502	-1290.522	126.0202	0.9931626	0.6159303	0.432691	0.567309	1.446559
3258	-1177.595	-1303.705	126.1105	1.205137	0.3629786	0.360227	0.639773	1.542343
3264	-1176.394	-1302.514	126.1201	0.9029176	0.3553795	0.4656	0.5344	1.763567
3270	-1174.649	-1300.391	125.7412	1.024638	0.4936467	0.479009	0.520991	1.763567
3276	-1167.064	-1293.048	125.9846	0.9381668	0.4108602	0.482787	0.517213	1.756592
3282	-1173.269	-1299.091	125.8223	1.071369	0.4271926	0.482787	0.517213	1.755624
3288	-1178.443	-1304.463	126.02	1.007871	0.3471426	0.432658	0.567342	1.772208
3294	-1177.599	-1303.664	126.0651	1.071008	0.4038461	0.493496	0.506504	1.614403
3300	-1167.283	-1293.336	126.053	1.069407	0.5351727	0.493496	0.506504	1.455684
3306	-1169.429	-1295.808	126.379	1.069407	0.3041982	0.567267	0.432733	1.538837
3312	-1163.548	-1289.271	125.723	1.069407	0.5585665	0.546597	0.453403	1.671703
3318	-1167.714	-1293.523	125.8096	1.052694	0.5141857	0.600057	0.399943	1.671703
3324	-1162.714	-1288.66	125.9457	1.185713	0.4458877	0.492085	0.507915	1.561028
3330	-1168.788	-1294.792	126.0036	1.393416	0.6290028	0.382487	0.617513	1.115528
3336	-1180.796	-1306.51	125.714	1.448487	0.8219198	0.374889	0.625111	1.105563
3342	-1171.59	-1298.155	126.5655	1.106319	0.3766001	0.554137	0.445863	1.242223
3348	-1173.204	-1299.082	125.8773	0.9635031	0.4484734	0.455977	0.544023	1.765604
3354	-1177.196	-1303.147	125.9511	1.0247	0.4011923	0.500214	0.499786	1.732372
3360	-1175.098	-1300.976	125.8772	1.009725	0.5210385	0.578686	0.421314	1.646147
3366	-1174.012	-1300.403	126.3907	1.259384	0.5210385	0.472046	0.527954	1.030256
3372	-1177.172	-1303.587	126.4154	1.350903	0.3230022	0.50214	0.49786	1.257693
3378	-1181.49	-1308.291	126.8015	1.309899	0.2643893	0.52971	0.47029	1.076941
3384	-1171.801	-1298.275	126.4739	1.174717	0.4161077	0.524515	0.475485	1.196963
3390	-1168.397	-1295.236	126.8389	1.557564	0.2047798	0.489343	0.510657	0.9560026
3396	-1166.414	-1292.341	125.927	1.314963	0.6776298	0.511039	0.488961	1.193607
3402	-1175.405	-1302.132	126.7269	1.243457	0.2685803	0.511039	0.488961	1.193607
3408	-1170.123	-1296.219	126.0962	1.243457	0.6372992	0.513053	0.486947	1.156396
3414	-1166.915	-1293.709	126.7935	1.529462	0.2207117	0.518155	0.481845	0.9844165
3420	-1169.254	-1295.739	126.4846	1.315462	0.4462912	0.549844	0.450156	1.007314
3426	-1176.164	-1302.646	126.4817	1.501679	0.4462912	0.474455	0.525545	0.8011573
3432	-1170.778	-1297.195	126.4169	1.541553	0.5191028	0.507611	0.492389	0.6381958
3438	-1180.611	-1307.024	126.4133	1.632985	0.4483027	0.507611	0.492389	0.7015709
3444	-1183.981	-1310.144	126.1632	1.676974	0.5729108	0.561559	0.438441	0.70595
3450	-1173.033	-1299.485	126.4518	1.590648	0.4490277	0.374874	0.625126	0.70595
3456	-1174.727	-1300.565	125.8379	1.731518	0.823985	0.456618	0.543382	0.5673681
3462	-1172.979	-1299.112	126.1331	1.651607	0.6535987	0.514303	0.485697	0.560686
3468	-1179.258	-1305.991	126.733	1.498601	0.3586321	0.468032	0.531968	0.6776177
3474	-1165.565	-1292.018	126.4535	1.498601	0.4820126	0.503305	0.496695	0.757997
3480	-1166.142	-1292.647	126.5047	1.596087	0.3997556	0.503305	0.496695	0.757997
3486	-1158.362	-1284.982	126.6195	1.64396	0.3528416	0.536469	0.463531	0.6361486
3492	-1166.459	-1292.776	126.3167	1.679859	0.4102484	0.380538	0.619462	0.8675739
3498	-1163.321	-1289.334	126.0134	1.630374	0.7506225	0.530082	0.469918	0.6114281
3504	-1158.801	-1285.159	126.358	1.653982	0.461227	0.588108	0.411892	0.7209046
3510	-1170.012	-1296.008	125.9964	1.744241	0.5061221	0.459724	0.540276	0.9636663
3516	-1167.79	-1293.921	126.1304	1.754375	0.5268187	0.459724	0.540276	0.7486767
3522	-1165.83	-1292.319	126.4888	1.697737	0.3928702	0.559498	0.440502	0.6266368
3528	-1168.11	-1294.388	126.2781	1.692361	0.5139617	0.563707	0.436293	0.6292333
3534	-1172.116	-1298.206	126.0902	1.798717	0.5844322	0.549551	0.450449	0.5228401
3540	-1170.302	-1296.636	126.3343	1.713747	0.4788236	0.57358	0.42642	0.571747
3546	-1172.786	-1298.544	125.7585	1.713747	0.8330737	0.473743	0.526257	0.7508249
3552	-1180.235	-1305.835	125.5994	1.455941	0.9631123	0.494062	0.505938	1.062236
3558	-1169.372	-1295.649	126.2769	1.406874	0.4261417	0.468593	0.531407	1.150056
3564	-1172.362	-1299.053	126.6906	1.406874	0.3178146	0.468593	0.531407	0.9659946
3570	-1170.269	-1296.809	126.5403	1.406297	0.4279389	0.405411	0.594589	0.887238
3576	-1173.348	-1299.968	126.6201	1.268474	0.3459172	0.562978	0.437022	1.108658
3582	-1170.438	-1296.802	126.3645	1.178189	0.4246848	0.641997	0.358003	1.272551
3588	-1160.121	-1286.172	126.051	1.01493	0.5073442	0.561173	0.438827	1.53172
3594	-1162.759	-1288.95	126.1908	1.15583	0.3549576	0.44704	0.55296	1.53172
3600	-1186.593	-1313.066	126.4738	1.45452	0.4277484	0.593099	0.406901	0.9082991
3606	-1176.064	-1302.24	126.1767	1.501102	0.5152806	0.348778	0.651222	1.01226
3612	-1180.212	-1305.182	124.9695	1.003167	0.2887919	0.462162	0.537838	2.546647
3618	-1170.301	-1296.008	125.7069	0.9874517	0.2870134	0.44044	0.55956	2.088875
3624	-1180.251	-1305.811	125.5597	1.178993	0.5502591	0.481307	0.518693	1.718832
3630	-1175.365	-1300.982	125.6174	1.153355	0.545817	0.488382	0.511618	1.70107
3636	-1168.297	-1294.175	125.8781	1.154416	0.394813	0.406337	0.593663	1.70107
3642	-1176.343	-1302.512	126.1691	1.286939	0.3714097	0.57774	0.42226	1.423434
3648	-1169.802	-1295.868	126.0662	1.355576	0.4933322	0.540067	0.459933	1.272806
3654	-1169.93	-1296.511	126.5803	1.395859	0.3620096	0.600362	0.399638	0.9928019
3660	-1171.242	-1297.854	126.6126	1.145709	0.2332545	0.610261	0.389739	1.439295
3666	-1163.3	-1289.677	126.3769	1.250794	0.5333152	0.449754	0.550246	1.033055
3672	-1172.866	-1299.458	126.5917	1.404919	0.3818246	0.411285	0.588715	0.9297363
3678	-1168.932	-1294.957	126.0246	1.143516	0.6253405	0.55592	0.44408	1.31474
3684	-1174.709	-1300.389	125.6796	1.054664	0.4327683	0.591125	0.408875	1.858744
3690	-1167.264	-1292.778	125.5138	1.096147	0.4327683	0.489491	0.510509	1.943091
3696	-1171.098	-1297.206	126.1078	1.195314	0.37243	0.491293	0.508707	1.537352
3702	-1167.071	-1293.448	126.3764	1.31101	0.4059073	0.539893	0.460107	1.180098
3708	-1162.548	-1288.371	125.8232	1.381354	0.8228441	0.5365	0.4635	1.065635
3714	-1167.87	-1294.335	126.4651	1.515285	0.4343742	0.588195	0.411805	0.8328486
3720	-1165.327	-1291.515	126.1889	1.60341	0.5679974	0.511208	0.488792	0.7894421
3726	-1168.462	-1294.954	126.4921	1.499942	0.4634729	0.593982	0.406018	0.7459668
3732	-1162.029	-1288.356	126.3275	1.4488	0.583328	0.678697	0.321303	0.7799619
3738	-1162.341	-1288.964	126.6229	1.619947	0.3781588	0.477718	0.522282	0.5117246
3744	-1166.061	-1292.578	126.5177	1.47359	0.5118126	0.58072	0.41928	0.5788845
3750	-1174.819	-1301.809	126.9902	1.313643	0.2897103	0.449913	0.550087	0.8027525
3756	-1177.536	-1303.96	126.4238	1.510055	0.5178107	0.410388	0.589612	0.6919248
3762	-1169.768	-1296.371	126.603	1.453571	0.4175368	0.424544	0.575456	0.7730411
3768	-1170.921	-1297.581	126.6592	1.428751	0.3268549	0.448193	0.551807	0.9548821
3774	-1175.786	-1302.262	126.4763	1.414423	0.367417	0.50664	0.49336	1.06517
3780	-1174.349	-1301.152	126.8029	1.418708	0.309003	0.517822	0.482178	0.8498306
3786	-1171.298	-1298.276	126.9777	1.447161	0.2114053	0.517822	0.482178	0.90433
3792	-1177.047	-1303.221	126.1741	1.105289	0.3976942	0.359699	0.640301	1.517887
3798	-1177.868	-1303.887	126.0187	1.08727	0.4330516	0.451867	0.548133	1.59666
3804	-1176.834	-1302.822	125.9875	1.021407	0.2699283	0.574126	0.425874	1.906895
3810	-1180.103	-1306.471	126.3677	1.352637	0.3726078	0.565367	0.434633	1.208039
3816	-1182.796	-1308.654	125.8579	1.16208	0.7204203	0.533256	0.466744	1.331347
3822	-1174.534	-1300.991	126.4576	1.201115	0.4115126	0.452943	0.547057	1.195685
3828	-1175.175	-1301.595	126.42	1.14111	0.3323752	0.452943	0.547057	1.405585
3834	-1177.808	-1304.513	126.7045	1.203978	0.3018467	0.444787	0.555213	1.177852
3840	-1176.299	-1302.69	126.3919	1.115497	0.488817	0.411668	0.588332	1.207431
3846	-1181.499	-1307.553	126.0547	1.115497	0.5513204	0.460254	0.539746	1.3995
3852	-1185.279	-1311.254	125.9745	0.9788342	0.5681128	0.523465	0.476535	1.544353
3858	-1183.379	-1309.619	126.2401	1.162643	0.421659	0.534748	0.465252	1.389115
3864	-1167.916	-1294.393	126.4767	1.293359	0.4165932	0.390652	0.609348	1.088096
3870	-1182.695	-1309.223	126.5282	1.41802	0.3354402	0.390652	0.609348	1.076156
3876	-1170.276	-1296.753	126.4769	1.291528	0.5360677	0.563357	0.436643	0.8807563
3882	-1166.291	-1292.649	126.3578	1.347997	0.5353412	0.370133	0.629867	0.9510304
3888	-1173.19	-1299.354	126.1645	1.391965	0.636134	0.456379	0.543621	0.9510304
3894	-1173.098	-1299.397	126.2987	1.292062	0.5508203	0.462979	0.537021	1.042264
3900	-1163.716	-1289.985	126.2689	1.204413	0.3893937	0.50246	0.49754	1.382175
3906	-1163.612	-1289.783	126.1705	1.315008	0.4647586	0.493891	0.506109	1.260384
3912	-1167.021	-1293.582	126.5603	0.9889148	0.309099	0.493891	0.506109	1.454669
3918	-1168.631	-1294.64	126.0083	1.165861	0.503865	0.408362	0.591638	1.454669
3924	-1179.541	-1305.561	126.0203	1.110982	0.3769859	0.53266	0.46734	1.655826
3930	-1178.724	-1304.389	125.6652	0.9650549	0.4275244	0.493381	0.506619	1.935889
3936	-1179.758	-1305.341	125.5827	0.9524959	0.4813316	0.409457	0.590543	1.935889
3942	-1176.114	-1302.469	126.3547	1.194655	0.4301203	0.449621	0.550379	1.25872
3948	-1176.228	-1302.031	125.8031	1.078793	0.5081874	0.449621	0.550379	1.664677
3954	-1171.425	-1297.528	126.1033	1.132742	0.3602348	0.632935	0.367065	1.604823
3960	-1163.738	-1290.308	126.5698	1.267051	0.3518241	0.51454	0.48546	1.143945
3966	-1167.866	-1294.135	126.2691	1.222565	0.5632824	0.489483	0.510517	1.116812
3972	-1171.564	-1298.298	126.734	1.189479	0.2927081	0.421974	0.578026	1.183436
3978	-1167.25	-1293.355	126.1058	1.287353	0.5761886	0.532677	0.467323	1.186683
3984	-1178.814	-1304.433	125.6189	1.123973	0.7375625	0.451318	0.548682	1.527935
3990	-1166.754	-1292.725	125.9706	1.066564	0.5274394	0.451318	0.548682	1.529041
3996	-1160.521	-1286.173	125.6521	0.8841748	0.5274394	0.534522	0.465478	1.883759
4002	-1169.729	-1295.72	125.9911	1.031112	0.3575063	0.567383	0.432617	1.761016
4008	-1181.474	-1307.97	126.4959	1.055132	0.2632733	0.635022	0.364978	1.536092
4014	-1183.595	-1310.314	126.7189	1.286032	0.2756416	0.339609	0.660391	1.148166
4020	-1170.4	-1297.122	126.7219	1.394455	0.2795783	0.414357	0.585643	1.036439
4026	-1180.943	-1307.329	126.3865	1.491823	0.4520757	0.663379	0.336621	0.9149832
4032	-1186.094	-1312.595	126.501	1.415978	0.4747065	0.669008	0.330992	0.822891
4038	-1185.328	-1311.161	125.8332	1.526674	0.7371052	0.459778	0.540222	1.015448
4044	-1176.857	-1303.6	126.7432	1.471079	0.3004548	0.542479	0.457521	0.881845
4050	-1180.123	-1306.014	125.8909	1.395461	0.5194204	0.542479	0.457521	1.34775
4056	-1169.517	-1296.17	126.653	1.219656	0.4065071	0.496287	0.503713	1.008186
4062	-1179.24	-1305.694	126.4538	1.055324	0.4232824	0.470169	0.529831	1.302093
4068	-1184.338	-1310.649	126.3116	1.093132	0.5378598	0.599883	0.400117	1.226905
4074	-1181.827	-1308.435	126.6082	1.094711	0.3804684	0.361446	0.638554	1.209405
4080	-1180.101	-1305.913	125.8119	1.218197	0.5731735	0.361446	0.638554	1.481328
4086	-1173.353	-1299.834	126.4809	1.213212	0.2975736	0.511312	0.488688	1.363034
4092	-1178.781	-1305.161	126.38	1.139357	0.4388002	0.511312	0.488688	1.270448
4098	-1179.57	-1305.978	126.4072	1.295962	0.3450008	0.537622	0.462378	1.270448
4104	-1172.133	-1299.079	126.9464	1.495883	0.2760028	0.481735	0.518265	0.6247899
4110	-1176.166	-1302.679	126.5135	1.495883	0.4567048	0.540308	0.459692	0.7376214
4116	-1174.209	-1300.806	126.5973	1.53835	0.3887365	0.536227	0.463773	0.7376214
4122	-1185.772	-1312.141	126.3685	1.280573	0.4834481	0.611174	0.388826	1.089861
4128	-1178.522	-1305.193	126.6713	1.303164	0.3491813	0.46478	0.53522	1.021105
4134	-1173.906	-1300.476	126.57	1.296104	0.3990442	0.412991	0.587009	1.028684
4140	-1170.475	-1297.234	126.7593	1.384691	0.3078185	0.523602	0.476398	0.9409355
4146	-1186.783	-1312.298	125.5145	1.470771	1.006775	0.52074	0.47926	1.086433
4152	-1180.874	-1307.383	126.509	1.327979	0.3980414	0.575462	0.424538	1.058519
4158	-1176.715	-1303.421	126.706	1.270022	0.3303571	0.567988	0.432012	1.058519
4164	-1180.364	-1306.503	126.1389	1.275043	0.588996	0.450712	0.549288	1.151901
4170	-1179.694	-1305.942	126.2489	1.275043	0.5176217	0.587016	0.412984	1.151901
4176	-1181.238	-1307.809	126.5712	1.458296	0.4426218	0.501378	0.498622	0.7451605
4182	-1178.543	-1304.958	126.415	1.489668	0.5158356	0.479235	0.520765	0.7451605
4188	-1181.77	-1307.793	126.0225	1.276777	0.536296	0.453591	0.546409	1.315926
4194	-1185.614	-1311.733	126.1198	1.17566	0.5752581	0.453591	0.546409	1.270251
4200	-1182.646	-1308.678	126.0326	1.097835	0.3834844	0.43818	0.56182	1.647116
4206	-1182.618	-1309.042	126.4238	1.016269	0.2472356	0.579243	0.420757	1.647116
4212	-1175.881	-1301.372	125.4906	1.00765	0.4384556	0.44693	0.55307	2.010922
4218	-1175.684	-1301.922	126.2382	1.176961	0.4537024	0.50822	0.49178	1.333401
4224	-1165.923	-1292.441	126.5175	1.176961	0.3622706	0.50822	0.49178	1.247615
4230	-1179.43	-1306.085	126.6549	1.109492	0.3086933	0.418836	0.581164	1.28592
4236	-1182.964	-1309.498	126.5331	0.9203772	0.3913472	0.583762	0.416238	1.39469
4242	-1179.81	-1306.077	126.2665	1.158757	0.4017578	0.372958	0.627042	1.400918
4248	-1170.522	-1296.997	126.4748	1.129111	0.4017578	0.420208	0.579792	1.257682
4254	-1176.68	-1302.958	126.2777	1.129111	0.3670876	0.39604	0.60396	1.467774
4260	-1173.106	-1299.555	126.4495	1.088267	0.4076485	0.407662	0.592338	1.302686
4266	-1173.051	-1299.311	126.2596	1.177768	0.4212911	0.498809	0.501191	1.36247
4272	-1182.273	-1308.673	126.3997	1.143859	0.4212911	0.459887	0.540113	1.276998
4278	-1171.051	-1297.604	126.5529	1.154731	0.3358603	0.497665	0.502335	1.282859
4284	-1183.61	-1309.865	126.2551	1.127749	0.3770822	0.522471	0.477529	1.470598
4290	-1186.871	-1312.909	126.0381	0.9172531	0.3849749	0.464751	0.535249	1.768832
4296	-1174.081	-1300.085	126.0034	0.9683513	0.515801	0.473466	0.526534	1.590883
4302	-1173.544	-1299.573	126.0294	0.9143854	0.4826576	0.429653	0.570347	1.650763
4308	-1183.268	-1308.94	125.6717	0.8427253	0.4431512	0.429653	0.570347	1.994518
4314	-1179.65	-1305.654	126.0033	0.7695042	0.3145449	0.597304	0.402696	1.994518
4320	-1170.744	-1296.714	125.9705	0.8575759	0.3065657	0.453129	0.546871	1.969682
4326	-1171.02	-1296.697	125.6771	0.8112262	0.2476066	0.478187	0.521813	2.286536
4332	-1175.326	-1301.199	125.8734	0.8964823	0.4108557	0.58708	0.41292	1.862226
4338	-1184.639	-1310.891	126.2524	1.100367	0.4463161	0.565178	0.434822	1.39302
4344	-1172.867	-1299.246	126.3788	1.245907	0.3110887	0.468892	0.531108	1.39302
4350	-1172.169	-1298.647	126.4776	1.292308	0.3549285	0.490157	0.509843	1.196678
4356	-1177.117	-1303.328	126.2103	1.173721	0.3549285	0.432097	0.567903	1.503837
4362	-1178.65	-1305.263	126.6128	1.117769	0.3680187	0.518417	0.481583	1.207264
4368	-1174.236	-1300.435	126.1989	1.21979	0.3610616	0.505745	0.494255	1.46813
4374	-1171.999	-1298.464	126.465	1.124126	0.4183294	0.505745	0.494255	1.243811
4380	-1177.935	-1304.403	126.4677	1.124126	0.4183294	0.465707	0.534293	1.241575
4386	-1170.934	-1297.662	126.7278	1.246337	0.2989239	0.521268	0.478732	1.125885
4392	-1170.378	-1296.835	126.4576	1.192151	0.2439263	0.491661	0.508339	1.499863
4398	-1172.421	-1297.879	125.4582	1.031476	0.4516765	0.522902	0.477098	2.000849
4404	-1160.939	-1287.261	126.3217	1.194451	0.40656	0.522902	0.477098	1.32179
4410	-1173.721	-1299.537	125.8161	1.198458	0.595856	0.544274	0.455726	1.467726
4416	-1169.464	-1295.269	125.8047	1.339953	0.595856	0.663259	0.336741	1.367182
4422	-1196.246	-1322.742	126.4962	1.280739	0.4234575	0.477037	0.522963	1.069749
4428	-1184.922	-1311.501	126.5794	1.309208	0.4234575	0.475336	0.524664	0.9595661
4434	-1185.027	-1310.207	125.1808	1.284913	0.9744249	0.532812	0.467188	1.535476
4440	-1176.381	-1303.157	126.7759	1.273013	0.2716666	0.542488	0.457512	1.11759
4446	-1168.711	-1294.974	126.2626	1.405092	0.5687175	0.549609	0.450391	0.936782
4452	-1168.939	-1295.095	126.1567	1.226744	0.5495587	0.427999	0.572001	1.229537
4458	-1175.351	-1301.409	126.0582	1.345998	0.6730766	0.489182	0.510818	1.052745
4464	-1164.99	-1291.118	126.1283	1.124375	0.3864158	0.477928	0.522072	1.553987
4470	-1169.253	-1295.76	126.5069	1.103835	0.3996414	0.477928	0.522072	1.255353
4476	-1161.846	-1288.092	126.2459	1.462123	0.5559304	0.508811	0.491189	0.9141347
4482	-1171.503	-1298.198	126.6952	1.055797	0.2590462	0.508811	0.491189	1.392301
4488	-1166.815	-1293.379	126.5644	1.168762	0.3709003	0.454855	0.545145	1.200034
4494	-1169.781	-1295.939	126.1585	0.9859935	0.403438	0.454855	0.545145	1.608907
4500	-1165.837	-1291.537	125.7001	0.9640594	0.3682151	0.482735	0.517265	1.990197
4506	-1160.433	-1286.62	126.1873	1.04455	0.349383	0.533081	0.466919	1.624292
4512	-1173.232	-1299.29	126.0577	0.9640674	0.3461472	0.585438	0.414562	1.777937
4518	-1170.351	-1296.602	126.2517	1.019684	0.241004	0.628003	0.371997	1.777937
4524	-1165.045	-1290.703	125.6575	0.8771662	0.3916544	0.60576	0.39424	2.045181
4530	-1159.028	-1285.181	126.1531	1.014861	0.3049897	0.516046	0.483954	1.73943
4536	-1160.456	-1286.673	126.2167	1.143676	0.4778667	0.42852	0.57148	1.343664
4542	-1176.638	-1302.904	126.266	1.143383	0.449689	0.379293	0.620707	1.343664
4548	-1174.049	-1299.631	125.5823	1.092981	0.5794493	0.351448	0.648552	1.732284
4554	-1158.045	-1284.125	126.0793	1.048833	0.3286544	0.462334	0.537666	1.729986
4560	-1158.32	-1284.268	125.9483	1.039072	0.3969365	0.476442	0.523558	1.729986
4566	-1164.445	-1289.446	125.0008	1.073642	0.3870024	0.466207	0.533793	2.349136
4572	-1155.724	-1282.032	126.3079	0.7974051	0.3337134	0.527095	0.472905	1.738223
4578	-1155.752	-1281.387	125.6356	0.8070482	0.3195214	0.567646	0.432354	2.203866
4584	-1164.284	-1289.83	125.5457	0.8310206	0.4667535	0.589209	0.410791	2.058274
4590	-1174.873	-1300.529	125.6563	0.8086646	0.4895574	0.472216	0.527784	1.973691
4596	-1187.413	-1313.342	125.9294	0.936051	0.43533	0.40764	0.59236	1.764942
4602	-1181.37	-1306.566	125.1954	1.045827	0.3894422	0.568317	0.431683	2.239408
4608	-1179.297	-1305.427	126.1292	0.9387766	0.2815565	0.441399	0.558601	1.847164
4614	-1169.333	-1294.958	125.6251	0.8796048	0.3957305	0.464406	0.535594	2.059759
4620	-1180.497	-1305.844	125.3466	1.005362	0.4468433	0.391289	0.608711	2.09767
4626	-1173.935	-1300.069	126.1337	1.062221	0.3285454	0.471606	0.528394	1.682193
4632	-1172.671	-1298.98	126.3086	1.132792	0.3894245	0.56616	0.43384	1.406962
4638	-1164.643	-1291.068	126.425	1.142546	0.4942258	0.492425	0.507575	1.147223
4644	-1169.847	-1296.302	126.4553	1.14281	0.3568009	0.42364	0.57636	1.335538
4650	-1169.757	-1296.38	126.6229	1.360177	0.3568009	0.512614	0.487386	0.9966967
4656	-1178.57	-1304.934	126.3644	1.539069	0.4230234	0.594142	0.405858	0.9447468
4662	-1168.329	-1294.938	126.6087	1.452749	0.2908839	0.538875	0.461125	1.062844
4668	-1182.439	-1308.636	126.1975	1.656425	0.5087865	0.468054	0.531946	0.8304905
4674	-1173.148	-1299.901	126.7527	1.708072	0.2793868	0.378265	0.621735	0.4989443
4680	-1185.195	-1310.889	125.6948	2.285495	0.4022965	0.502071	0.497929	0.2393006
4686	-1184.63	-1310.727	126.0962	2.080736	0.3453421	0.460953	0.539047	0.2838744
4692	-1181.22	-1306.917	125.6972	2.004517	0.7199893	0.460953	0.539047	0.4677917
4698	-1172.308	-1298.12	125.8123	1.987573	0.6118798	0.490751	0.509249	0.3580195
4704	-1174.833	-1300.703	125.8705	1.987573	0.599525	0.589202	0.410798	0.4336524
4710	-1166.337	-1291.957	125.6202	2.048177	0.6950168	0.54099	0.45901	0.3378499
4716	-1175.114	-1300.434	125.3198	2.201674	0.7582285	0.511644	0.488356	0.2833781
4722	-1159.724	-1285.404	125.6806	2.201674	0.4843656	0.514003	0.485997	0.2644982
4728	-1155.867	-1281.484	125.6166	2.178966	0.5335173	0.510232	0.489768	0.2609103
4734	-1156.6	-1282.337	125.7371	2.204659	0.4440916	0.419304	0.580696	0.2586394
4740	-1160.942	-1286.746	125.8037	2.137667	0.4440916	0.442919	0.557081	0.258409
4746	-1164.254	-1290.543	126.2896	2.119915	0.2695607	0.583339	0.416661	0.3300353
4752	-1161.575	-1287.558	125.9827	1.888024	0.5963024	0.345782	0.654218	0.5298706
4758	-1159.885	-1286.247	126.362	1.691295	0.480232	0.53702	0.46298	0.5309351
4764	-1160.718	-1286.901	126.1826	1.691295	0.5406343	0.602572	0.397428	0.7318217
4770	-1169.956	-1295.827	125.8714	1.796765	0.7443944	0.602572	0.397428	0.5518413
4776	-1163.213	-1289.246	126.0321	1.82156	0.6072747	0.602572	0.397428	0.5389982
4782	-1170.13	-1296.415	126.285	1.655915	0.4854785	0.391976	0.608024	0.765798
4788	-1169.982	-1296.303	126.3207	1.655915	0.5089325	0.466998	0.533002	0.6341395
4794	-1164.135	-1290.209	126.0736	1.395901	0.7943378	0.533776	0.466224	0.8170523
4800	-1176.26	-1302.881	126.6215	1.471359	0.3817967	0.472717	0.527283	0.8170523
4806	-1167.85	-1294.217	126.3663	1.526881	0.4914623	0.341116	0.658884	0.8170523
4812	-1168.634	-1294.964	126.3296	1.405984	0.3547187	0.430143	0.569857	1.226286
4818	-1162.029	-1288.202	126.1731	1.287702	0.4749913	0.480239	0.519761	1.266227
4824	-1168.224	-1294.758	126.5341	1.224031	0.3453543	0.475924	0.524076	1.223907
4830	-1174.463	-1300.813	126.3492	1.488521	0.3608099	0.483055	0.516945	1.126405
4836	-1167.624	-1293.929	126.3056	1.277004	0.3608099	0.56922	0.43078	1.34129
4842	-1165.159	-1291.125	125.9663	1.200154	0.5575352	0.487096	0.512904	1.394966
4848	-1177.498	-1304.286	126.788	1.248961	0.26839	0.496251	0.503749	1.135633
4854	-1179.905	-1306.131	126.2257	1.310442	0.5637459	0.651607	0.348393	1.075229
4860	-1173.171	-1299.58	126.4086	1.16775	0.4570554	0.412296	0.587704	1.195089
4866	-1170.121	-1296.149	126.0276	1.003047	0.4021336	0.574781	0.425219	1.692322
4872	-1169.574	-1295.677	126.1028	1.192469	0.4737974	0.402843	0.597157	1.400322
4878	-1173.237	-1299.74	126.5031	1.030361	0.2901608	0.402843	0.597157	1.499943
4884	-1167.795	-1293.93	126.1349	1.391281	0.5947795	0.470202	0.529798	1.040793
4890	-1180.134	-1306.585	126.4508	1.582914	0.4718609	0.470202	0.529798	0.6458061
4896	-1184.451	-1311.324	126.8736	1.437851	0.3167855	0.423767	0.576233	0.6968785
4902	-1185.58	-1311.304	125.7237	1.653455	0.9395136	0.415451	0.584549	0.7171611
4908	-1174.76	-1301.333	126.5727	1.58659	0.3816069	0.375535	0.624465	0.7225202
4914	-1170.892	-1297.434	126.5419	1.505022	0.3030168	0.415569	0.584431	1.049696
4920	-1164.51	-1290.08	125.5695	1.236333	0.5503932	0.497836	0.502164	1.671131
4926	-1158.909	-1285.059	126.1499	1.219855	0.5159124	0.595077	0.404923	1.285096
4932	-1167.47	-1293.955	126.4849	1.097077	0.3986414	0.485173	0.514827	1.280686
4938	-1162.571	-1289.076	126.5044	1.299027	0.3667924	0.531038	0.468962	1.146069
4944	-1164.835	-1291.286	126.451	1.204951	0.3489096	0.32802	0.67198	1.302237
4950	-1169.29	-1295.478	126.1885	1.196266	0.4939129	0.512165	0.487835	1.302237
4956	-1167.906	-1293.622	125.7165	1.089695	0.6111881	0.512165	0.487835	1.605676
4962	-1165.835	-1292.064	126.2285	1.140972	0.378288	0.456086	0.543914	1.478922
4968	-1175.025	-1300.715	125.6891	1.028805	0.3850157	0.411665	0.588335	1.931463
4974	-1178.489	-1304.178	125.6886	0.8423954	0.3549744	0.422114	0.577886	2.096453
4980	-1171.664	-1297.573	125.9096	0.9205717	0.4486704	0.442201	0.557799	1.772783
4986	-1173.143	-1299.183	126.0402	0.983331	0.348818	0.50987	0.49013	1.772783
4992	-1180.122	-1305.879	125.757	0.9281517	0.6748192	0.506734	0.493266	1.62958
4998	-1177.486	-1303.286	125.7997	1.130397	0.3992803	0.360474	0.639526	1.76695
5004	-1187.099	-1312.994	125.8954	0.9639388	0.4371051	0.274493	0.725507	1.76695
5010	-1174.125	-1300.334	126.2081	0.9382792	0.3123892	0.409116	0.590884	1.742628
5016	-1169.469	-1295.526	126.0572	1.049145	0.4208568	0.541584	0.458416	1.612713
5022	-1176.999	-1303.407	126.4082	1.1382	0.2788591	0.439871	0.560129	1.510653
5028	-1178.592	-1305.356	126.7637	1.188565	0.2903048	0.305666	0.694334	1.163332
5034	-1179.579	-1306.185	126.6059	1.245219	0.4558489	0.305666	0.694334	0.9373031
5040	-1176.078	-1302.303	126.2257	1.131129	0.5777453	0.556062	0.443938	1.215778
5046	-1179.952	-1306.02	126.0686	1.003575	0.5986267	0.351497	0.648503	1.420525
5052	-1178.567	-1304.531	125.9638	1.115151	0.5986267	0.628586	0.371414	1.415278
5058	-1177.476	-1302.848	125.3722	1.023213	0.464798	0.40715	0.59285	2.048159
5064	-1173.891	-1299.967	126.0754	0.821594	0.4125463	0.479256	0.520744	1.772379
5070	-1175.792	-1301.956	126.1639	1.240834	0.4358522	0.523245	0.476755	1.367077
5076	-1184.33	-1310.947	126.6167	1.175807	0.2554255	0.368664	0.631336	1.367077
5082	-1191.336	-1317.8	126.4635	0.990053	0.2336408	0.457376	0.542624	1.663581
5088	-1185.129	-1311.138	126.0093	0.9149049	0.4189145	0.457376	0.542624	1.745028
5094	-1177.838	-1302.933	125.0943	0.8889679	0.4017759	0.651115	0.348885	2.388675
5100	-1188.206	-1314.376	126.17	1.288051	0.5142216	0.511101	0.488899	1.213684
5106	-1176.622	-1303.094	126.4719	1.305782	0.3392611	0.521626	0.478374	1.218345
5112	-1179.946	-1305.799	125.8526	1.238883	0.6581385	0.458449	0.541551	1.339706
5118	-1187.64	-1313.449	125.8086	1.340522	0.6167294	0.492652	0.507348	1.339706
5124	-1169.385	-1295.294	125.909	1.220792	0.5383188	0.446154	0.553846	1.446287
5130	-1169.496	-1295.607	126.1103	1.184475	0.432726	0.368455	0.631545	1.456671
5136	-1175.44	-1300.759	125.3186	0.945763	0.6375497	0.558603	0.441397	1.956927
5142	-1169.192	-1294.836	125.644	1.000159	0.4034761	0.427482	0.572518	1.956927
5148	-1168.863	-1294.713	125.8506	1.005539	0.3239692	0.572294	0.427706	1.924392
5154	-1171.838	-1297.914	126.0759	0.8035546	0.4112485	0.486881	0.513119	1.786277
5160	-1181.049	-1306.474	125.4257	0.943868	0.4143425	0.649579	0.350421	2.125126
5166	-1170.658	-1296.585	125.9273	1.010033	0.3219627	0.436717	0.563283	1.872335
5172	-1173.848	-1300.278	126.4303	1.093299	0.2862051	0.450728	0.549272	1.514447
5178	-1166.954	-1293.878	126.9235	1.268621	0.2735366	0.390251	0.609749	0.9758872
5184	-1173.693	-1299.771	126.0782	1.200542	0.4234218	0.432148	0.567852	1.481799
5190	-1168.371	-1295.073	126.7016	1.252478	0.3816838	0.516482	0.483518	0.9748458
5196	-1166.766	-1292.944	126.1782	1.025091	0.438882	0.470155	0.529845	1.51716
5202	-1158.167	-1284.215	126.0474	1.19873	0.4530414	0.531319	0.468681	1.465896
5208	-1164.783	-1291.226	126.443	1.490191	0.3540268	0.503707	0.496293	1.05113
5214	-1160.897	-1287.29	126.3928	1.408615	0.4230739	0.441112	0.558888	1.047183
5220	-1162.821	-1289.168	126.3468	1.320288	0.3478457	0.627925	0.372075	1.295006
5226	-1166.22	-1292.744	126.5241	1.452024	0.3932692	0.511979	0.488021	0.9274778
5232	-1168.633	-1294.832	126.1988	1.372102	0.4744144	0.504573	0.495427	1.173753
5238	-1172.517	-1297.898	125.3805	1.280335	0.4989535	0.504573	0.495427	1.830181
5244	-1168.104	-1294.12	126.0166	1.232833	0.5241656	0.464159	0.535841	1.37093
5250	-1184.16	-1310.219	126.0597	1.473622	0.576128	0.452922	0.547078	1.060328
5256	-1193.045	-1319.317	126.2726	1.124874	0.5556708	0.486877	0.513123	1.209639
5262	-1180.799	-1307.43	126.6302	1.251046	0.3734056	0.665406	0.334594	1.062651
5268	-1174.276	-1300.875	126.5995	1.251046	0.4195517	0.556088	0.443912	1.005707
5274	-1170.73	-1296.942	126.2117	1.137095	0.4195517	0.495621	0.504379	1.433935
5280	-1175.33	-1302.201	126.8709	1.389629	0.264305	0.495621	0.504379	0.9281055
5286	-1180.207	-1306.697	126.4904	1.186829	0.292032	0.477227	0.522773	1.386517
5292	-1182.178	-1308.526	126.348	1.212607	0.2612604	0.472415	0.527585	1.532747
5298	-1185.85	-1312.124	126.2742	1.291529	0.4059265	0.526638	0.473362	1.282574
5304	-1185.607	-1311.981	126.3742	1.103854	0.4823009	0.393312	0.606688	1.241492
5310	-1176.429	-1302.942	126.5124	1.205883	0.2963465	0.653614	0.346386	1.346156
5316	-1171.777	-1298.173	126.3966	0.9339653	0.2532976	0.416127	0.583873	1.713803
5322	-1171.332	-1297.503	126.1707	0.8982889	0.3883271	0.481009	0.518991	1.684158
5328	-1184.316	-1309.929	125.6124	0.8626702	0.254305	0.492432	0.507568	2.283831
5334	-1185.064	-1310.791	125.7266	0.9180665	0.4301899	0.651178	0.348822	1.922871
5340	-1180.766	-1306.381	125.6151	0.7997686	0.4301899	0.53029	0.46971	2.076107
5346	-1178.957	-1304.878	125.9204	0.8736866	0.4301899	0.571807	0.428193	1.820911
5352	-1170.797	-1297.198	126.4008	1.075915	0.3629674	0.567298	0.432702	1.420778
5358	-1177.645	-1303.914	126.2687	1.11086	0.4932079	0.38375	0.61625	1.307477
5364	-1177.034	-1302.823	125.7897	1.00339	0.5377642	0.434144	0.565856	1.694156
5370	-1179.891	-1305.992	126.1007	1.00339	0.5377642	0.534586	0.465414	1.466511
5376	-1183.236	-1309.424	126.1881	1.07541	0.5652493	0.536612	0.463388	1.308623
5382	-1188.646	-1315.204	126.5578	1.234572	0.2170076	0.46894	0.53106	1.447898
5388	-1176.044	-1301.964	125.9203	1.12966	0.6545478	0.496753	0.503247	1.376479
5394	-1179.892	-1306	126.1075	1.070542	0.5017291	0.514549	0.485451	1.45441
5400	-1183.393	-1310.103	126.7098	1.222405	0.2160473	0.438173	0.561827	1.341005
5406	-1192.016	-1318.224	126.208	1.304944	0.5193316	0.448237	0.551763	1.159102
5412	-1177.234	-1303.547	126.3125	1.049033	0.3930092	0.57049	0.42951	1.462879
5418	-1188.278	-1314.381	126.1024	0.8693933	0.2765153	0.560265	0.439735	1.920982
5424	-1172.3	-1298.449	126.1498	0.8693933	0.362583	0.560265	0.439735	1.75581
5430	-1172.711	-1298.957	126.2467	0.7959839	0.3552022	0.597953	0.402047	1.750044
5436	-1170.767	-1296.978	126.2118	0.8754595	0.3424924	0.508622	0.491378	1.737599
5442	-1170.547	-1296.85	126.3031	1.130685	0.2027706	0.598668	0.401332	1.739624
5448	-1180.709	-1306.893	126.1845	0.9501708	0.3194867	0.598668	0.401332	1.739624
5454	-1165.984	-1291.66	125.6758	0.8144973	0.5688763	0.541984	0.458016	1.871331
5460	-1163.243	-1288.858	125.6154	0.8603066	0.3462829	0.400272	0.599728	2.144559
5466	-1164.906	-1290.078	125.172	1.156672	0.4202913	0.376581	0.623419	2.144559
5472	-1161.834	-1287.331	125.4963	0.9719388	0.3610965	0.525655	0.474345	2.129185
5478	-1163.556	-1289.86	126.3032	0.8939081	0.3028254	0.474142	0.525858	1.722446
5484	-1168.111	-1294.568	126.4567	1.058132	0.3012406	0.567604	0.432396	1.494412
5490	-1180.657	-1306.283	125.6257	0.8020663	0.5406558	0.578194	0.421806	1.943083
5496	-1178.234	-1303.386	125.1526	0.865812	0.4770533	0.440713	0.559287	2.2796
5502	-1179.528	-1304.876	125.3477	0.9509862	0.5651868	0.568346	0.431654	2.004222
5508	-1170.524	-1296.292	125.768	0.9851692	0.3168023	0.562646	0.437354	2.004222
5514	-1165.5	-1291.881	126.3801	0.9851692	0.3627036	0.3752	0.6248	1.505808
5520	-1178.535	-1303.949	125.4139	0.8673855	0.3265692	0.463256	0.536744	2.297585
5526	-1182.176	-1308.091	125.9145	0.613415	0.4045039	0.411035	0.588965	2.033214
5532	-1171.318	-1297.16	125.8427	0.8630109	0.5087619	0.429178	0.570822	1.788078
5538	-1175.878	-1301.266	125.388	1.13004	0.4972701	0.534448	0.465552	1.929421
5544	-1166.134	-1292.161	126.0271	1.125669	0.4972701	0.534448	0.465552	1.479141
5550	-1162.041	-1287.875	125.8338	0.9300124	0.4972701	0.55075	0.44925	1.760791
5556	-1160.754	-1286.768	126.0132	0.9439861	0.349672	0.468182	0.531818	1.817542
5562	-1162.425	-1288.537	126.112	1.005575	0.2710223	0.491707	0.508293	1.830842
5568	-1170.564	-1296.481	125.9177	0.9759776	0.3710442	0.491707	0.508293	1.830842
5574	-1163.124	-1289.592	126.468	1.084206	0.3587464	0.501696	0.498304	1.368688
5580	-1165.226	-1291.593	126.3667	1.190391	0.4565148	0.452178	0.547822	1.212392
5586	-1166.33	-1292.086	125.7555	1.201149	0.645078	0.540896	0.459104	1.458589
5592	-1169.562	-1296.139	126.5764	1.092897	0.3426991	0.563841	0.436159	1.302131
5598	-1175.673	-1302.249	126.5762	1.142985	0.3090646	0.486502	0.513498	1.321886
5604	-1169.159	-1295.694	126.5347	1.281805	0.3090646	0.54614	0.45386	1.242056
5610	-1181.185	-1307.982	126.7971	1.359243	0.2754942	0.616059	0.383941	1.00703
5616	-1185.307	-1310.704	125.3969	1.270168	1.046511	0.373289	0.626711	1.325496
5622	-1184.478	-1309.889	125.4105	1.242421	1.046511	0.513348	0.486652	1.336858
5628	-1176.408	-1302.345	125.9367	1.140116	0.5524098	0.516234	0.483766	1.469931
5634	-1179.681	-1305.659	125.9785	1.084623	0.7602479	0.476665	0.523335	1.255617
5640	-1179.544	-1305.926	126.3822	1.18022	0.4181402	0.389242	0.610758	1.266248
5646	-1174.152	-1300.272	126.12	0.8937015	0.3996547	0.514817	0.485183	1.707717
5652	-1168.043	-1293.631	125.5883	0.760531	0.3986535	0.447813	0.552187	2.158191
5658	-1175.761	-1301.184	125.423	0.7468422	0.4761034	0.549523	0.450477	2.183108
5664	-1180.85	-1306.844	125.9937	0.8465409	0.6507183	0.368679	0.631321	1.540113
5670	-1179.703	-1305.268	125.5651	0.7731737	0.5008497	0.534612	0.465388	2.045524
5676	-1171.352	-1297.22	125.8684	0.8656745	0.4964649	0.529851	0.470149	1.782439
5682	-1175.589	-1302.011	126.4219	1.218446	0.224214	0.529851	0.470149	1.546735
5688	-1167.394	-1293.564	126.1697	1.355597	0.6301999	0.541485	0.458515	0.9917321
5694	-1156.209	-1282.452	126.2429	1.355597	0.5263815	0.496004	0.503996	1.071308
5700	-1161.035	-1287.467	126.4322	1.372459	0.4078112	0.535848	0.464152	1.071308
5706	-1156.094	-1282.476	126.3816	1.372459	0.4987706	0.408606	0.591394	0.9623629
5712	-1164.569	-1291.094	126.5252	1.513728	0.4639453	0.408606	0.591394	0.6637118
5718	-1171.484	-1297.769	126.2845	1.644949	0.5264257	0.533683	0.466317	0.6744003
5724	-1172.295	-1298.365	126.0705	1.796988	0.5284566	0.548569	0.451431	0.7701078
5730	-1173.153	-1299.808	126.6545	1.530446	0.3601361	0.469028	0.530972	0.7504759
5736	-1164.409	-1291.009	126.5999	1.637855	0.336704	0.450163	0.549837	0.7454548
5742	-1168.189	-1294.172	125.9829	1.623996	0.7144868	0.540979	0.459021	0.7640188
5748	-1166.464	-1292.579	126.1153	1.648153	0.6013282	0.621751	0.378249	0.7605926
5754	-1175.531	-1301.791	126.26	1.564117	0.6212855	0.321503	0.678497	0.5829185
5760	-1175.823	-1301.886	126.0626	1.564117	0.7339314	0.627288	0.372712	0.6929355
5766	-1172.94	-1299.061	126.1216	1.492054	0.5930544	0.633803	0.366197	0.9556824
5772	-1169.452	-1296.315	126.8628	1.340958	0.3327415	0.54723	0.45277	0.8055036
5778	-1182.652	-1308.71	126.0588	1.585638	0.6662052	0.468329	0.531671	0.7999735
5784	-1181.044	-1307.316	126.2728	1.500192	0.5912604	0.580074	0.419926	0.7680906
5790	-1177.967	-1304.194	126.2265	1.347178	0.5450016	0.455818	0.544182	1.067063
5796	-1167.732	-1294.134	126.4016	1.42709	0.4510614	0.388484	0.611516	0.9697738
5802	-1167.8	-1294.229	126.429	1.174052	0.3795557	0.444602	0.555398	1.294091
5808	-1164.971	-1291.627	126.6557	1.166618	0.3733268	0.42543	0.57457	1.117275
5814	-1163.167	-1289.35	126.1837	1.011682	0.3733268	0.42543	0.57457	1.614937
5820	-1160.504	-1286.707	126.2027	1.117899	0.3943791	0.420641	0.579359	1.491839
5826	-1167.539	-1293.629	126.0904	0.9983528	0.3631351	0.480101	0.519899	1.7061
5832	-1167.795	-1293.008	125.2126	0.9224635	0.4845164	0.639343	0.360657	2.19634
5838	-1166.624	-1293.022	126.3972	0.8695135	0.293364	0.536766	0.463234	1.688835
5844	-1157.506	-1282.785	125.2788	0.808736	0.4591189	0.442329	0.557671	2.255191
5850	-1166.601	-1292.43	125.8284	0.7525635	0.3109364	0.566035	0.433965	2.126571
5856	-1160.351	-1285.542	125.1912	0.9534811	0.5447152	0.334548	0.665452	2.126571
5862	-1170.319	-1296.105	125.7857	1.07236	0.5542185	0.581942	0.418058	1.629409
5868	-1182.705	-1308.436	125.731	1.19651	0.6521521	0.525159	0.474841	1.473302
5874	-1171.758	-1297.689	125.9311	1.027353	0.5434161	0.409688	0.590312	1.568565
5880	-1166.745	-1292.142	125.3975	0.8718705	0.3305986	0.383736	0.616264	2.299531
5886	-1164.74	-1290.345	125.6047	0.8777926	0.2711969	0.589828	0.410172	2.251594
5892	-1164.773	-1290.728	125.9554	0.8083035	0.3178828	0.305327	0.694673	1.995579
5898	-1165.028	-1290.294	125.2661	0.9660393	0.6193619	0.375948	0.624052	1.995579
5904	-1164.337	-1289.486	125.1492	0.9879217	0.4670995	0.548466	0.451534	2.214271
5910	-1171.706	-1296.659	124.9528	0.6930762	0.5139015	0.379411	0.620589	2.476656
5916	-1168.153	-1292.944	124.7912	0.788876	0.5556471	0.408027	0.591973	2.476656
5922	-1181.768	-1307.222	125.4545	0.9555971	0.308286	0.526173	0.473827	2.241324
5928	-1173.098	-1298.686	125.5883	0.6981411	0.3863373	0.538381	0.461619	2.214223
5934	-1170.975	-1296.974	125.9988	0.8402498	0.3758673	0.430828	0.569172	1.861631
5940	-1174.41	-1300.432	126.0222	0.8339777	0.3770715	0.444337	0.555663	1.848212
5946	-1172.424	-1298.346	125.9223	1.0922	0.3770715	0.389879	0.610121	1.738449
5952	-1168.761	-1295.074	126.3125	1.025586	0.3150752	0.500325	0.499675	1.601577
5958	-1174.001	-1300.117	126.116	0.9776958	0.4360602	0.37946	0.62054	1.601577
5964	-1165.766	-1291.695	125.9287	0.9777748	0.4360602	0.5368	0.4632	1.735315
5970	-1185.006	-1310.995	125.9887	0.9090422	0.3873956	0.581658	0.418342	1.805482
5976	-1174.66	-1301.05	126.3895	0.8782175	0.3873956	0.477468	0.522532	1.541431
5982	-1181.192	-1306.527	125.3358	0.784883	0.4042029	0.46877	0.53123	2.298429
5988	-1179.736	-1305.487	125.7502	0.9551814	0.4021782	0.488432	0.511568	1.917384
5994	-1172.877	-1298.915	126.0383	0.9589855	0.4661847	0.52349	0.47651	1.632672
6000	-1179.383	-1305.656	126.2727	1.034671	0.2552737	0.715792	0.284208	1.726599
6006	-1174.237	-1299.767	125.5297	1.01647	0.5349464	0.580125	0.419875	1.868903
6012	-1170.47	-1296.165	125.6948	0.9779514	0.4588563	0.630245	0.369755	1.868903
6018	-1180.801	-1306.589	125.7878	0.8901488	0.4559008	0.511778	0.488222	1.868903
6024	-1176.212	-1301.882	125.6696	0.6912072	0.3679283	0.437206	0.562794	2.190017
6030	-1175.703	-1301.605	125.9025	0.6964896	0.2927469	0.482035	0.517965	2.142377
6036	-1177.629	-1303.361	125.7321	0.6914195	0.4025647	0.482035	0.517965	2.104473
6042	-1177.886	-1303.537	125.6511	1.04562	0.4025647	0.482035	0.517965	1.92268
6048	-1181.98	-1307.329	125.3488	1.014488	0.3837576	0.585885	0.414115	2.167766
6054	-1186.349	-1312.386	126.0367	0.9627397	0.4263724	0.44813	0.55187	1.682142
6060	-1182.665	-1308.924	126.2593	1.169308	0.4263724	0.369189	0.630811	1.361992
6066	-1169.49	-1295.755	126.2647	1.365339	0.4106089	0.372576	0.627424	1.22164
6072	-1169.74	-1296.081	126.3415	1.47928	0.4762476	0.393029	0.606971	0.9318172
6078	-1173.524	-1299.845	126.3216	1.330362	0.4653163	0.550115	0.449885	1.115709
6084	-1170.105	-1296.677	126.5725	1.243554	0.3772832	0.474824	0.525176	1.115709
6090	-1177.962	-1304.491	126.5288	1.275073	0.4217716	0.542615	0.457385	1.047163
6096	-1172.385	-1298.737	126.3524	1.344323	0.4319772	0.450482	0.549518	1.128974
6102	-1172.192	-1298.617	126.425	1.129821	0.3096836	0.595881	0.404119	1.449346
6108	-1167.157	-1293.734	126.5772	1.400516	0.3915478	0.476524	0.523476	0.9294479
6114	-1177.23	-1303.929	126.6989	1.482662	0.3675468	0.422446	0.577554	0.7322971
6120	-1166.722	-1293.232	126.5093	1.554784	0.4460481	0.422446	0.577554	0.6763872
6126	-1174.971	-1301.674	126.703	1.618613	0.2940366	0.623876	0.376124	0.763981
6132	-1168.688	-1295.106	126.4184	1.557137	0.4660019	0.535296	0.464704	0.763981
6138	-1169.812	-1296.048	126.2356	1.390625	0.6509989	0.626889	0.373111	0.8493373
6144	-1179.324	-1305.669	126.3456	1.381296	0.430007	0.590388	0.409612	1.104837
6150	-1173.413	-1299.922	126.5088	1.157345	0.3795876	0.506262	0.493738	1.241924
6156	-1173.56	-1299.791	126.231	1.166041	0.3795876	0.515645	0.484355	1.456023
6162	-1174.213	-1300.685	126.4722	1.047885	0.387901	0.515645	0.484355	1.347554
6168	-1173.382	-1299.067	125.6857	0.9004098	0.4658374	0.572467	0.427533	1.919462
6174	-1183.128	-1308.444	125.3157	1.105202	0.7074044	0.47068	0.52932	1.786185
6180	-1179.992	-1306.122	126.1296	1.037188	0.3355031	0.47068	0.52932	1.692078
6186	-1176.451	-1302.443	125.9923	0.9839202	0.3931573	0.527302	0.472698	1.743027
6192	-1167.93	-1294.303	126.3735	1.078036	0.3425032	0.498952	0.501048	1.472771
6198	-1170.574	-1296.551	125.9764	1.278819	0.6582833	0.509731	0.490269	1.204558
6204	-1164.385	-1290.811	126.4264	1.366485	0.3796079	0.580498	0.419502	1.132406
6210	-1174.873	-1301.438	126.565	1.159042	0.3434151	0.431066	0.568934	1.255887
6216	-1181.472	-1307.997	126.5249	1.23466	0.3434151	0.459639	0.540361	1.226209
6222	-1179.97	-1306.327	126.3564	1.28781	0.3434151	0.49188	0.50812	1.32118
6228	-1181.748	-1308.554	126.806	1.170089	0.269653	0.414231	0.585769	1.186312
6234	-1178.805	-1304.104	125.2995	1.067261	0.4987245	0.414231	0.585769	2.028983
6240	-1182.854	-1309.407	126.5536	1.21079	0.3888069	0.461661	0.538339	1.141532
6246	-1183.139	-1308.698	125.5592	1.441576	0.6484475	0.419194	0.580806	1.421256
6252	-1183.394	-1309.789	126.3947	1.310641	0.2886741	0.564843	0.435157	1.370756
6258	-1177.063	-1303.582	126.5199	1.121267	0.3786739	0.477718	0.522282	1.264294
6264	-1168.919	-1295.176	126.2576	1.218719	0.3400153	0.458633	0.541367	1.458023
6270	-1177.466	-1303.699	126.2337	1.180384	0.3698066	0.513388	0.486612	1.458023
6276	-1178.522	-1304.82	126.2981	1.143911	0.3785697	0.513388	0.486612	1.423105
6282	-1173.017	-1299.003	125.9861	1.137703	0.4882333	0.366549	0.633451	1.512223
6288	-1164.612	-1290.917	126.3042	1.126189	0.3888205	0.466221	0.533779	1.416434
6294	-1171.485	-1297.032	125.5474	1.112654	0.7201942	0.584502	0.415498	1.60487
6300	-1162.112	-1288.261	126.1496	1.027906	0.4120998	0.439796	0.560204	1.572831
6306	-1173.81	-1299.953	126.1426	1.237453	0.5046901	0.414972	0.585028	1.291605
6312	-1166.775	-1293.199	126.4244	1.303123	0.5342168	0.513748	0.486252	0.9296713
6318	-1173.796	-1300.134	126.3378	1.140847	0.2932551	0.43896	0.56104	1.535373
6324	-1168.004	-1293.955	125.9512	1.002397	0.2221164	0.468584	0.531416	2.028706
6330	-1175.308	-1301.081	125.7726	1.182849	0.4092463	0.347289	0.652711	1.735883
6336	-1173.669	-1299.528	125.8586	1.121565	0.3963566	0.648123	0.351877	1.735883
6342	-1176.518	-1302.4	125.8822	1.066679	0.4126963	0.556094	0.443906	1.735883
6348	-1167.383	-1293.825	126.4422	1.358163	0.4087386	0.444112	0.555888	1.07366
6354	-1169.687	-1296.24	126.5533	1.320745	0.3711853	0.516354	0.483646	1.07366
6360	-1182.579	-1308.774	126.1957	1.3359	0.5557262	0.524617	0.475383	1.090869
6366	-1173.95	-1300.265	126.3149	1.137047	0.4003793	0.475396	0.524604	1.38216
6372	-1177.331	-1303.809	126.4777	1.465003	0.3247192	0.475396	0.524604	1.101136
6378	-1168.177	-1294.871	126.694	1.241698	0.3279118	0.440873	0.559127	1.101136
6384	-1171.333	-1298.048	126.7148	1.272076	0.3251537	0.471535	0.528465	1.059175
6390	-1180.275	-1306.593	126.3186	1.253153	0.4639362	0.395154	0.604846	1.188683
6396	-1182.706	-1309.021	126.3152	1.187867	0.3301353	0.535541	0.464459	1.453954
6402	-1176.364	-1302.596	126.2327	1.151057	0.3876504	0.494506	0.505494	1.453954
6408	-1178.891	-1305.063	126.172	1.021703	0.5251777	0.523264	0.476736	1.413154
6414	-1178.035	-1304.504	126.4686	1.050103	0.3577913	0.579017	0.420983	1.39655
6420	-1174.343	-1300.182	125.8394	1.050103	0.519007	0.508342	0.491658	1.646669
6426	-1183.31	-1309.708	126.3981	0.9171043	0.2978422	0.462374	0.537626	1.646669
6432	-1183.598	-1310.368	126.77	1.181594	0.2786925	0.375144	0.624856	1.188205
6438	-1167.343	-1293.631	126.2879	1.000058	0.3258685	0.497073	0.502927	1.620406
6444	-1162.65	-1288.829	126.1787	0.9874841	0.446869	0.498181	0.501819	1.534045
6450	-1168.639	-1294.879	126.2398	1.176973	0.3295925	0.498181	0.501819	1.519904
6456	-1164.061	-1290.486	126.4251	1.254348	0.4186211	0.54202	0.45798	1.16612
6462	-1172.118	-1298.577	126.4587	1.290705	0.4564201	0.550876	0.449124	1.039302
6468	-1180.326	-1306.555	126.2295	1.334487	0.5422877	0.548528	0.451472	1.080131
6474	-1165.683	-1291.749	126.0658	1.532369	0.6564893	0.495843	0.504157	0.8738599
6480	-1168.546	-1294.374	125.8282	1.563589	0.7042464	0.512836	0.487164	1.025163
6486	-1172.253	-1298.79	126.5368	1.684875	0.3752345	0.486613	0.513387	0.6259522
6492	-1169.978	-1296.616	126.6374	1.363689	0.324135	0.417218	0.582782	1.047778
6498	-1177.228	-1303.687	126.4586	1.324013	0.2577262	0.443235	0.556765	1.370244
6504	-1175.368	-1301.867	126.4983	1.246602	0.2697113	0.50696	0.49304	1.376026
6510	-1177.288	-1302.767	125.4787	1.340848	0.8451776	0.402823	0.597177	1.371534
6516	-1176.293	-1301.771	125.4776	1.422032	0.9706059	0.480808	0.519192	1.195185
6522	-1177.546	-1303.087	125.5416	1.585023	1.002341	0.560992	0.439008	0.9518577
6528	-1168.68	-1294.345	125.6658	1.583869	0.884593	0.422281	0.577719	0.9518577
6534	-1172.506	-1299.452	126.946	1.64003	0.1571121	0.553788	0.446212	0.9147299
6540	-1174.914	-1301.524	126.61	1.490574	0.4048922	0.454088	0.545912	0.7434575
6546	-1161.637	-1287.968	126.3318	1.506153	0.550185	0.473619	0.526381	0.7636643
6552	-1170.962	-1297.615	126.6536	1.556318	0.345147	0.419638	0.580362	0.7599043
6558	-1164.002	-1290.464	126.4628	1.439634	0.4796926	0.612143	0.387857	0.8304802
6564	-1166.556	-1292.989	126.4332	1.650386	0.4583068	0.469551	0.530449	0.571651
6570	-1168.145	-1294.427	126.2823	1.768425	0.4827022	0.465705	0.534295	0.5099621
6576	-1170.226	-1296.829	126.6029	1.699282	0.3347686	0.500459	0.499541	0.6357682
6582	-1169.562	-1295.957	126.3954	1.565281	0.5183509	0.460808	0.539192	0.6357682
6588	-1166.389	-1292.497	126.108	1.768483	0.5617397	0.572555	0.427445	0.6703851
6594	-1172.875	-1298.782	125.9063	1.714738	0.7069823	0.388086	0.611914	0.7574192
6600	-1195.878	-1321.725	125.8474	1.078868	0.7575979	0.455693	0.544307	1.368857
6606	-1180.996	-1306.204	125.2087	1.099056	0.7575979	0.500346	0.499654	1.820704
6612	-1185.103	-1311.037	125.9337	0.9126125	0.4025325	0.401197	0.598803	1.820704
6618	-1184.999	-1310.76	125.761	0.9971241	0.4502559	0.401197	0.598803	1.820704
6624	-1181.031	-1306.921	125.8906	1.114334	0.4502559	0.572802	0.427198	1.647253
6630	-1187.145	-1313.482	126.3368	1.19379	0.3701466	0.60907	0.39093	1.367302
6636	-1187.943	-1314.255	126.3112	1.007898	0.4747039	0.367092	0.632908	1.380533
6642	-1178.085	-1304.444	126.3598	1.230188	0.5196737	0.535797	0.464203	1.089278
6648	-1178.163	-1304.65	126.4869	1.373379	0.4614925	0.547024	0.452976	0.9166034
6654	-1167.275	-1293.503	126.228	1.49695	0.61675	0.403628	0.596372	0.7837911
6660	-1180.858	-1307.6	126.7419	1.343694	0.3117854	0.431681	0.568319	0.9920652
6666	-1173.881	-1300.495	126.6139	1.171403	0.3473754	0.496007	0.503993	1.197106
6672	-1173.3	-1298.937	125.637	0.9125897	0.3685181	0.496007	0.503993	2.065834
6678	-1178.91	-1304.4	125.49	0.8663671	0.3047606	0.567035	0.432965	2.281004
6684	-1180.465	-1306.728	126.2636	1.474599	0.4807924	0.423077	0.576923	1.009093
6690	-1174.677	-1300.897	126.2201	1.248215	0.5504263	0.388957	0.611043	1.15525
6696	-1177.987	-1304.717	126.7306	1.393955	0.3036869	0.439908	0.560092	0.9712245
6702	-1169.843	-1296.24	126.3965	1.216861	0.4223842	0.439908	0.560092	1.217001
6708	-1173.035	-1299.091	126.0559	1.351815	0.4949893	0.435698	0.564302	1.282101
6714	-1176.051	-1301.967	125.9167	1.48063	0.8407616	0.49719	0.50281	0.8400211
6720	-1164.483	-1290.899	126.4154	1.218929	0.4602741	0.456903	0.543097	1.139412
6726	-1163.453	-1289.551	126.0977	1.255286	0.6414836	0.435639	0.564361	1.139412
6732	-1171.563	-1297.379	125.8157	0.9302259	0.5523579	0.522063	0.477937	1.711442
6738	-1162.045	-1287.476	125.4305	0.8374539	0.3710991	0.537628	0.462372	2.245794
6744	-1172.374	-1297.707	125.3329	0.8399295	0.5230972	0.504342	0.495658	2.130552
6750	-1162.014	-1287.468	125.4545	1.078395	0.3297111	0.453941	0.546059	2.130552
6756	-1169.625	-1295.707	126.0824	0.8497484	0.3013489	0.453941	0.546059	1.907694
6762	-1176.735	-1302.779	126.0436	1.019138	0.2956572	0.53561	0.46439	1.827586
6768	-1179.225	-1305.524	126.2982	1.054827	0.2848978	0.537829	0.462171	1.641602
6774	-1169.058	-1294.978	125.9201	0.9755041	0.483336	0.537829	0.462171	1.684398
6780	-1164	-1289.94	125.9409	0.9730029	0.5231743	0.497778	0.502222	1.624239
6786	-1167.227	-1293.007	125.7805	1.015098	0.6008361	0.440539	0.559461	1.624239
6792	-1168.574	-1294.362	125.7881	0.9961404	0.5328733	0.491078	0.508922	1.705912
6798	-1168.964	-1295.431	126.4672	0.9961404	0.3311332	0.512343	0.487657	1.48247
6804	-1164.61	-1291.273	126.6628	0.9961404	0.3219428	0.491414	0.508586	1.346779
6810	-1167.745	-1293.723	125.9773	1.038092	0.5277374	0.488972	0.511028	1.544761
6816	-1163.96	-1290.28	126.3202	1.14564	0.4224306	0.450573	0.549427	1.338186
6822	-1161.778	-1287.962	126.1835	1.213041	0.3314364	0.419548	0.580452	1.531935
6828	-1190.227	-1316.375	126.1478	1.057538	0.5623313	0.530097	0.469903	1.358688
6834	-1169.888	-1296.255	126.3677	1.048777	0.4352393	0.426097	0.573903	1.358688
6840	-1171.859	-1297.966	126.1074	1.249493	0.5761213	0.460527	0.539473	1.217783
6846	-1163.181	-1289.567	126.3862	1.370256	0.3649478	0.485005	0.514995	1.19044
6852	-1166.237	-1292.174	125.9371	1.316609	0.5452065	0.366201	0.633799	1.341249
6858	-1165.821	-1291.99	126.1692	1.274632	0.4906387	0.464403	0.535597	1.258327
6864	-1172.224	-1299.121	126.8968	1.249944	0.2193769	0.439787	0.560213	1.153825
6870	-1175.149	-1302.038	126.8885	1.358808	0.2193769	0.488184	0.511816	1.062124
6876	-1185.165	-1311.97	126.8046	1.472577	0.3316602	0.433911	0.566089	0.6991277
6882	-1174.922	-1301.599	126.6766	1.648928	0.3069367	0.478079	0.521921	0.7112878
6888	-1176.242	-1302.648	126.4063	1.650743	0.4436163	0.497678	0.502322	0.6973416
6894	-1181.148	-1307.593	126.4454	1.650743	0.4436163	0.497678	0.502322	0.614772
6900	-1181.44	-1307.489	126.0493	1.604695	0.7213948	0.486312	0.513688	0.6714527
6906	-1183.017	-1309.772	126.7546	1.445146	0.3659482	0.455219	0.544781	0.7078002
6912	-1189.712	-1315.096	125.3831	0.7381801	0.4611001	0.530229	0.469771	2.231231
6918	-1176.021	-1301.807	125.7857	0.6728947	0.4097286	0.510534	0.489466	2.072416
6924	-1172.965	-1298.783	125.8182	0.9541714	0.3516175	0.457534	0.542466	1.940638
6930	-1176.554	-1302.855	126.3008	0.9541714	0.314145	0.457534	0.542466	1.662982
6936	-1169.63	-1296.156	126.526	1.060241	0.3372803	0.466145	0.533855	1.377649
6942	-1169.231	-1295.645	126.4146	1.234638	0.4306641	0.45057	0.54943	1.173006
6948	-1168.434	-1294.58	126.1465	1.190388	0.3642152	0.480253	0.519747	1.52473
6954	-1160.984	-1287.304	126.3195	1.220671	0.3642152	0.597539	0.402461	1.369311
6960	-1171.705	-1298.408	126.7029	1.117627	0.3454039	0.529684	0.470316	1.17021
6966	-1159.581	-1285.974	126.3927	1.06639	0.358987	0.529684	0.470316	1.440601
6972	-1163.226	-1288.991	125.7647	1.018264	0.4689383	0.465887	0.534113	1.780886
6978	-1165.727	-1292.275	126.548	1.109777	0.4417377	0.470156	0.529844	1.147869
6984	-1177.697	-1304.271	126.5742	1.083575	0.4417377	0.466639	0.533361	1.147869
6990	-1172.642	-1298.802	126.1601	1.254655	0.4417377	0.577873	0.422127	1.350736
6996	-1170.113	-1296.117	126.0043	1.21578	0.5204217	0.495513	0.504487	1.398617
7002	-1174.152	-1300.443	126.2911	1.200574	0.3786741	0.567979	0.432021	1.384429
7008	-1171.649	-1297.823	126.1736	1.142527	0.3433459	0.567979	0.432021	1.572283
7014	-1168.932	-1295.449	126.5177	1.563459	0.4214992	0.523163	0.476837	0.7247922
7020	-1170.034	-1296.508	126.4741	1.249598	0.42163	0.439971	0.560029	1.12186
7026	-1171.733	-1297.433	125.7006	1.13924	0.653653	0.439971	0.560029	1.537425
7032	-1162.303	-1288.628	126.3248	1.304944	0.3689746	0.439971	0.560029	1.289764
7038	-1170.763	-1296.878	126.1151	1.27122	0.4455051	0.445229	0.554771	1.367851
7044	-1188.941	-1315.136	126.1951	1.257058	0.7317908	0.544372	0.455628	0.927094
7050	-1165.5	-1291.881	126.3817	1.416948	0.4919303	0.561391	0.438609	0.927094
7056	-1170.669	-1296.749	126.0799	1.428096	0.5766916	0.425903	0.574097	1.083326
7062	-1164.237	-1290.568	126.3311	1.594001	0.4565854	0.517506	0.482494	0.8518036
7068	-1168.974	-1294.903	125.9294	1.630925	0.7243655	0.527634	0.472366	0.8104909
7074	-1167.745	-1294.013	126.2685	1.583606	0.5019582	0.358732	0.641268	0.8465804
7080	-1171.812	-1298.062	126.2503	1.564462	0.41958	0.473816	0.526184	1.040612
7086	-1161.628	-1288.052	126.4236	1.669899	0.4251568	0.473816	0.526184	0.692329
7092	-1177.851	-1303.976	126.1246	1.693488	0.592966	0.475664	0.524336	0.692329
7098	-1181.748	-1308.373	126.6253	1.778552	0.2942944	0.524741	0.475259	0.6101566
7104	-1170.984	-1297.688	126.7041	1.637045	0.2893824	0.482657	0.517343	0.7514022
7110	-1171.665	-1297.713	126.0481	1.698715	0.5913988	0.48526	0.51474	0.803801
7116	-1163.149	-1289.595	126.4454	1.288	0.4227395	0.52097	0.47903	1.111134
7122	-1171.328	-1297.613	126.2846	1.366454	0.5105759	0.547022	0.452978	1.045706
7128	-1188.397	-1315.106	126.7097	1.204443	0.3134428	0.568211	0.431789	1.149538
7134	-1184.993	-1311.49	126.4972	1.258192	0.4134779	0.317098	0.682902	1.106905
7140	-1181.189	-1307.136	125.9472	1.204156	0.4938009	0.58633	0.41367	1.484588
7146	-1179.716	-1305.534	125.8175	1.184039	0.5895072	0.551292	0.448708	1.484588
7152	-1178.314	-1304.5	126.186	1.184039	0.4634255	0.551292	0.448708	1.355721
7158	-1173.581	-1299.624	126.0433	1.436901	0.527752	0.52184	0.47816	1.176006
7164	-1173.541	-1300.049	126.5081	1.56032	0.4568151	0.46637	0.53363	0.6257126
7170	-1177.287	-1304.002	126.7149	1.512843	0.3248636	0.440154	0.559846	0.7965243
7176	-1171.306	-1298.1	126.7943	1.512843	0.3314852	0.379328	0.620672	0.6408052
7182	-1176.389	-1302.594	126.2049	1.725822	0.5560994	0.379328	0.620672	0.4695991
7188	-1175.797	-1302.178	126.3804	1.635208	0.4934294	0.519319	0.480681	0.5987567
7194	-1167.684	-1294.353	126.6689	1.605721	0.3590643	0.519319	0.480681	0.56313
7200	-1160.307	-1286.825	126.5182	1.36831	0.3962332	0.607252	0.392748	1.013979
7206	-1167.24	-1293.105	125.8653	1.434508	0.7250807	0.537756	0.462244	1.087111
7212	-1170.712	-1296.543	125.8306	1.153651	0.6736347	0.504785	0.495215	1.407586
7218	-1160.094	-1285.837	125.7429	0.9982007	0.5017216	0.464475	0.535525	1.771492
7224	-1166.007	-1292.312	126.3052	0.9095725	0.330704	0.45701	0.54299	1.665353
7230	-1163.473	-1289.635	126.1617	1.163131	0.317873	0.464596	0.535404	1.606585
7236	-1160.044	-1286.233	126.189	1.254663	0.3806492	0.530301	0.469699	1.41868
7242	-1160.777	-1286.745	125.9679	1.223597	0.5877906	0.488966	0.511034	1.33943
7248	-1172.535	-1298.93	126.3955	1.223597	0.3612949	0.410831	0.589169	1.311123
7254	-1173.504	-1298.775	125.2709	1.094832	0.477048	0.393579	0.606421	2.053829
7260	-1169.772	-1295.775	126.0036	1.125815	0.4781437	0.540431	0.459569	1.520775
7266	-1166.525	-1292.519	125.994	1.099128	0.3493607	0.576772	0.423228	1.723209
7272	-1168.985	-1295.701	126.716	1.155739	0.3397931	0.570309	0.429691	1.135612
7278	-1162.848	-1288.719	125.8705	1.168742	0.5276546	0.404435	0.595565	1.527191
7284	-1169.892	-1296.132	126.2401	0.9685008	0.3364461	0.554148	0.445852	1.660849
7290	-1172.699	-1298.763	126.0638	0.9179523	0.3759335	0.477541	0.522459	1.762952
7296	-1181.32	-1307.31	125.9904	0.8634489	0.4191603	0.520978	0.479022	1.793695
7302	-1181.817	-1307.866	126.0489	1.034593	0.4823548	0.48372	0.51628	1.549551
7308	-1185.109	-1310.98	125.8716	1.03359	0.4823548	0.559822	0.440178	1.678766
7314	-1176.566	-1302.571	126.0053	1.07465	0.3992269	0.559822	0.440178	1.661238
7320	-1167.635	-1294.441	126.8052	1.161935	0.2736848	0.506826	0.493174	1.185435
7326	-1176.473	-1302.628	126.1551	1.047828	0.2868162	0.469553	0.530447	1.744813
7332	-1173.317	-1299.199	125.8816	0.9245902	0.3632337	0.45359	0.54641	1.901484
7338	-1167.702	-1294.115	126.4132	0.9818352	0.3321238	0.520659	0.479341	1.531968
7344	-1169.088	-1295.046	125.9573	1.062447	0.3812498	0.512478	0.487522	1.728887
7350	-1173.004	-1298.924	125.9201	0.996202	0.3704018	0.459466	0.540534	1.816169
7356	-1164.787	-1291.335	126.5477	1.358856	0.4487309	0.511579	0.488421	0.8900263
7362	-1175.203	-1300.716	125.5121	1.353238	0.8311542	0.595881	0.404119	1.347949
7368	-1163.578	-1289.705	126.1277	1.009297	0.3751729	0.432797	0.567203	1.654279
7374	-1163.274	-1289.578	126.304	1.102587	0.4281645	0.53842	0.46158	1.376722
7380	-1165.606	-1292.014	126.4085	1.264369	0.3944672	0.56441	0.43559	1.211529
7386	-1181.815	-1307.793	125.9773	1.473856	0.5880138	0.565656	0.434344	1.119903
7392	-1177.379	-1304.008	126.6291	1.146084	0.4469407	0.439477	0.560523	1.030622
7398	-1174.326	-1300.484	126.1587	1.587336	0.6278752	0.606493	0.393507	0.7293566
7404	-1182.219	-1308.893	126.6745	1.587336	0.3258506	0.643085	0.356915	0.7449382
7410	-1179.446	-1306.085	126.639	1.646041	0.3398364	0.643085	0.356915	0.6496677
7416	-1174.076	-1300.618	126.5422	1.570997	0.3648698	0.643085	0.356915	0.8345489
7422	-1177.27	-1303.506	126.2368	1.674308	0.5255634	0.536425	0.463575	0.7099406
7428	-1170.647	-1296.766	126.1181	1.816154	0.5252845	0.530015	0.469985	0.6685085
7434	-1171.147	-1297.955	126.8081	1.617875	0.2730221	0.389371	0.610629	0.6760357
7440	-1163.203	-1289.349	126.1457	1.648646	0.4663026	0.428565	0.571435	0.9775179
7446	-1168.238	-1294.575	126.3368	1.515892	0.4651312	0.525564	0.474436	0.9178923
7452	-1180.236	-1307.124	126.8883	1.456402	0.2320252	0.571799	0.428201	0.9287647
7458	-1176.456	-1302.588	126.1317	1.416345	0.5200773	0.433289	0.566711	1.126853
7464	-1182.65	-1309.181	126.5309	1.195319	0.5271918	0.433289	0.566711	0.9430259
7470	-1181.363	-1307.531	126.1678	1.186458	0.4964911	0.423339	0.576661	1.323423
7476	-1182.579	-1308.614	126.0343	1.215452	0.4959734	0.580179	0.419821	1.406611
7482	-1173.203	-1299.643	126.4396	1.215452	0.4716981	0.577256	0.422744	1.102809
7488	-1183.875	-1310.112	126.2372	1.351975	0.4716981	0.492716	0.507284	1.161818
7494	-1171.265	-1297.456	126.1907	1.227112	0.4592926	0.587226	0.412774	1.323417
7500	-1160.964	-1287.48	126.5161	1.271394	0.4592926	0.359673	0.640327	0.996865
7506	-1165.338	-1292.13	126.7916	1.364626	0.3088472	0.566893	0.433107	0.9251969
7512	-1171.673	-1297.609	125.9356	1.448894	0.788442	0.566893	0.433107	0.9251969
7518	-1167.266	-1293.937	126.6714	1.236992	0.3447924	0.458824	0.541176	1.092622
7524	-1182.825	-1308.775	125.9496	1.19654	0.5856155	0.525951	0.474049	1.377842
7530	-1170.524	-1296.657	126.1329	1.096717	0.5107174	0.475187	0.524813	1.403423
7536	-1168.716	-1295.172	126.4563	1.200379	0.417326	0.580515	0.419485	1.188048
7542	-1171.454	-1297.842	126.3889	1.069164	0.428267	0.483062	0.516938	1.33578
7548	-1171.264	-1296.865	125.6007	1.077915	0.4514581	0.534365	0.465635	1.873799
7554	-1172.381	-1298.607	126.2262	0.9868388	0.269955	0.563131	0.436869	1.766564
7560	-1179.427	-1305.729	126.302	0.9625574	0.3020459	0.52121	0.47879	1.675904
7566	-1174.282	-1299.719	125.4369	0.7126667	0.4117466	0.494819	0.505181	2.270749
7572	-1173.563	-1299.722	126.159	0.9182587	0.3251533	0.439802	0.560198	1.770991
7578	-1175.239	-1300.893	125.6546	0.954577	0.5867499	0.439802	0.560198	1.770991
7584	-1179.55	-1305.832	126.2822	1.543805	0.5334584	0.597977	0.402023	0.8155264
7590	-1190.513	-1315.939	125.4267	1.003139	0.6539194	0.521163	0.478837	1.82907
7596	-1170.797	-1296.578	125.7814	1.057166	0.4080718	0.521163	0.478837	1.818724
7602	-1175.658	-1301.474	125.8155	1.057166	0.655825	0.430923	0.569077	1.510782
7608	-1173	-1299.311	126.3102	1.266977	0.3052096	0.43002	0.56998	1.440106
7614	-1174.74	-1300.191	125.4505	1.05444	0.3909919	0.59262	0.40738	2.065686
7620	-1180.771	-1306.372	125.6006	1.080258	0.560687	0.473075	0.526925	1.748244
7626	-1174.011	-1300.213	126.2018	1.009474	0.2813298	0.514539	0.485461	1.748244
7632	-1175.751	-1301.157	125.406	1.023708	0.5221758	0.573875	0.426125	1.961459
7638	-1183.439	-1308.838	125.3987	0.8236478	0.6519158	0.606771	0.393229	1.971786
7644	-1178.092	-1303.953	125.8604	0.7530768	0.4079319	0.549506	0.450494	1.971786
7650	-1171.155	-1297.026	125.8709	0.8899976	0.4027621	0.549506	0.450494	1.87894
7656	-1169.363	-1294.885	125.5226	0.8915993	0.5838137	0.549506	0.450494	1.907887
7662	-1167.649	-1293.86	126.211	1.173678	0.3425258	0.457982	0.542018	1.52294
7668	-1172.999	-1299.046	126.0476	1.040007	0.5013732	0.457982	0.542018	1.52294
7674	-1179.373	-1305.581	126.2081	1.411708	0.438073	0.533488	0.466512	1.186855
7680	-1193.648	-1319.682	126.0342	1.062049	0.2864243	0.412799	0.587201	1.819648
7686	-1183.588	-1310.278	126.6906	1.028349	0.3243348	0.443094	0.556906	1.294248
7692	-1172.982	-1299.264	126.2822	1.290739	0.4912604	0.498835	0.501165	1.146895
7698	-1160.875	-1287.044	126.1693	1.358869	0.5821089	0.593502	0.406498	1.056761
7704	-1168.47	-1295.1	126.6304	1.210419	0.3622813	0.534738	0.465262	1.120858
7710	-1166.697	-1292.177	125.4801	1.041134	0.5121508	0.598211	0.401789	1.910727
7716	-1168.358	-1293.61	125.2512	1.041134	0.5121508	0.47374	0.52626	2.06367
7722	-1164.039	-1289.961	125.9215	0.9363912	0.2377014	0.496693	0.503307	2.06367
7728	-1176.928	-1302.613	125.6847	0.7995567	0.4633548	0.438344	0.561656	1.990768
7734	-1174.637	-1300.444	125.8072	0.9654085	0.3171308	0.438344	0.561656	1.990768
7740	-1167.654	-1294.073	126.4186	1.241748	0.2670757	0.433314	0.566686	1.44658
7746	-1175.471	-1302.372	126.9011	1.226082	0.221153	0.510442	0.489558	1.166591
7752	-1181.46	-1307.837	126.3768	1.33552	0.4671469	0.346321	0.653679	1.056867
7758	-1176.345	-1302.592	126.2472	1.285079	0.4223288	0.38856	0.61144	1.284662
7764	-1164.855	-1291.404	126.5489	1.119958	0.332892	0.464965	0.535035	1.31962
7770	-1166.713	-1293.092	126.3795	1.183387	0.4052153	0.464965	0.535035	1.286014
7776	-1176.458	-1302.176	125.7174	1.181178	0.4052153	0.464965	0.535035	1.780926
7782	-1168.629	-1294.647	126.0177	1.181178	0.5999606	0.594633	0.405367	1.319171
7788	-1171.305	-1297.669	126.3646	1.345948	0.3012994	0.404014	0.595986	1.343054
7794	-1170.828	-1297.404	126.5758	1.143607	0.3012994	0.354162	0.645838	1.335994
7800	-1182.032	-1308.706	126.6741	1.269266	0.339375	0.545245	0.454755	1.070873
7806	-1180.293	-1306.591	126.2984	1.291564	0.5320309	0.501792	0.498208	1.070873
7812	-1168.688	-1294.252	125.5638	1.038241	0.4459861	0.557781	0.442219	1.932311
7818	-1165.535	-1291.034	125.4982	0.8824317	0.4459861	0.547101	0.452899	2.079779
7824	-1163.243	-1289.179	125.9363	0.964698	0.3511696	0.516269	0.483731	1.853992
7830	-1169.313	-1295.208	125.8949	0.8695844	0.420158	0.516269	0.483731	1.853992
7836	-1159.515	-1285.516	126.0016	0.9401697	0.3231581	0.516269	0.483731	1.86749
7842	-1165.561	-1291.553	125.9917	1.288777	0.3850353	0.466025	0.533975	1.53548
7848	-1165.603	-1291.432	125.8291	1.414086	0.7711564	0.439736	0.560264	1.086655
7854	-1159.947	-1286.297	126.3501	1.254735	0.4194465	0.433083	0.566917	1.228872
7860	-1167.124	-1293.767	126.6436	1.165989	0.2644317	0.427501	0.572499	1.335284
7866	-1181.16	-1307.794	126.6342	1.561979	0.3308546	0.605926	0.394074	0.8206731
7872	-1174.963	-1301.767	126.8036	1.598517	0.2810002	0.488806	0.511194	0.6841396
7878	-1173.91	-1300.222	126.3115	1.752331	0.4663074	0.488806	0.511194	0.5921997
7884	-1175.546	-1301.672	126.1262	1.752331	0.5873186	0.575599	0.424401	0.5620219
7890	-1178.555	-1305.225	126.6697	1.574382	0.319613	0.54525	0.45475	0.7902713
7896	-1182.611	-1308.806	126.1946	1.269659	0.5316549	0.452387	0.547613	1.18441
7902	-1167.303	-1293.741	126.4377	1.320148	0.3676822	0.463925	0.536075	1.18441
7908	-1177.94	-1303.856	125.9154	1.264125	0.5253687	0.55558	0.44442	1.423878
7914	-1171.676	-1298.145	126.4684	1.264125	0.3585291	0.517425	0.482575	1.222149
7920	-1177.095	-1303.143	126.0488	1.395906	0.5163112	0.482327	0.517673	1.222149
7926	-1173.249	-1299.482	126.2324	1.358434	0.5244842	0.396538	0.603462	1.08131
7932	-1169.495	-1295.559	126.064	1.030806	0.3981743	0.402	0.598	1.652024
7938	-1173.264	-1299.654	126.39	1.074285	0.3555894	0.402	0.598	1.442034
7944	-1165.25	-1291.644	126.3939	1.14561	0.3555894	0.402	0.598	1.38383
7950	-1165.477	-1291.869	126.3925	1.179174	0.4421482	0.402283	0.597717	1.221681
7956	-1183.574	-1309.826	126.2525	1.239769	0.5508645	0.526185	0.473815	1.13341
7962	-1171.429	-1298.039	126.61	1.204134	0.3683458	0.449133	0.550867	1.133683
7968	-1169.091	-1295.538	126.4471	1.304793	0.3997883	0.531705	0.468295	1.133683
7974	-1172.047	-1298.369	126.3216	1.352729	0.4947283	0.525457	0.474543	1.048393
7980	-1171.042	-1297.241	126.1986	1.250603	0.468896	0.554742	0.445258	1.284339
7986	-1170.417	-1296.891	126.4739	1.426423	0.3514299	0.543079	0.456921	1.08717
7992	-1173.903	-1300.438	126.5353	1.213878	0.2680085	0.440371	0.559629	1.376006
7998	-1173.106	-1299.32	126.214	1.180719	0.4971449	0.478898	0.521102	1.289781
8004	-1176.448	-1302.731	126.2828	1.175333	0.4929727	0.507887	0.492113	1.2431
8010	-1169.871	-1295.937	126.0659	1.348017	0.6160322	0.507887	0.492113	1.116846
8016	-1172.273	-1298.711	126.4372	1.43241	0.471789	0.493078	0.506922	0.8859834
8022	-1177.158	-1303.753	126.5953	1.015391	0.4225072	0.493078	0.506922	1.219123
8028	-1178.31	-1304.142	125.8317	0.9426232	0.4658716	0.531202	0.468798	1.790543
8034	-1169.185	-1295.417	126.2316	1.135282	0.4185277	0.265039	0.734961	1.421486
8040	-1168.264	-1294.192	125.9277	1.128701	0.4185277	0.477969	0.522031	1.65181
8046	-1169.439	-1295.717	126.2779	1.162377	0.4185277	0.422821	0.577179	1.364258
8052	-1172.729	-1298.836	126.1072	1.091418	0.4185277	0.697456	0.302544	1.548385
8058	-1157.399	-1283.728	126.3295	1.252475	0.4957449	0.397219	0.602781	1.132177
8064	-1169.039	-1294.346	125.3073	1.053648	0.5477377	0.550882	0.449118	1.980516
8070	-1176.758	-1302.225	125.4669	0.8684312	0.4062876	0.657803	0.342197	2.157428
8076	-1176.102	-1302.503	126.4007	0.821386	0.4641848	0.515114	0.484886	1.469268
8082	-1167.659	-1293.659	126.0004	1.041079	0.4641848	0.500138	0.499862	1.603193
8088	-1173.206	-1299.329	126.1234	1.007026	0.3039462	0.480854	0.519146	1.767336
8094	-1181.584	-1307.332	125.7474	0.9362314	0.4011947	0.402177	0.597823	1.933324
8100	-1170.292	-1295.775	125.4834	1.003123	0.4015724	0.527033	0.472967	2.064313
8106	-1168.234	-1293.619	125.385	0.9026695	0.6137867	0.471014	0.528986	1.963744
8112	-1170.509	-1296.09	125.5808	0.8177031	0.6205944	0.482627	0.517373	1.882338
8118	-1159.609	-1285.446	125.8362	0.9115658	0.4895789	0.428024	0.571976	1.780899
8124	-1170.221	-1295.97	125.7489	1.036838	0.3976252	0.579856	0.420144	1.868748
8130	-1167.844	-1294.189	126.3455	1.163275	0.3545222	0.44133	0.55867	1.409541
8136	-1175.241	-1301.324	126.0837	1.11633	0.3545222	0.555055	0.444945	1.639419
8142	-1175.873	-1302.141	126.2678	1.034678	0.3809608	0.598462	0.401538	1.525152
8148	-1172.306	-1297.473	125.1672	0.9874114	0.6026254	0.47864	0.52136	2.062991
8154	-1158.313	-1284.484	126.1707	1.388194	0.4583382	0.556334	0.443666	1.208134
8160	-1156.222	-1282.1	125.8777	1.447489	0.5678624	0.548673	0.451327	1.254837
8166	-1161.217	-1287.568	126.3517	1.316428	0.3619878	0.433987	0.566013	1.269964
8172	-1157.514	-1283.577	126.0632	1.168831	0.4563248	0.529528	0.470472	1.472164
8178	-1158.174	-1284.316	126.1422	1.174985	0.4085029	0.529528	0.470472	1.473905
8184	-1160.134	-1286.225	126.0908	1.157339	0.4085029	0.591224	0.408776	1.525671
8190	-1161.678	-1287.614	125.9353	0.9851524	0.4299343	0.468379	0.531621	1.733295
8196	-1170.118	-1296.482	126.364	1.259988	0.3249771	0.495097	0.504903	1.369155
8202	-1161.786	-1287.348	125.5611	1.285138	0.523679	0.452951	0.547049	1.672274
8208	-1160.045	-1285.443	125.3977	1.229013	0.6268937	0.524875	0.475125	1.718108
8214	-1169.99	-1296.124	126.1342	1.17634	0.450745	0.537173	0.462827	1.419698
8220	-1173.287	-1299.502	126.2147	1.440379	0.274927	0.359305	0.640695	1.435678
8226	-1172.454	-1298.75	126.2957	1.297182	0.5209251	0.513628	0.486372	1.084746
8232	-1182.231	-1308.792	126.5611	1.321736	0.3864539	0.521157	0.478843	1.036275
8238	-1187.751	-1314.392	126.6418	1.357968	0.3099348	0.472111	0.527889	1.079129
8244	-1186.033	-1312.816	126.7829	1.593679	0.2701488	0.521652	0.478348	0.7682031
8250	-1185.447	-1311.252	125.8047	1.391473	0.6891896	0.406584	0.593416	1.219649
8256	-1166.425	-1292.746	126.3207	1.08116	0.4053658	0.406584	0.593416	1.41372
8262	-1174.999	-1300.235	125.2354	1.459256	0.9093553	0.548565	0.451435	1.41372
8268	-1171.013	-1297.253	126.2403	1.367375	0.4323577	0.49222	0.50778	1.206236
8274	-1169.749	-1296.196	126.4469	1.224271	0.3985333	0.581143	0.418857	1.206236
8280	-1177.047	-1303.284	126.237	1.225701	0.3985333	0.493235	0.506765	1.376484
8286	-1173.494	-1299.593	126.099	1.155934	0.5002118	0.544892	0.455108	1.39709
8292	-1173.335	-1298.984	125.649	0.7101999	0.3374303	0.57275	0.42725	2.232385
8298	-1173	-1298.069	125.0686	0.9256634	0.3542505	0.487573	0.512427	2.441779
8304	-1176.17	-1302.062	125.8917	0.8519881	0.3542505	0.499265	0.500735	1.956248
8310	-1171.842	-1297.267	125.4255	1.08147	0.580105	0.462815	0.537185	1.848429
8316	-1183.399	-1308.569	125.1706	0.9237601	0.5826192	0.463117	0.536883	2.121833
8322	-1167.151	-1292.604	125.4534	0.9394422	0.4047453	0.498594	0.501406	2.121833
8328	-1165.673	-1291.441	125.7684	0.9166635	0.383827	0.473485	0.526515	1.955214
8334	-1171.096	-1296.996	125.8994	0.9983665	0.4315252	0.463419	0.536581	1.747225
8340	-1175.171	-1301.402	126.231	1.095472	0.3491979	0.540809	0.459191	1.555561
8346	-1164.536	-1290.933	126.3965	1.072468	0.3491979	0.576387	0.423613	1.448723
8352	-1167.758	-1293.474	125.7162	1.072468	0.6692443	0.576387	0.423613	1.55961
8358	-1165.39	-1290.682	125.2916	1.155608	0.6172798	0.579711	0.420289	1.852271
8364	-1165.664	-1291.666	126.002	1.070696	0.4448307	0.557843	0.442157	1.605331
8370	-1167.499	-1293.211	125.7116	0.9583416	0.3608943	0.473718	0.526282	1.99634
8376	-1166.603	-1292.643	126.0396	0.8870721	0.3632833	0.473718	0.526282	1.819016
8382	-1177.344	-1303.756	126.4121	1.112296	0.2408109	0.504511	0.495489	1.598556
8388	-1169.283	-1295.448	126.1642	1.077717	0.4371771	0.504511	0.495489	1.490505
8394	-1169.293	-1295.404	126.1112	1.11524	0.5022973	0.513832	0.486168	1.416561
8400	-1165.513	-1291.548	126.0342	1.237942	0.5837978	0.391818	0.608182	1.278937
8406	-1169.205	-1295.512	126.3063	1.255101	0.4322684	0.51519	0.48481	1.245426
8412	-1176.021	-1302.438	126.4168	1.25798	0.3490756	0.46688	0.53312	1.286639
8418	-1169.367	-1295.47	126.1035	1.541459	0.6058698	0.480518	0.519482	0.9015637
8424	-1178.376	-1304.156	125.7803	1.736896	0.8657137	0.498711	0.501289	0.585833
8430	-1178.648	-1304.904	126.2561	1.736896	0.4998175	0.496593	0.503407	0.6308508
8436	-1174.469	-1301.341	126.8716	1.524436	0.2663738	0.543593	0.456407	0.7535143
8442	-1163.302	-1289.896	126.5942	1.571064	0.3515987	0.386768	0.613232	0.8030061
8448	-1168.749	-1295.18	126.4309	1.667101	0.4164912	0.517476	0.482524	0.7125224
8454	-1174.4	-1300.278	125.8776	1.85896	0.6929681	0.482796	0.517204	0.467266
8460	-1177.837	-1303.551	125.7143	1.778051	0.8739882	0.614647	0.385353	0.6300296
8466	-1170.153	-1296.175	126.0228	1.997691	0.4828754	0.507159	0.492841	0.3871341
8472	-1167.721	-1293.721	126.0003	1.928276	0.5554033	0.511843	0.488157	0.4510888
8478	-1173.319	-1299.485	126.1655	1.788775	0.5382107	0.434854	0.565146	0.4468952
8484	-1171.526	-1297.125	125.5985	0.8082143	0.3167506	0.444054	0.555946	2.231127
8490	-1170.466	-1296.502	126.0362	0.8150586	0.3884151	0.477	0.523	1.83618
8496	-1172.307	-1298.726	126.4182	0.9958088	0.4070455	0.557675	0.442325	1.401763
8502	-1169.794	-1296.391	126.597	1.133134	0.3277699	0.416864	0.583136	1.278924
8508	-1158.953	-1285.092	126.1397	1.166282	0.4730501	0.453919	0.546081	1.392978
8514	-1164.82	-1291.12	126.3005	1.147888	0.3950592	0.502703	0.497297	1.392978
8520	-1169.946	-1296.438	126.4917	1.191897	0.3191046	0.502703	0.497297	1.33216
8526	-1175.89	-1302.811	126.9204	1.162639	0.2440375	0.536862	0.463138	1.15043
8532	-1180.511	-1306.551	126.0405	0.9176952	0.4688105	0.504153	0.495847	1.657478
8538	-1163.958	-1290.049	126.091	1.082121	0.3777472	0.451832	0.548168	1.624618
8544	-1183.845	-1309.873	126.0276	1.120401	0.3422996	0.616794	0.383206	1.695065
8550	-1172.365	-1298.431	126.066	0.9667333	0.3267765	0.59354	0.40646	1.799449
8556	-1170.232	-1295.834	125.6022	0.9060714	0.4464359	0.433222	0.566778	1.994714
8562	-1167.954	-1293.889	125.935	0.9213541	0.2788084	0.291868	0.708132	1.994714
8568	-1169.73	-1295.866	126.1355	1.021346	0.3274706	0.291868	0.708132	1.711563
8574	-1173.049	-1299.207	126.1586	0.9982986	0.3274706	0.568918	0.431082	1.711563
8580	-1172.862	-1298.116	125.2542	0.9879209	0.492021	0.568918	0.431082	2.118464
8586	-1174.67	-1300.623	125.9525	1.069903	0.2379232	0.562439	0.437561	1.953747
8592	-1172.605	-1299.275	126.6697	1.536495	0.2670936	0.600516	0.399484	0.9778163
8598	-1178.725	-1305.209	126.484	1.650754	0.4209579	0.621068	0.378932	0.6221569
8604	-1171.462	-1298.07	126.6088	1.650754	0.3567445	0.502123	0.497877	0.6259021
8610	-1185.251	-1311.504	126.2537	1.514001	0.5899276	0.510785	0.489215	0.7783084
8616	-1163.82	-1290.553	126.7334	1.191047	0.3832911	0.59554	0.40446	1.001576
8622	-1160.728	-1287.435	126.707	1.274364	0.3553043	0.576905	0.423095	1.001576
8628	-1166.167	-1292.506	126.339	1.511682	0.4904464	0.544689	0.455311	0.8712001
8634	-1169.46	-1295.825	126.3658	1.592028	0.4622117	0.496321	0.503679	0.7977457
8640	-1169.846	-1296.526	126.6801	1.545242	0.3614556	0.419423	0.580577	0.6784132
8646	-1169.725	-1296.472	126.747	1.579263	0.3349218	0.446201	0.553799	0.5611396
8652	-1175.325	-1301.065	125.7398	1.579263	0.9633962	0.563315	0.436685	0.7681096
8658	-1171.927	-1298.57	126.6431	1.501721	0.3450324	0.452442	0.547558	0.8466545
8664	-1175.856	-1302.064	126.2083	1.506048	0.5495859	0.493007	0.506993	0.9178642
8670	-1176.083	-1302.611	126.5286	1.659617	0.3802508	0.520995	0.479005	0.6766246
8676	-1187.899	-1314.461	126.5619	1.832777	0.3051203	0.481663	0.518337	0.5521143
8682	-1169.913	-1295.895	125.9824	1.555396	0.554415	0.430237	0.569763	1.087015
8688	-1172.917	-1298.799	125.882	1.526232	0.6976944	0.437171	0.562829	1.017375
8694	-1179.044	-1305.102	126.0585	1.353262	0.6174398	0.549419	0.450581	1.116978
8700	-1184.753	-1310.943	126.1893	1.571395	0.5456676	0.498921	0.501079	0.8722435
8706	-1180.825	-1306.659	125.8349	1.422717	0.818217	0.401045	0.598955	1.019757
8712	-1179.03	-1304.803	125.7732	1.513775	0.7932226	0.594875	0.405125	1.019757
8718	-1172.88	-1299.429	126.5484	1.334281	0.3803288	0.470162	0.529838	1.048055
8724	-1169.305	-1295.442	126.1371	1.076873	0.3313972	0.335244	0.664756	1.664855
8730	-1172.489	-1298.975	126.486	1.132418	0.2230494	0.489662	0.510338	1.565326
8736	-1165.138	-1290.696	125.5579	1.004083	0.4780437	0.397371	0.602629	1.921558
8742	-1165.392	-1291.532	126.1399	0.9576636	0.3287016	0.429311	0.570689	1.751328
8748	-1179.33	-1305.056	125.726	0.9320243	0.3287016	0.575251	0.424749	2.049775
8754	-1187.139	-1312.407	125.2679	0.7312126	0.4890229	0.437593	0.562407	2.279025
8760	-1175.691	-1301.129	125.4379	0.784142	0.4518882	0.405962	0.594038	2.176579
8766	-1175.848	-1301.711	125.8625	0.8628867	0.3427395	0.486572	0.513428	1.984783
8772	-1177.157	-1303.137	125.9795	0.7459462	0.3427395	0.439037	0.560963	1.984783
8778	-1175.875	-1301.257	125.3821	0.7643288	0.4353553	0.556864	0.443136	2.244617
8784	-1174.689	-1300.429	125.7398	1.219656	0.66988	0.390886	0.609114	1.430612
8790	-1179.927	-1306.29	126.3624	1.215427	0.422732	0.583724	0.416276	1.246401
8796	-1180.607	-1307.151	126.5438	1.276633	0.3313272	0.521495	0.478505	1.196549
8802	-1173.159	-1299.753	126.5945	1.398129	0.3452681	0.521495	0.478505	1.011369
8808	-1182.803	-1309.519	126.716	1.353657	0.3833454	0.648311	0.351689	0.8423415
8814	-1187.357	-1314.01	126.6533	1.199223	0.333821	0.472235	0.527765	1.163995
8820	-1177.286	-1304.134	126.8486	1.097745	0.342325	0.561548	0.438452	1.06217
8826	-1176.909	-1303.18	126.2714	1.134639	0.3306755	0.408069	0.591931	1.526132
8832	-1173.078	-1299.201	126.1232	1.171125	0.3627845	0.535578	0.464422	1.558381
8838	-1181.393	-1307.75	126.3565	1.024902	0.4716259	0.443351	0.556649	1.335398
8844	-1177.641	-1303.548	125.9068	1.010403	0.3419534	0.4772	0.5228	1.856272
8850	-1174.4	-1300.206	125.8057	0.814595	0.5500931	0.565408	0.434592	1.801748
8856	-1168.623	-1294.501	125.8782	0.8880893	0.4612381	0.489601	0.510399	1.801748
8862	-1172.006	-1298.032	126.026	1.022172	0.4997119	0.456015	0.543985	1.554131
8868	-1169.073	-1295.316	126.2429	1.211562	0.4146625	0.409988	0.590012	1.358768
8874	-1177.588	-1304.179	126.5911	1.086065	0.3212782	0.448049	0.551951	1.333436
8880	-1173.116	-1298.919	125.8029	0.8807401	0.3095935	0.657192	0.342808	2.061111
8886	-1173.946	-1299.578	125.6312	1.042384	0.3870492	0.486645	0.513355	1.958622
8892	-1167.873	-1293.769	125.8959	0.8635885	0.3450665	0.486645	0.513355	1.958622
8898	-1165.633	-1291.77	126.1373	0.89308	0.3349989	0.520179	0.479821	1.788583
8904	-1170.952	-1296.415	125.4622	0.9740564	0.4046091	0.593276	0.406724	2.093527
8910	-1159.78	-1286.09	126.3099	1.081724	0.3600387	0.534993	0.465007	1.490208
8916	-1162.562	-1288.634	126.0725	1.088887	0.5512796	0.489792	0.510208	1.406436
8922	-1173.786	-1299.704	125.9189	0.9819226	0.4213789	0.596283	0.403717	1.758154
8928	-1174.837	-1300.848	126.0108	1.029455	0.5670817	0.616431	0.383569	1.48062
8934	-1175.211	-1300.595	125.3845	1.011769	0.5281646	0.499897	0.500103	1.977497
8940	-1179.894	-1305.574	125.6803	0.8638908	0.4947959	0.505271	0.494729	1.914501
8946	-1169.587	-1295.131	125.544	1.000182	0.4947959	0.570214	0.429786	1.914501
8952	-1179.064	-1304.885	125.8217	1.034905	0.3304097	0.523174	0.476826	1.914501
8958	-1186.553	-1312.997	126.4438	1.21365	0.5932533	0.428583	0.571417	0.9081578
8964	-1185.491	-1311.723	126.2323	1.292171	0.6420892	0.461983	0.538017	0.9757233
8970	-1167.058	-1293.016	125.9575	1.407956	0.727901	0.495081	0.504919	1.02126
8976	-1174.058	-1299.521	125.4631	1.019918	0.4626421	0.495081	0.504919	1.992467
8982	-1176.61	-1302.787	126.1771	1.251935	0.3338247	0.524301	0.475699	1.503803
8988	-1172.156	-1298.563	126.4068	1.251935	0.3623764	0.492042	0.507958	1.277049
8994	-1172.635	-1298.765	126.1292	1.238983	0.4202675	0.418708	0.581292	1.417982
9000	-1180.971	-1306.954	125.9827	1.252374	0.6443897	0.339452	0.660548	1.237793
9006	-1167.082	-1293.273	126.191	1.122665	0.5178329	0.601241	0.398759	1.327974
9012	-1161.194	-1286.823	125.6294	1.134606	0.5479356	0.443633	0.556367	1.7035
9018	-1158.487	-1284.303	125.8155	1.200096	0.5479356	0.385766	0.614234	1.521102
9024	-1163.007	-1288.924	125.9172	1.183065	0.4952297	0.452521	0.547479	1.521102
9030	-1174.441	-1300.261	125.8199	1.314564	0.7496631	0.452521	0.547479	1.206554
9036	-1179.644	-1306.093	126.449	1.207609	0.4059623	0.412434	0.587566	1.206554
9042	-1177.953	-1304.278	126.325	1.249002	0.5514386	0.567016	0.432984	1.057366
9048	-1172.942	-1299.367	126.4252	1.280032	0.451226	0.556025	0.443975	1.089606
9054	-1172.205	-1298.608	126.4028	1.1316	0.4294594	0.519239	0.480761	1.272074
9060	-1170.081	-1296.035	125.9533	1.247758	0.4736026	0.607541	0.392459	1.47284
9066	-1168.7	-1294.71	126.0091	1.139993	0.5045807	0.620684	0.379316	1.47284
9072	-1171.556	-1297.613	126.0569	1.139993	0.4545863	0.552648	0.447352	1.500933
9078	-1168.258	-1294.387	126.1286	1.031197	0.3540854	0.410493	0.589507	1.668952
9084	-1160.871	-1286.891	126.0196	1.179886	0.3004862	0.410493	0.589507	1.72457
9090	-1175.332	-1301.443	126.111	0.9304903	0.2303855	0.497085	0.502915	1.954669
9096	-1171.778	-1297.941	126.163	1.134583	0.4137976	0.429855	0.570145	1.481165
9102	-1189.444	-1315.664	126.2202	1.14677	0.3154693	0.429855	0.570145	1.579843
9108	-1178.856	-1305.004	126.1481	1.180184	0.3671766	0.620079	0.379921	1.526558
9114	-1177.597	-1304.301	126.7044	1.171691	0.3158287	0.509025	0.490975	1.178185
9120	-1177.317	-1303.605	126.2875	1.264806	0.4714398	0.428622	0.571378	1.19426
9126	-1185.59	-1311.632	126.0417	1.181804	0.587173	0.464325	0.535675	1.314438
9132	-1186.865	-1313.194	126.3283	1.058722	0.4428936	0.494161	0.505839	1.371022
9138	-1184.803	-1310.975	126.1723	0.8946159	0.4428936	0.539146	0.460854	1.612075
9144	-1171.919	-1297.992	126.0731	1.00575	0.604863	0.539146	0.460854	1.408336
9150	-1178.411	-1304.992	126.5807	1.52364	0.4028952	0.364663	0.635337	0.7435199
9156	-1179.234	-1305.774	126.5407	1.495131	0.3626855	0.521118	0.478882	0.9291824
9162	-1181.373	-1307.71	126.3365	1.352706	0.4580467	0.521118	0.478882	1.093298
9168	-1183.313	-1309.446	126.1332	1.429778	0.5338933	0.432275	0.567725	1.093298
9174	-1177.171	-1302.813	125.6413	1.199849	0.5338933	0.424254	0.575746	1.664308
9180	-1170.313	-1296.634	126.3217	1.247765	0.4896169	0.485244	0.514756	1.152341
9186	-1173.721	-1299.998	126.2773	1.23373	0.383857	0.437846	0.562154	1.361038
9192	-1179.486	-1305.904	126.4176	1.675763	0.4284794	0.60198	0.39802	0.681401
9198	-1175.402	-1302.223	126.8211	1.504505	0.2594249	0.512724	0.487276	0.8686696
9204	-1181.18	-1307.438	126.258	1.463014	0.5736449	0.512724	0.487276	0.8686696
9210	-1178.692	-1305.091	126.3989	1.390953	0.529034	0.49724	0.50276	0.8686696
9216	-1173.134	-1299.467	126.333	1.298671	0.5260532	0.558568	0.441432	1.040343
9222	-1173.159	-1299.258	126.0985	1.341339	0.6126454	0.500188	0.499812	1.097686
9228	-1170.941	-1297.648	126.7069	1.491754	0.3213247	0.39268	0.60732	0.8438677
9234	-1173.547	-1299.918	126.3714	1.375558	0.5106411	0.592987	0.407013	0.9493584
9240	-1162.274	-1288.879	126.6055	1.464766	0.3567386	0.488317	0.511683	0.9048193
9246	-1180.119	-1306.447	126.328	1.410638	0.3596164	0.488317	0.511683	1.215034
9252	-1175.155	-1301.622	126.4664	1.281798	0.4531607	0.407583	0.592417	1.046002
9258	-1176.169	-1302.166	125.9962	1.358699	0.7860153	0.524153	0.475847	0.9597631
9264	-1164.684	-1291.258	126.5733	1.516221	0.3468715	0.444617	0.555383	0.9064393
9270	-1166.557	-1293.473	126.9162	1.341436	0.2733533	0.483517	0.516483	0.9064393
9276	-1167.8	-1294.358	126.5578	1.387861	0.4335367	0.464327	0.535673	0.8765249
9282	-1161.596	-1287.613	126.0175	1.466151	0.6831084	0.612502	0.387498	0.9604693
9288	-1165.73	-1291.952	126.222	1.616147	0.5732442	0.478619	0.521381	0.7084909
9294	-1169.954	-1296.685	126.7313	1.616147	0.2991043	0.487021	0.512979	0.7047013
9300	-1168.702	-1295.142	126.4401	1.411127	0.4650402	0.539026	0.460974	0.9197327
9306	-1170.166	-1296.562	126.3957	1.411127	0.4617636	0.49793	0.50207	0.9728983
9312	-1176.857	-1303.509	126.6515	1.394484	0.3381928	0.49793	0.50207	0.9728983
9318	-1173.094	-1299.729	126.6352	1.434202	0.3608264	0.576341	0.423659	0.8962895
9324	-1184.778	-1311.148	126.3703	1.355776	0.3952943	0.541008	0.458992	1.164173
9330	-1170.362	-1296.637	126.2747	1.342751	0.4594661	0.519632	0.480368	1.15565
9336	-1174.937	-1301.268	126.3311	1.269805	0.4199628	0.553689	0.446311	1.231375
9342	-1171.234	-1296.976	125.7412	1.349935	0.6998977	0.461779	0.538221	1.295249
9348	-1158.738	-1285.037	126.2991	1.11467	0.4818134	0.496387	0.503613	1.295249
9354	-1172.78	-1298.311	125.5307	1.252114	0.962388	0.519895	0.480105	1.299798
9360	-1167.928	-1294.539	126.6107	1.103208	0.3235158	0.505167	0.494833	1.299798
9366	-1170.371	-1296.753	126.3814	1.235598	0.5183638	0.518173	0.481827	1.06601
9372	-1167.148	-1293.338	126.19	1.0965	0.4414046	0.507994	0.492006	1.450987
9378	-1174.272	-1300.237	125.9646	1.079861	0.610929	0.507994	0.492006	1.428151
9384	-1166.099	-1292.081	125.9824	0.9945485	0.4041518	0.45675	0.54325	1.727564
9390	-1173.622	-1299.541	125.9191	0.8858549	0.468342	0.44929	0.55071	1.766259
9396	-1173.25	-1298.736	125.4864	1.114941	0.5966919	0.452395	0.547605	1.766259
9402	-1174.737	-1299.76	125.023	0.914473	0.447397	0.348961	0.651039	2.364195
9408	-1170.043	-1295.294	125.2513	0.8799269	0.428664	0.401556	0.598444	2.262245
9414	-1172.122	-1298.141	126.0185	1.244699	0.4219437	0.401556	0.598444	1.495555
9420	-1168.96	-1294.683	125.7232	1.101057	0.4255605	0.504048	0.495952	1.805988
9426	-1176.808	-1303.062	126.2533	1.022818	0.4255605	0.49453	0.50547	1.480793
9432	-1171.672	-1297.899	126.2265	1.049648	0.4255605	0.466195	0.533805	1.480793
9438	-1178.723	-1304.74	126.0174	1.049419	0.4882099	0.421948	0.578052	1.554587
9444	-1172.743	-1298.796	126.053	1.095754	0.4411191	0.394602	0.605398	1.554587
9450	-1192.05	-1318.456	126.4066	1.360817	0.4463565	0.417878	0.582122	1.039188
9456	-1200.888	-1327.534	126.646	1.354404	0.3249394	0.449429	0.550571	1.046674
9462	-1191.447	-1316.932	125.4844	0.8400668	0.3113978	0.338181	0.661819	2.291684
9468	-1180.242	-1306.472	126.2295	0.7406194	0.3113978	0.465993	0.534007	1.866165
9474	-1178.763	-1304.571	125.8078	0.8413231	0.3542636	0.362544	0.637456	2.019414
9480	-1176.727	-1302.373	125.6453	1.003817	0.3542636	0.449116	0.550884	2.019414
9486	-1172.215	-1298.521	126.3064	0.9208443	0.3666896	0.574579	0.425421	1.601608
9492	-1178.29	-1303.179	124.8888	0.9939028	0.4324786	0.514232	0.485768	2.41586
9498	-1170.025	-1295.114	125.0888	0.7373213	0.4642069	0.463154	0.536846	2.41586
9504	-1166.987	-1292.725	125.738	0.866335	0.445738	0.464092	0.535908	1.93108
9510	-1174.897	-1300.789	125.8914	0.8030506	0.3973341	0.584533	0.415467	1.93108
9516	-1171.592	-1297.161	125.5693	1.042399	0.5894481	0.39719	0.60281	1.76649
9522	-1185.807	-1312.346	126.5389	1.279558	0.1999373	0.508208	0.491792	1.465925
9528	-1178.386	-1304.903	126.5165	1.086691	0.2863879	0.572629	0.427371	1.454034
9534	-1173.558	-1299.739	126.1811	1.187359	0.419088	0.492344	0.507656	1.419452
9540	-1162.117	-1288.557	126.4397	1.199385	0.4087928	0.492344	0.507656	1.21683
9546	-1161.581	-1287.849	126.2684	1.321536	0.3401879	0.446555	0.553445	1.369874
9552	-1166.408	-1292.422	126.0144	1.375664	0.653488	0.446555	0.553445	1.090811
9558	-1162.379	-1288.601	126.2217	1.295573	0.4104924	0.446555	0.553445	1.314856
9564	-1166.348	-1293.127	126.7791	1.257235	0.2957855	0.413833	0.586167	1.075563
9570	-1164.967	-1291.307	126.3391	1.328447	0.4816279	0.428714	0.571286	1.075563
9576	-1171.715	-1298.099	126.3839	1.082222	0.2703297	0.556899	0.443101	1.585468
9582	-1180.178	-1305.571	125.3925	1.283904	0.9594665	0.414338	0.585662	1.386924
9588	-1167.388	-1293.955	126.5668	1.313839	0.4147297	0.442617	0.557383	0.9845575
9594	-1172.633	-1298.976	126.3426	1.313839	0.4147297	0.642545	0.357455	1.192392
9600	-1177.065	-1303.737	126.6716	1.275418	0.3120135	0.450998	0.549002	1.123075
9606	-1179.208	-1305.823	126.6155	1.191966	0.3953257	0.492594	0.507406	1.090984
9612	-1165.791	-1292.435	126.6445	1.233554	0.3823206	0.433067	0.566933	1.048712
9618	-1175.38	-1301.954	126.5738	1.1184	0.3364232	0.559875	0.440125	1.29448
9624	-1175.55	-1301.794	126.244	1.20233	0.3551178	0.528895	0.471105	1.456486
9630	-1171.437	-1297.329	125.8919	1.186906	0.4781944	0.391992	0.608008	1.558201
9636	-1176.808	-1303.363	126.5547	1.148304	0.254088	0.414396	0.585604	1.439256
9642	-1177.858	-1304.387	126.5297	1.156425	0.4090101	0.493294	0.506706	1.176109
9648	-1175.936	-1302.484	126.548	1.245055	0.3113375	0.533006	0.466994	1.257302
9654	-1184.607	-1310.866	126.2596	1.114688	0.4400191	0.608479	0.391521	1.38508
9660	-1179.357	-1305.404	126.0466	1.266473	0.4593479	0.449599	0.550401	1.406
9666	-1181.473	-1307.846	126.3724	1.24326	0.5369454	0.469553	0.530447	1.039075
9672	-1187.686	-1314.044	126.3578	1.361319	0.4472565	0.419317	0.580683	1.083295
9678	-1185.92	-1312.624	126.7041	1.408059	0.4155355	0.381627	0.618373	0.6911065
9684	-1182.898	-1309.432	126.5331	1.629257	0.4155355	0.576004	0.423996	0.5669997
9690	-1179.163	-1305.687	126.5236	1.474381	0.4645541	0.48379	0.51621	0.7339759
9696	-1196.774	-1323.405	126.6313	1.217254	0.4645541	0.48379	0.51621	0.9235875
9702	-1184.985	-1311.647	126.6619	1.459655	0.3330657	0.514888	0.485112	0.903865
9708	-1189.823	-1316.236	126.4134	1.331214	0.5070596	0.578883	0.421117	0.9579423
9714	-1180.46	-1307.143	126.6827	1.267564	0.3263003	0.411648	0.588352	1.091011
9720	-1182.205	-1308.766	126.5617	1.259084	0.3305909	0.388476	0.611524	1.19766
9726	-1171.701	-1298.335	126.6332	1.075539	0.3305909	0.437177	0.562823	1.291337
9732	-1164.109	-1290.358	126.2483	1.150895	0.4552492	0.444176	0.555824	1.343971
9738	-1173.606	-1299.371	125.7646	1.013571	0.5437797	0.512252	0.487748	1.698097
9744	-1171.529	-1297.994	126.4657	1.013571	0.4307867	0.436646	0.563354	1.315045
9750	-1179.101	-1305.423	126.3223	0.9357778	0.3252705	0.43955	0.56045	1.642898
9756	-1171.579	-1297.544	125.9654	0.8022469	0.330893	0.475834	0.524166	1.973654
9762	-1170.838	-1296.685	125.8464	0.9212206	0.330893	0.564437	0.435563	1.973654
9768	-1181.783	-1307.484	125.7006	0.9212206	0.4021527	0.551124	0.448876	1.973654
9774	-1180.206	-1305.801	125.5941	1.011712	0.5724721	0.39466	0.60534	1.788109
9780	-1179.388	-1305.568	126.1798	1.270419	0.5510849	0.475116	0.524884	1.170224
9786	-1185.83	-1312.01	126.1801	1.448186	0.447973	0.574175	0.425825	1.163963
9792	-1181.872	-1307.817	125.9453	1.310965	0.784056	0.471137	0.528863	1.05987
9798	-1179.979	-1306.717	126.7376	1.408947	0.3399062	0.343163	0.656837	0.8577506
9804	-1174.577	-1301.06	126.4837	1.397348	0.5385454	0.343163	0.656837	0.7256131
9810	-1170.813	-1297.019	126.2055	1.397348	0.5450949	0.519338	0.480662	1.039207
9816	-1166.167	-1292.937	126.7697	1.397348	0.3520765	0.593271	0.406729	0.7993245
9822	-1170.792	-1297.642	126.85	1.20248	0.3076538	0.515918	0.484082	1.034007
9828	-1172.681	-1299.097	126.4151	1.415102	0.521244	0.349341	0.650659	0.8349102
9834	-1164.308	-1291.026	126.7176	1.276788	0.3018557	0.383421	0.616579	1.101289
9840	-1170.822	-1296.902	126.0801	1.185646	0.4625127	0.392776	0.607224	1.438221
9846	-1183.955	-1310.307	126.352	1.282726	0.5606081	0.555365	0.444635	0.984034
9852	-1176.19	-1302.819	126.6291	1.335173	0.3782951	0.579471	0.420529	0.9712755
9858	-1197.323	-1323.975	126.6521	1.147192	0.3810327	0.593608	0.406392	1.124107
9864	-1180.955	-1307.044	126.0887	0.9412422	0.4534942	0.448409	0.551591	1.625146
9870	-1174.676	-1299.853	125.1772	0.7708029	0.5946802	0.52581	0.47419	2.205419
9876	-1171.584	-1297.674	126.0894	0.815633	0.4294668	0.456736	0.543264	1.744739
9882	-1174.529	-1300.996	126.4674	1.082966	0.2715311	0.456736	0.543264	1.5212
9888	-1171.093	-1297.444	126.3507	1.199642	0.2715311	0.456459	0.543541	1.5212
9894	-1176.613	-1302.492	125.8793	1.055103	0.4895856	0.542229	0.457771	1.649166
9900	-1164.61	-1290.709	126.0992	0.978166	0.4895856	0.452403	0.547597	1.545064
9906	-1163.572	-1289.228	125.6562	0.877258	0.4975978	0.471137	0.528863	1.918633
9912	-1159.292	-1285.293	126.0017	0.8371866	0.3812996	0.471137	0.528863	1.854278
9918	-1178.644	-1304.496	125.8518	0.7680665	0.3347572	0.374398	0.625602	2.066256
9924	-1170.32	-1296.537	126.2176	0.9788561	0.2859443	0.54589	0.45411	1.750836
9930	-1177.591	-1303.623	126.0312	0.9163058	0.4022281	0.441912	0.558088	1.750836
9936	-1168.67	-1294.91	126.2399	0.9163346	0.279387	0.505473	0.494527	1.789909
9942	-1183.657	-1309.883	126.2266	1.01878	0.3735657	0.505473	0.494527	1.578202
9948	-1175.053	-1301.748	126.6952	1.086612	0.3056533	0.441291	0.558709	1.277346
9954	-1174.344	-1301.053	126.709	1.162948	0.2680841	0.508028	0.491972	1.277346
9960	-1169.7	-1296.158	126.4583	1.044378	0.4433931	0.576095	0.423905	1.277346
9966	-1167.829	-1293.758	125.9286	0.8304648	0.3774974	0.584082	0.415918	1.913778
9972	-1172.217	-1298.581	126.3643	1.042463	0.2362215	0.500258	0.499742	1.691877
9978	-1172.421	-1298.838	126.4172	1.188823	0.3728477	0.500258	0.499742	1.302622
9984	-1169.824	-1296.299	126.4747	1.386115	0.4067865	0.456459	0.543541	1.019335
9990	-1162.554	-1289.012	126.457	1.225554	0.3446686	0.480239	0.519761	1.287875
9996	-1157.846	-1284.025	126.1789	1.038267	0.4375177	0.638524	0.361476	1.508633
10002	-1170.766	-1296.531	125.7642	1.047509	0.7291168	0.529512	0.470488	1.48438
10008	-1166.308	-1292.31	126.0021	0.9009366	0.3400689	0.483486	0.516514	1.86871
10014	-1171.25	-1296.846	125.5968	0.8743273	0.4720889	0.483486	0.516514	1.98944
10020	-1172.921	-1299.004	126.0828	0.8260955	0.5371622	0.638343	0.361657	1.611861
10026	-1166.524	-1293.02	126.4967	0.977114	0.4267844	0.66167	0.33833	1.325373
10032	-1158.745	-1284.928	126.183	1.007251	0.5945125	0.539429	0.460571	1.332491
10038	-1170.747	-1296.885	126.1378	1.22892	0.5627625	0.588207	0.411793	1.226502
10044	-1166.244	-1292.923	126.6784	1.161111	0.3193871	0.55742	0.44258	1.202816
10050	-1164	-1290.503	126.503	1.278936	0.2782516	0.464693	0.535307	1.329947
10056	-1170.519	-1296.943	126.424	1.119266	0.3580237	0.464693	0.535307	1.376929
10062	-1164.133	-1290.392	126.2593	1.119266	0.4434004	0.628063	0.371937	1.376929
10068	-1166.559	-1292.436	125.8764	0.9203412	0.3324594	0.427621	0.572379	1.951841
10074	-1167.979	-1294.27	126.2912	0.9203412	0.3920223	0.50081	0.49919	1.576109
10080	-1180.652	-1306.691	126.0387	0.9696905	0.2998994	0.432834	0.567166	1.858114
10086	-1168.89	-1294.533	125.6428	1.044535	0.6248928	0.463698	0.536302	1.677129
10092	-1177.368	-1304.062	126.6941	1.212164	0.3988854	0.524487	0.475513	0.9891209
10098	-1168.899	-1295.326	126.4274	1.172386	0.4283	0.524487	0.475513	1.219219
10104	-1179.229	-1305.239	126.01	0.9726048	0.4413742	0.45503	0.54497	1.674613
10110	-1173.352	-1299.81	126.458	1.204341	0.3709104	0.520537	0.479463	1.259702
10116	-1167.577	-1293.933	126.3559	1.108278	0.3709104	0.430155	0.569845	1.417916
10122	-1168.876	-1295.185	126.3099	1.090901	0.4030923	0.435862	0.564138	1.417916
10128	-1168.074	-1293.867	125.7932	1.011239	0.3783859	0.593609	0.406391	1.881796
10134	-1177.245	-1303.429	126.1846	1.087291	0.3620272	0.442206	0.557794	1.576007
10140	-1174.827	-1300.804	125.9778	1.118962	0.4538791	0.559108	0.440892	1.576007
10146	-1176.284	-1303.142	126.858	1.425514	0.2630143	0.501768	0.498232	0.9063725
10152	-1165.093	-1290.993	125.8995	1.339903	0.7579043	0.477858	0.522142	1.105001
10158	-1163.97	-1290.42	126.4509	1.285188	0.4126837	0.533528	0.466472	1.125801
10164	-1166.084	-1292.847	126.7629	1.551503	0.2316304	0.485567	0.514433	0.9620455
10170	-1160.118	-1286.73	126.6125	1.348409	0.4082404	0.522359	0.477641	0.9126096
10176	-1173.019	-1298.504	125.485	1.15341	0.8427469	0.381033	0.618967	1.512308
10182	-1184.759	-1310.212	125.4533	1.177203	0.9646777	0.52654	0.47346	1.418402
10188	-1183.648	-1309.519	125.8718	1.288658	0.6153044	0.372276	0.627724	1.332277
10194	-1182.347	-1308.772	126.4245	1.288658	0.4646429	0.611485	0.388515	1.060104
10200	-1172.833	-1298.97	126.1368	1.29002	0.3197142	0.508338	0.491662	1.528717
10206	-1173.431	-1299.553	126.1225	1.273795	0.3413746	0.530784	0.469216	1.516101
10212	-1189.246	-1315.492	126.2467	0.9966791	0.4181033	0.438796	0.561204	1.515773
10218	-1173.505	-1299.625	126.1199	1.044179	0.4619801	0.460747	0.539253	1.515773
10224	-1177.193	-1303.193	125.9997	1.324981	0.5488285	0.577167	0.422833	1.279314
10230	-1173.342	-1299.598	126.2557	1.112623	0.4080481	0.483892	0.516108	1.435572
10236	-1171.135	-1297.316	126.181	1.187362	0.4080481	0.534271	0.465729	1.435572
10242	-1173.562	-1299.675	126.1136	1.420595	0.4611666	0.534271	0.465729	1.224876
10248	-1190.764	-1317.2	126.4362	1.275719	0.4344729	0.497542	0.502458	1.111056
10254	-1182.155	-1308.703	126.548	1.243215	0.3924225	0.455324	0.544676	1.111056
10260	-1186.649	-1312.733	126.0845	1.355035	0.6496295	0.554408	0.445592	1.04937
10266	-1177.704	-1304.043	126.3394	1.375837	0.5558052	0.570781	0.429219	0.9062623
10272	-1176.129	-1302.82	126.6916	1.411068	0.3457635	0.570781	0.429219	0.8943652
10278	-1182.581	-1309.277	126.6965	1.402562	0.3947112	0.40571	0.59429	0.7744483
10284	-1172.748	-1298.997	126.2488	1.415716	0.6116075	0.476063	0.523937	0.8695727
10290	-1180.485	-1306.8	126.3144	1.415716	0.5435035	0.476063	0.523937	0.9108705
10296	-1173.926	-1300.305	126.3787	1.528454	0.490383	0.474482	0.525518	0.8011102
10302	-1170.237	-1296.103	125.8665	1.682246	0.794516	0.474482	0.525518	0.6999454
10308	-1165.149	-1291.404	126.2549	1.727019	0.5162941	0.481482	0.518518	0.5863263
10314	-1167.458	-1293.495	126.0365	1.860975	0.5617201	0.524238	0.475762	0.6241958
10320	-1171.916	-1298.115	126.1983	1.759904	0.5390182	0.476899	0.523101	0.521666
10326	-1174.526	-1300.91	126.384	1.759904	0.4242698	0.579097	0.420903	0.5758816
10332	-1183.23	-1309.055	125.8242	1.235163	0.7525655	0.419534	0.580466	1.26656
10338	-1187.64	-1313.961	126.321	1.246656	0.4151583	0.470271	0.529729	1.26656
10344	-1161.027	-1287.353	126.3258	1.241877	0.4151583	0.434386	0.565614	1.26656
10350	-1154.094	-1280.585	126.4912	1.196188	0.354707	0.46173	0.53827	1.26656
10356	-1160.487	-1286.751	126.2649	1.194047	0.4758414	0.559027	0.440973	1.26656
10362	-1172.393	-1298.362	125.9691	1.072526	0.5670033	0.552139	0.447861	1.479697
10368	-1174.405	-1300.279	125.8739	1.101714	0.4484342	0.558482	0.441518	1.670554
10374	-1168.748	-1295.066	126.3181	1.097018	0.3824379	0.500835	0.499165	1.437902
10380	-1165.513	-1291.731	126.2177	1.104417	0.2861083	0.549062	0.450938	1.661669
10386	-1162.785	-1288.686	125.9012	0.9000978	0.5155039	0.423591	0.576409	1.7135
10392	-1160.343	-1286.362	126.0192	1.146043	0.5817098	0.576097	0.423903	1.367374
10398	-1166.195	-1292.368	126.1724	1.06206	0.4651654	0.594573	0.405427	1.458543
10404	-1166.071	-1292.105	126.0331	1.011512	0.3385261	0.565408	0.434592	1.773368
10410	-1166.395	-1292.315	125.9204	1.104987	0.5046409	0.451488	0.548512	1.564979
10416	-1161.046	-1287.55	126.5033	1.249102	0.357119	0.486684	0.513316	1.207718
10422	-1169.102	-1295.721	126.6194	1.315855	0.3419633	0.550425	0.449575	1.073303
10428	-1171.805	-1298.417	126.6116	1.323706	0.3419633	0.533544	0.466456	1.073303
10434	-1164.557	-1290.666	126.1089	1.323706	0.5530058	0.513368	0.486632	1.182947
10440	-1166.498	-1292.888	126.3897	1.26186	0.4601117	0.513368	0.486632	1.124286
10446	-1167.204	-1293.573	126.3688	1.26186	0.4494356	0.513368	0.486632	1.159604
10452	-1158.765	-1284.822	126.0568	1.184701	0.3425709	0.457523	0.542477	1.627739
10458	-1169.776	-1296.246	126.4698	1.126858	0.2559688	0.44494	0.55506	1.515983
10464	-1162.501	-1289.036	126.5359	1.207004	0.4012175	0.445656	0.554344	1.139242
10470	-1166.938	-1293.041	126.1026	1.237633	0.5327989	0.561278	0.438722	1.287098
10476	-1162.023	-1288.592	126.5692	1.233083	0.2917674	0.421966	0.578034	1.287098
10482	-1165.315	-1291.488	126.1736	1.087403	0.4102283	0.369094	0.630906	1.513667
10488	-1155.312	-1281.484	126.1723	1.322211	0.4170473	0.369094	0.630906	1.32328
10494	-1160.768	-1286.625	125.8574	1.202056	0.5533365	0.476365	0.523635	1.481956
10500	-1163.164	-1289.088	125.9243	1.396676	0.6788934	0.578794	0.421206	1.122598
10506	-1167.157	-1292.946	125.7882	1.472275	0.7833927	0.481856	0.518144	1.056619
10512	-1162.203	-1288.456	126.2523	1.169479	0.3603238	0.459452	0.540548	1.466942
10518	-1159.227	-1285.559	126.3315	1.084423	0.3603238	0.564835	0.435165	1.471409
10524	-1172.195	-1298.065	125.8699	1.041922	0.4423392	0.410518	0.589482	1.723526
10530	-1181.738	-1307.303	125.5645	0.9112712	0.2745879	0.390723	0.609277	2.250526
10536	-1181.054	-1307.717	126.6625	0.9484537	0.2501271	0.377547	0.622453	1.516613
10542	-1179.506	-1305.369	125.8632	1.15558	0.4475937	0.526025	0.473975	1.640749
10548	-1167.071	-1293.541	126.4704	1.179762	0.4475937	0.414435	0.585565	1.145287
10554	-1166.636	-1292.81	126.174	1.128178	0.3675189	0.501983	0.498017	1.545434
10560	-1165.105	-1291.382	126.2777	1.121081	0.2937915	0.501983	0.498017	1.593143
10566	-1165.589	-1291.53	125.9409	1.17294	0.3714123	0.406124	0.593876	1.676299
10572	-1165.774	-1292.101	126.3266	0.9990477	0.4236684	0.483597	0.516403	1.445819
10578	-1164.636	-1290.888	126.251	1.015584	0.2952118	0.48101	0.51899	1.685804
10584	-1159.2	-1284.943	125.7436	1.139722	0.4513442	0.43824	0.56176	1.732249
10590	-1167.176	-1293.094	125.9183	1.286413	0.2701537	0.536006	0.463994	1.77201
10596	-1162.375	-1288.323	125.9482	1.2103	0.5840394	0.535095	0.464905	1.369942
10602	-1165.171	-1291.111	125.9395	1.2103	0.5840394	0.578556	0.421444	1.376831
10608	-1163.899	-1289.609	125.7094	1.281008	0.5309897	0.542356	0.457644	1.559406
10614	-1166.906	-1293.07	126.1649	1.045955	0.5842522	0.570786	0.429214	1.328119
10620	-1171.486	-1297.232	125.7465	1.145868	0.5975822	0.54305	0.45695	1.557089
10626	-1192.05	-1318.299	126.2492	1.102747	0.5180056	0.497893	0.502107	1.296822
10632	-1180.609	-1306.671	126.0617	1.399379	0.5978224	0.607792	0.392208	1.097803
10638	-1173.351	-1299.712	126.3601	1.359008	0.5852575	0.511703	0.488297	0.8502107
10644	-1173.568	-1299.657	126.0884	1.539024	0.7190035	0.511703	0.488297	0.7238107
10650	-1178.593	-1305.117	126.5239	1.570903	0.4333735	0.516822	0.483178	0.6609973
10656	-1174.005	-1300.369	126.3635	1.636077	0.4676117	0.468079	0.531921	0.7229131
10662	-1163.882	-1290.248	126.3658	1.125655	0.3991153	0.46376	0.53624	1.352919
10668	-1162.724	-1288.725	126.0013	1.145919	0.3991153	0.574177	0.425823	1.612942
10674	-1165.526	-1291.905	126.3791	1.205747	0.3345912	0.574177	0.425823	1.383352
10680	-1165.41	-1291.369	125.9587	1.20607	0.5512257	0.616961	0.383039	1.403844
10686	-1167.153	-1293.6	126.4471	1.346111	0.2386931	0.565243	0.434757	1.400997
10692	-1160.041	-1286.728	126.6862	1.324999	0.262148	0.516328	0.483672	1.17224
10698	-1169.362	-1295.884	126.5215	1.315	0.3368816	0.450803	0.549197	1.17224
10704	-1168.046	-1294.307	126.2609	1.191487	0.3911579	0.410768	0.589232	1.395819
10710	-1173.654	-1300.231	126.5768	1.476344	0.405269	0.449546	0.550454	0.8091562
10716	-1174.66	-1301.07	126.4103	1.349596	0.4432315	0.554115	0.445885	1.051724
10722	-1188.272	-1314.848	126.5759	1.152621	0.4574066	0.554115	0.445885	1.057591
10728	-1181.179	-1307.603	126.4241	1.455861	0.5447851	0.590381	0.409619	0.7113608
10734	-1176.253	-1302.428	126.1749	1.376659	0.5982783	0.520319	0.479681	1.011091
10740	-1178.297	-1303.869	125.5725	1.63592	1.04971	0.520872	0.479128	0.8022286
10746	-1171.144	-1297.496	126.3519	1.501892	0.522427	0.520872	0.479128	0.8022286
10752	-1171.018	-1297.199	126.1816	1.338489	0.4557525	0.415184	0.584816	1.244762
10758	-1171.374	-1297.586	126.2121	1.250556	0.4072034	0.517841	0.482159	1.36343
10764	-1177.37	-1303.132	125.7628	1.014555	0.5943586	0.477986	0.522014	1.644165
10770	-1173.502	-1299.818	126.3162	1.052325	0.3789822	0.477986	0.522014	1.478574
10776	-1164.216	-1290.01	125.7937	1.20585	0.5962708	0.575542	0.424458	1.478574
10782	-1183.222	-1309.721	126.4992	1.128017	0.3407809	0.615319	0.384681	1.339297
10788	-1185.275	-1311.498	126.2233	1.143409	0.4072252	0.615319	0.384681	1.438011
10794	-1178.596	-1304.568	125.9727	0.9850406	0.3847219	0.438826	0.561174	1.767471
10800	-1179.404	-1305.356	125.9512	0.9800603	0.4461241	0.454107	0.545893	1.70503
10806	-1175.022	-1301.503	126.4814	0.9838752	0.3469435	0.496519	0.503481	1.455182
10812	-1162.851	-1288.709	125.8577	1.260118	0.6170845	0.548885	0.451115	1.36419
10818	-1170.326	-1295.642	125.3166	1.144941	0.7668467	0.548885	0.451115	1.705461
10824	-1161.946	-1287.442	125.496	1.205916	0.7668467	0.473776	0.526224	1.531473
10830	-1169.815	-1296.167	126.352	1.164136	0.3068315	0.466225	0.533775	1.483672
10836	-1166.476	-1292.55	126.0745	1.311175	0.3382037	0.535717	0.464283	1.529082
10842	-1173.868	-1300.025	126.1574	1.059227	0.4687212	0.443934	0.556066	1.467433
10848	-1171.095	-1297.039	125.9442	0.8712549	0.4253614	0.585691	0.414309	1.812308
10854	-1177.646	-1302.941	125.2943	0.8002281	0.4185798	0.516372	0.483628	2.29772
10860	-1171.618	-1297.333	125.7146	1.146964	0.4251113	0.501552	0.498448	1.780676
10866	-1177.184	-1303.091	125.9066	0.9495109	0.328628	0.493263	0.506737	1.917478
10872	-1173.303	-1299.54	126.2372	0.983598	0.402911	0.517747	0.482253	1.553863
10878	-1165.485	-1291.196	125.7106	1.031877	0.4398002	0.448339	0.551661	1.844391
10884	-1164.368	-1290.312	125.9437	0.834724	0.362979	0.453289	0.546711	1.920666
10890	-1166.158	-1292.194	126.036	0.6930663	0.4196923	0.453289	0.546711	1.878799
10896	-1168.687	-1294.02	125.3334	0.6518608	0.4200569	0.453289	0.546711	2.36553
10902	-1169.656	-1295.143	125.4875	0.6680273	0.3453677	0.52439	0.47561	2.351751
10908	-1171.848	-1297.083	125.2354	0.8087457	0.400448	0.479265	0.520735	2.351751
10914	-1171.817	-1297.346	125.5283	0.7683723	0.3816046	0.569947	0.430053	2.2137
10920	-1171.19	-1296.419	125.2289	0.832141	0.5129903	0.439943	0.560057	2.2137
10926	-1172.686	-1299.202	126.5156	1.134547	0.2887764	0.398041	0.601959	1.413645
10932	-1170.424	-1296.524	126.1009	1.134547	0.4991254	0.623195	0.376805	1.413645
10938	-1171.281	-1297.613	126.3321	1.041549	0.440967	0.414639	0.585361	1.384263
10944	-1171.98	-1297.637	125.6567	0.860243	0.3697944	0.568384	0.431616	2.08563
10950	-1176.705	-1301.759	125.0537	0.6482013	0.3697944	0.568384	0.431616	2.604175
10956	-1170.34	-1295.902	125.5617	0.6507027	0.3611266	0.553193	0.446807	2.294493
10962	-1171.498	-1297.006	125.5071	0.8413362	0.4114758	0.502707	0.497293	2.142474
10968	-1171.988	-1298.391	126.4032	1.307907	0.2349403	0.562077	0.437923	1.471749
10974	-1164.038	-1290.27	126.2325	1.161907	0.3706281	0.399555	0.600445	1.471749
10980	-1162.761	-1289.308	126.5461	1.115649	0.3352883	0.41496	0.58504	1.321132
10986	-1161.151	-1286.832	125.6815	1.180481	0.5455394	0.386125	0.613875	1.636237
10992	-1164.389	-1290.003	125.6141	0.8858488	0.3105911	0.527814	0.472186	2.179828
10998	-1165.341	-1290.842	125.5006	0.849947	0.4469082	0.527814	0.472186	2.098508
11004	-1165.392	-1292.019	126.6272	0.9220715	0.2917468	0.34365	0.65635	1.485211
11010	-1169.888	-1296.165	126.2763	0.9903469	0.2917468	0.34365	0.65635	1.691586
11016	-1172.549	-1298.363	125.8135	0.8143836	0.3584029	0.606539	0.393461	2.027759
11022	-1174.457	-1300.14	125.6828	0.8489008	0.4471909	0.670951	0.329049	1.978161
11028	-1173.447	-1299.833	126.3865	0.9238612	0.2678348	0.41215	0.58785	1.70195
11034	-1173.667	-1299.699	126.0321	0.7963009	0.5803298	0.447875	0.552125	1.622256
11040	-1177.489	-1303.378	125.8894	0.9403792	0.3947886	0.464645	0.535355	1.842323
11046	-1179.784	-1305.824	126.0403	1.055949	0.5245599	0.445138	0.554862	1.488242
11052	-1176.588	-1302.567	125.9786	1.043657	0.3747632	0.645865	0.354135	1.736234
11058	-1177.599	-1303.733	126.1336	1.333879	0.3903287	0.335955	0.664045	1.385285
11064	-1168.082	-1294.467	126.3852	1.196789	0.3347729	0.335955	0.664045	1.385285
11070	-1161.336	-1287.581	126.245	1.262908	0.5136833	0.560011	0.439989	1.171526
11076	-1182.112	-1308.149	126.0369	0.9987079	0.4900951	0.671843	0.328157	1.575186
11082	-1174.364	-1300.491	126.1269	1.31139	0.4202149	0.491642	0.508358	1.3633
11088	-1181.168	-1307.385	126.2176	0.9389865	0.3294661	0.440512	0.559488	1.708676
11094	-1169.873	-1296.341	126.4686	1.07069	0.3294661	0.418124	0.581876	1.427377
11100	-1178.433	-1304.171	125.7382	1.198621	0.6166351	0.385996	0.614004	1.503688
11106	-1182.361	-1308.876	126.5149	0.9278082	0.2953968	0.385996	0.614004	1.558201
11112	-1178.362	-1304.463	126.1004	0.9119114	0.4699428	0.604491	0.395509	1.61711
11118	-1168.488	-1294.136	125.6473	0.8151482	0.4699428	0.481546	0.518454	1.997678
11124	-1176.959	-1302.732	125.773	0.8162364	0.3770463	0.546271	0.453729	2.028153
11130	-1175.76	-1301.534	125.7735	0.8157208	0.3244594	0.546271	0.453729	2.101261
11136	-1174.865	-1301.079	126.2148	0.9481031	0.4711315	0.563013	0.436987	1.504777
11142	-1174.126	-1300.247	126.12	0.9659505	0.411085	0.520909	0.479091	1.640639
11148	-1178.218	-1304.33	126.1119	1.252532	0.5759067	0.520909	0.479091	1.211614
11154	-1171.593	-1297.876	126.2836	1.381807	0.487766	0.372831	0.627169	1.067865
11160	-1172.601	-1298.992	126.3913	1.381807	0.4510042	0.576465	0.423535	1.025604
11166	-1172.131	-1298.483	126.3516	1.365152	0.3881867	0.550032	0.449968	1.184405
11172	-1170.709	-1297.13	126.4203	1.361139	0.3877155	0.563416	0.436584	1.128259
11178	-1169.912	-1296.399	126.4869	1.361139	0.3572114	0.548689	0.451311	1.12386
11184	-1173.026	-1299.229	126.2033	1.21607	0.5212773	0.479716	0.520284	1.236822
11190	-1169.611	-1296.057	126.4457	1.22953	0.3781048	0.479716	0.520284	1.236822
11196	-1165.949	-1292.276	126.3272	1.205664	0.4746439	0.454246	0.545754	1.206219
11202	-1161.679	-1288.163	126.4838	1.271766	0.4782336	0.454246	0.545754	0.9960461
11208	-1167.794	-1293.592	125.7981	1.075242	0.6548561	0.460749	0.539251	1.511257
11214	-1159.629	-1285.552	125.9239	1.24046	0.4652854	0.614943	0.385057	1.511257
11220	-1166.27	-1292.212	125.9424	1.114505	0.4617287	0.484624	0.515376	1.595053
11226	-1168.899	-1294.772	125.873	1.121957	0.5128219	0.533321	0.466679	1.577498
11232	-1170.635	-1297.192	126.5565	1.041552	0.3325555	0.450483	0.549517	1.376453
11238	-1177.752	-1303.966	126.2141	1.372925	0.6538885	0.543092	0.456908	0.8908466
11244	-1169.489	-1295.585	126.0965	0.9363471	0.4275676	0.545043	0.454957	1.656675
11250	-1168.301	-1294.09	125.7891	1.077996	0.4944591	0.553508	0.446492	1.691355
11256	-1173.639	-1299.915	126.2761	0.9494377	0.4944591	0.446002	0.553998	1.42724
11262	-1169.162	-1295.031	125.8694	0.9316811	0.4944591	0.439949	0.560051	1.737979
11268	-1169.321	-1295.404	126.0831	1.108131	0.3281818	0.611435	0.388565	1.68612
11274	-1171.004	-1297.166	126.1617	1.093599	0.3462223	0.469731	0.530269	1.612188
11280	-1161.621	-1287.889	126.2684	1.072788	0.4222025	0.565924	0.434076	1.435988
11286	-1169.818	-1295.547	125.7297	1.047374	0.642322	0.59871	0.40129	1.594955
11292	-1164.09	-1290.752	126.6621	1.187718	0.3147942	0.342199	0.657801	1.202886
11298	-1168.748	-1295.234	126.4869	1.192246	0.3105117	0.459121	0.540879	1.351242
11304	-1168.209	-1294.041	125.8327	0.9716434	0.4622353	0.500601	0.499399	1.774098
11310	-1166.489	-1292.367	125.8776	1.048184	0.3961911	0.462675	0.537325	1.774098
11316	-1169.195	-1294.772	125.577	0.8498801	0.5179418	0.498526	0.501474	1.96792
11322	-1171.943	-1297.835	125.8925	0.7631814	0.3891069	0.519238	0.480762	1.96792
11328	-1169.701	-1295.378	125.6767	0.9471011	0.3778502	0.484038	0.515962	2.004144
11334	-1165.934	-1291.759	125.825	1.082103	0.3604088	0.450594	0.549406	1.836559
11340	-1170.068	-1296.304	126.2365	1.010353	0.4014247	0.414823	0.585177	1.536688
11346	-1182.424	-1307.811	125.3875	1.156047	0.9795509	0.36985	0.63015	1.473301
11352	-1178.13	-1304.465	126.3348	1.183165	0.3120604	0.578459	0.421541	1.473301
11358	-1182.157	-1308.516	126.3593	1.072906	0.3582864	0.556849	0.443151	1.462219
11364	-1173.791	-1300.013	126.222	1.135187	0.3956761	0.478971	0.521029	1.462219
11370	-1181.31	-1307.597	126.2868	1.245691	0.4838422	0.41149	0.58851	1.193084
11376	-1181.887	-1307.988	126.1012	1.244964	0.5278415	0.444789	0.555211	1.288699
11382	-1165.38	-1291.662	126.2812	1.244964	0.3960966	0.444789	0.555211	1.32994
11388	-1167.928	-1294.234	126.3064	1.20936	0.3566291	0.374102	0.625898	1.400656
11394	-1169.041	-1295.042	126.0019	1.049582	0.5594961	0.424168	0.575832	1.480833
11400	-1174.37	-1300.406	126.0358	1.156458	0.5324794	0.390506	0.609494	1.405232
11406	-1165.83	-1291.895	126.0649	1.262899	0.5828958	0.449242	0.550758	1.233837
11412	-1166.501	-1292.459	125.9585	1.198862	0.5150489	0.447432	0.552568	1.453539
11418	-1176.085	-1302.329	126.2434	1.10723	0.5150489	0.493378	0.506622	1.301763
11424	-1171.283	-1297.432	126.1491	1.120251	0.4595245	0.493378	0.506622	1.439482
11430	-1161.44	-1287.648	126.2081	1.189549	0.3902417	0.479563	0.520437	1.439482
11436	-1161.78	-1287.967	126.1876	1.1991	0.490704	0.395208	0.604792	1.30503
11442	-1162.236	-1288.608	126.3716	1.033668	0.3244077	0.60388	0.39612	1.536957
11448	-1163.928	-1289.933	126.0049	1.070717	0.4015176	0.518292	0.481708	1.661185
11454	-1166.284	-1291.611	125.3266	0.8930966	0.5062945	0.553436	0.446564	2.117694
11460	-1169.705	-1295.891	126.1862	0.9431628	0.4268066	0.398659	0.601341	1.587972
11466	-1179.017	-1305.703	126.686	1.00082	0.2673567	0.643379	0.356621	1.425761
11472	-1175.489	-1301.721	126.2328	0.9501952	0.3634096	0.563147	0.436853	1.63847
11478	-1179.718	-1305.43	125.7119	0.7710126	0.2894131	0.469221	0.530779	2.222783
11484	-1174.973	-1300.375	125.4014	0.8113576	0.391836	0.531731	0.468269	2.254718
11490	-1165.163	-1291.076	125.9134	1.133828	0.5714923	0.554326	0.445674	1.470327
11496	-1175.649	-1302.233	126.584	1.095869	0.3073064	0.27847	0.72153	1.35645
11502	-1175.412	-1301.711	126.2984	1.071776	0.2878801	0.435572	0.564428	1.624084
11508	-1165.971	-1292.601	126.6293	1.15449	0.2878801	0.521424	0.478576	1.309673
11514	-1166.141	-1292.304	126.1623	1.044245	0.345462	0.598409	0.401591	1.648489
11520	-1168.619	-1294.855	126.2363	1.025818	0.345462	0.528598	0.471402	1.608406
11526	-1168.213	-1294.182	125.9694	1.051118	0.4721465	0.512425	0.487575	1.608406
11532	-1172.664	-1298.258	125.5943	0.9390257	0.4519698	0.420791	0.579209	1.97135
11538	-1174.561	-1300.968	126.4072	0.9247216	0.4396803	0.520577	0.479423	1.418504
11544	-1191.196	-1317.303	126.1067	0.9247216	0.314945	0.468705	0.531295	1.818549
11550	-1173.976	-1299.95	125.9743	0.8554205	0.3766652	0.531456	0.468544	1.866905
11556	-1180.552	-1306.251	125.6996	0.8298848	0.4599487	0.464526	0.535474	1.964512
11562	-1175.238	-1301.521	126.2836	0.9016804	0.4563289	0.511246	0.488754	1.507348
11568	-1167.066	-1292.676	125.6104	1.085019	0.3943448	0.610147	0.389853	1.934338
11574	-1176.603	-1301.846	125.2427	1.065795	0.6895342	0.378688	0.621312	1.8795
11580	-1164.649	-1290.93	126.2808	1.177907	0.4139454	0.417144	0.582856	1.356459
11586	-1162.207	-1288.259	126.0522	1.073067	0.4103804	0.523709	0.476291	1.613275
11592	-1164.4	-1290.856	126.4559	1.136126	0.3868784	0.523709	0.476291	1.291237
11598	-1162.727	-1288.503	125.7753	1.053194	0.2232922	0.593537	0.406463	2.109003
11604	-1168.384	-1294.808	126.4234	1.042928	0.3435342	0.488398	0.511602	1.459926
11610	-1176.959	-1303.237	126.2776	1.013965	0.3737155	0.488398	0.511602	1.543998
11616	-1177.964	-1304.274	126.3099	0.891528	0.3737155	0.593867	0.406133	1.609966
11622	-1171.554	-1297.792	126.2378	1.000304	0.3482818	0.569816	0.430184	1.621471
11628	-1181.79	-1307.935	126.1447	1.037743	0.3983134	0.513113	0.486887	1.588443
11634	-1185.34	-1311.539	126.1988	0.8889484	0.4050003	0.629086	0.370914	1.647656
11640	-1172.943	-1298.752	125.8086	1.025536	0.4276451	0.379876	0.620124	1.796503
11646	-1181.424	-1307.792	126.3687	1.040377	0.4607672	0.389778	0.610222	1.328307
11652	-1178.234	-1304.078	125.8438	1.176163	0.7233898	0.630578	0.369422	1.328307
11658	-1173.515	-1299.47	125.9544	1.302499	0.6833059	0.327919	0.672081	1.174207
11664	-1179.458	-1306.238	126.7805	1.350966	0.2563931	0.625822	0.374178	1.077215
11670	-1169.6	-1295.994	126.394	1.259738	0.4910406	0.444962	0.555038	1.073626
11676	-1178.499	-1304.572	126.0721	1.259738	0.6218559	0.508074	0.491926	1.182139
11682	-1180.068	-1306.834	126.7657	1.28202	0.3175236	0.544367	0.455633	1.01687
11688	-1187.802	-1314.4	126.5983	1.425306	0.3591377	0.458507	0.541493	0.9501152
11694	-1190.847	-1317.857	127.0105	1.557586	0.1815996	0.512631	0.487369	0.8421718
11700	-1174.888	-1301.598	126.7097	1.339228	0.2908779	0.508103	0.491897	1.074696
11706	-1166.277	-1292.74	126.4631	1.402336	0.3748839	0.338986	0.661014	1.074696
11712	-1164.25	-1290.616	126.3654	1.476484	0.4396255	0.537714	0.462286	0.9772599
11718	-1186.865	-1313.475	126.6101	1.44315	0.3328592	0.487391	0.512609	0.9772599
11724	-1182.749	-1308.919	126.1696	1.574763	0.6619928	0.534321	0.465679	0.6456992
11730	-1174.772	-1301.029	126.2569	1.474367	0.593987	0.523617	0.476383	0.8190953
11736	-1169.28	-1296.092	126.8127	1.293583	0.315932	0.50579	0.49421	0.9611819
11742	-1168.227	-1294.901	126.6742	1.312159	0.2941388	0.505932	0.494068	1.124917
11748	-1169.525	-1295.688	126.1627	1.191224	0.4793327	0.554296	0.445704	1.346798
11754	-1168.492	-1294.187	125.6947	0.9808019	0.3746364	0.502459	0.497541	1.973935
11760	-1177.19	-1303.597	126.4077	1.193802	0.4045313	0.451123	0.548877	1.255235
11766	-1174.248	-1300.591	126.3424	1.390251	0.5734604	0.451123	0.548877	0.8551152
11772	-1174.733	-1300.932	126.1992	1.653192	0.6030027	0.51166	0.48834	0.5752467
11778	-1179.63	-1306.201	126.5709	1.701088	0.3638556	0.453868	0.546132	0.494484
11784	-1177.22	-1303.29	126.0705	2.007457	0.4463314	0.484872	0.515128	0.3772118
11790	-1183.711	-1309.934	126.2229	2.007457	0.3634152	0.482532	0.517468	0.3679116
11796	-1180.833	-1307.21	126.377	1.965506	0.3139285	0.41732	0.58268	0.3757621
11802	-1184.619	-1311.009	126.3898	1.982203	0.2869344	0.474451	0.525549	0.335014
11808	-1191.206	-1317.289	126.083	1.801588	0.5861203	0.711587	0.288413	0.538493
11814	-1176.78	-1303.441	126.6614	1.741352	0.3026	0.529084	0.470916	0.538493
11820	-1177.868	-1304.095	126.2269	1.745943	0.5247789	0.475795	0.524205	0.4365186
11826	-1175.14	-1301.443	126.3029	1.722732	0.4667227	0.533891	0.466109	0.6802973
11832	-1184.006	-1310.038	126.032	1.960797	0.4667227	0.566009	0.433991	0.3206852
11838	-1178.078	-1304.4	126.3217	1.596375	0.488186	0.544667	0.455333	0.7913788
11844	-1179.851	-1306.429	126.5781	1.441067	0.3974953	0.278576	0.721424	0.8696983
11850	-1170.357	-1296.85	126.4933	1.061527	0.3569003	0.4456	0.5544	1.369677
11856	-1166.429	-1291.48	125.0517	0.7173179	0.5249438	0.505406	0.494594	2.387963
11862	-1168.119	-1293.714	125.5952	0.8529289	0.3915146	0.491687	0.508313	2.102397
11868	-1177.907	-1303.79	125.8827	0.9492288	0.5773368	0.407317	0.592683	1.622986
11874	-1172.041	-1297.537	125.4963	0.9069369	0.3420046	0.412063	0.587937	2.19759
11880	-1178.264	-1303.781	125.5177	0.6912016	0.4411255	0.412063	0.587937	2.19759
11886	-1174.026	-1299.901	125.8757	1.080044	0.4411255	0.589142	0.410858	1.694046
11892	-1170.54	-1296.876	126.3362	1.479822	0.4114372	0.503007	0.496993	1.054107
11898	-1177.539	-1303.676	126.1371	1.27398	0.4360978	0.45608	0.54392	1.361752
11904	-1178.932	-1305.108	126.1756	1.475738	0.4910675	0.444963	0.555037	1.075877
11910	-1172.105	-1298.865	126.7603	1.475738	0.3112946	0.511953	0.488047	0.8254121
11916	-1163.518	-1289.579	126.0618	1.559709	0.5430608	0.420541	0.579459	1.024115
11922	-1159.402	-1285.397	125.9948	1.596091	0.5629272	0.369867	0.630133	1.024115
11928	-1168.386	-1294.387	126.0008	1.6874	0.661454	0.445518	0.554482	0.7471672
11934	-1174.943	-1301.055	126.1113	1.767211	0.5542303	0.445518	0.554482	0.6882573
11940	-1170.967	-1297.274	126.3072	1.570588	0.5581726	0.545518	0.454482	0.6784254
11946	-1168.286	-1294.234	125.948	1.486203	0.5983223	0.468751	0.531249	1.121586
11952	-1182.526	-1308.737	126.2105	1.328847	0.5601412	0.428157	0.571843	1.077423
11958	-1170.909	-1297.395	126.4858	1.395224	0.3657691	0.505959	0.494041	1.077423
11964	-1169.315	-1295.121	125.8059	1.135062	0.4321862	0.499482	0.500518	1.715943
11970	-1181.904	-1307.655	125.7514	1.000432	0.6344032	0.400358	0.599642	1.621261
11976	-1173.383	-1299.611	126.228	1.243785	0.4466138	0.497947	0.502053	1.297918
11982	-1177.104	-1303.534	126.4299	1.352977	0.3096005	0.428456	0.571544	1.269015
11988	-1189.672	-1315.634	125.9626	1.171351	0.2267534	0.446153	0.553847	1.89904
11994	-1179.454	-1305.925	126.4708	1.291294	0.4358798	0.415794	0.584206	1.062195
12000	-1174.809	-1300.806	125.9971	1.180597	0.4840432	0.679191	0.320809	1.477058
12006	-1186.806	-1313.595	126.7885	1.26203	0.2730523	0.591456	0.408544	1.112971
12012	-1176.247	-1301.907	125.6605	1.255743	0.5245489	0.52673	0.47327	1.620996
12018	-1185.041	-1310.866	125.8248	1.172012	0.6892568	0.554166	0.445834	1.38167
12024	-1182.578	-1309.201	126.6235	1.126795	0.3156254	0.630193	0.369807	1.28451
12030	-1164.255	-1289.867	125.6118	0.9873827	0.4498924	0.420928	0.579072	1.929575
12036	-1168.091	-1293.667	125.5752	0.9398221	0.3911657	0.417589	0.582411	2.058811
12042	-1169.379	-1295.525	126.1457	1.043684	0.2873284	0.489409	0.510591	1.753442
12048	-1174.349	-1300.367	126.0179	1.042794	0.526293	0.350222	0.649778	1.512855
12054	-1171.553	-1297.595	126.0423	1.085072	0.457266	0.412082	0.587918	1.549166
12060	-1172.987	-1298.575	125.5883	1.115793	0.7456777	0.515028	0.484972	1.549166
12066	-1167.657	-1293.809	126.1515	1.291271	0.3411784	0.46766	0.53234	1.481569
12072	-1170.479	-1297.121	126.6413	1.255887	0.2780892	0.396157	0.603843	1.235792
12078	-1174.718	-1300.636	125.9179	1.336262	0.6203609	0.515814	0.484186	1.24994
12084	-1191.536	-1317.181	125.6456	1.279719	0.8851868	0.621594	0.378406	1.24994
12090	-1184.425	-1311.131	126.7055	1.404983	0.2575174	0.589031	0.410969	1.093996
12096	-1168.21	-1294.852	126.6421	1.156907	0.3854916	0.563763	0.436237	1.11638
12102	-1168.825	-1294.8	125.9744	1.175704	0.5705933	0.527919	0.472081	1.392303
12108	-1179.499	-1305.416	125.917	1.078898	0.4825822	0.465465	0.534535	1.613293
12114	-1173.424	-1299.856	126.4322	1.223367	0.3510537	0.551829	0.448171	1.298868
12120	-1174.779	-1301.007	126.2279	1.113164	0.3352759	0.587639	0.412361	1.566706
12126	-1165.267	-1291.09	125.8224	1.04877	0.4190164	0.458669	0.541331	1.781917
12132	-1167.872	-1293.995	126.1234	1.034234	0.3652239	0.495094	0.504906	1.653979
12138	-1177.148	-1303.371	126.2231	1.245697	0.4374651	0.392152	0.607848	1.31368
12144	-1173.6	-1299.518	125.9183	1.464579	0.7614595	0.526782	0.473218	0.9616339
12150	-1173.563	-1299.665	126.1021	1.545323	0.5858993	0.527096	0.472904	0.9309111
12156	-1178.003	-1303.994	125.9905	1.423978	0.5715247	0.482403	0.517597	1.174197
12162	-1170.165	-1296.045	125.8799	1.22036	0.6490608	0.520811	0.479189	1.342598
12168	-1167.614	-1294.112	126.4988	1.173198	0.4238408	0.347402	0.652598	1.164169
12174	-1175.194	-1300.582	125.3884	1.201677	0.9105471	0.435982	0.564018	1.492518
12180	-1174.171	-1300.177	126.0063	1.047031	0.3671035	0.443956	0.556044	1.725331
12186	-1187.247	-1313.018	125.771	1.183537	0.5997007	0.516642	0.483358	1.508643
12192	-1174.284	-1300.256	125.9711	0.9834237	0.5997007	0.441026	0.558974	1.508643
12198	-1176.028	-1301.532	125.5037	0.967453	0.4672384	0.496076	0.503924	1.995031
12204	-1176.521	-1302.885	126.3642	1.018115	0.4772431	0.528731	0.471269	1.326933
12210	-1184.94	-1311.215	126.2751	0.9454065	0.3027438	0.356747	0.643253	1.706038
12216	-1174.165	-1300.082	125.9169	0.964009	0.4740516	0.342286	0.657714	1.706038
12222	-1167.433	-1292.984	125.551	1.031925	0.5012436	0.465003	0.534997	1.880935
12228	-1177.215	-1303.988	126.7734	1.011902	0.3201807	0.465003	0.534997	1.247115
12234	-1189.178	-1316.043	126.8648	1.370382	0.2368537	0.592672	0.407328	1.027473
12240	-1184.214	-1309.995	125.7804	1.131864	0.6835413	0.451562	0.548438	1.452834
12246	-1181.336	-1307.508	126.1712	0.8999098	0.3534528	0.451562	0.548438	1.732699
12252	-1182.815	-1308.857	126.0415	1.029635	0.3534528	0.550073	0.449927	1.732699
12258	-1174.053	-1300.28	126.2272	1.077663	0.4007134	0.466411	0.533589	1.494418
12264	-1169.441	-1295.566	126.1248	1.132785	0.4257706	0.396199	0.603801	1.494418
12270	-1168.695	-1294.771	126.0752	1.180311	0.5295809	0.466576	0.533424	1.359291
12276	-1175.729	-1301.423	125.6943	1.17516	0.7907544	0.411175	0.588825	1.381924
12282	-1177.712	-1304.495	126.7826	1.423253	0.2993927	0.490464	0.509536	0.8943659
12288	-1178.103	-1304.796	126.6937	1.242297	0.2561543	0.463293	0.536707	1.249369
12294	-1178.298	-1304.577	126.2792	1.242297	0.4517042	0.487239	0.512761	1.249494
12300	-1175.888	-1302.348	126.4599	1.253024	0.3875293	0.487239	0.512761	1.188877
12306	-1180.315	-1306.51	126.1943	1.328659	0.4923931	0.381239	0.618761	1.188877
12312	-1192.336	-1317.98	125.6439	1.057458	0.6678405	0.462203	0.537797	1.624655
12318	-1189.952	-1316.324	126.3721	1.045112	0.4958654	0.518644	0.481356	1.273061
12324	-1198.303	-1324.561	126.2578	0.9394367	0.3739233	0.352193	0.647807	1.6127
12330	-1193.401	-1319.624	126.2226	1.170592	0.4833787	0.586135	0.413865	1.309814
12336	-1183.026	-1309.405	126.3791	1.088208	0.3613571	0.412954	0.587046	1.430556
12342	-1186.506	-1312.919	126.4128	1.057669	0.349932	0.407713	0.592287	1.446411
12348	-1188.078	-1314.452	126.3735	1.088951	0.3689711	0.375768	0.624232	1.422263
12354	-1186.358	-1311.606	125.2478	0.8435327	0.3885425	0.469803	0.530197	2.33648
12360	-1174.567	-1300.44	125.873	1.10053	0.2971993	0.493955	0.506045	1.886182
12366	-1169.823	-1296.493	126.67	1.396542	0.3481129	0.507152	0.492848	0.9288569
12372	-1171.46	-1297.657	126.1971	0.959231	0.4678279	0.547655	0.452345	1.513992
12378	-1173.517	-1299.695	126.178	1.101046	0.3264608	0.566363	0.433637	1.62591
12384	-1183.799	-1309.793	125.9945	1.099661	0.3623587	0.437781	0.562219	1.703354
12390	-1176.731	-1303.04	126.3089	1.122979	0.3608842	0.440626	0.559374	1.458386
12396	-1173.057	-1299.36	126.3022	1.070438	0.4702292	0.474476	0.525524	1.344339
12402	-1175.824	-1301.549	125.7248	0.9024109	0.4702292	0.512571	0.487429	1.886423
12408	-1192.435	-1318.553	126.118	0.9285262	0.4564282	0.624427	0.375573	1.60939
12414	-1179.236	-1305.428	126.1925	0.8116741	0.369194	0.475492	0.524508	1.756852
12420	-1160.559	-1286.536	125.9772	1.002117	0.3815103	0.459467	0.540533	1.756852
12426	-1169.741	-1295.027	125.286	0.9932365	0.452794	0.459467	0.540533	2.138286
12432	-1165.908	-1292.476	126.5674	1.118289	0.2786889	0.456138	0.543862	1.40494
12438	-1172.233	-1298.416	126.1834	1.094344	0.4619754	0.614339	0.385661	1.429703
12444	-1172.718	-1298.802	126.0839	1.1154	0.5786402	0.484944	0.515056	1.344018
12450	-1171.588	-1297.993	126.4059	1.317672	0.435	0.430331	0.569669	1.099614
12456	-1181.429	-1307.744	126.315	1.317672	0.4869285	0.57414	0.42586	1.099614
12462	-1174.953	-1301.744	126.7908	1.317672	0.3108625	0.480737	0.519263	0.9708585
12468	-1175.286	-1301.777	126.4912	1.320208	0.4482608	0.473683	0.526317	0.992514
12474	-1178.366	-1305.194	126.8285	1.27773	0.3154081	0.51226	0.48774	0.962456
12480	-1168.069	-1294.196	126.1266	1.405707	0.5585682	0.420479	0.579521	1.086184
12486	-1168.626	-1295.036	126.4104	1.322726	0.4444642	0.520473	0.479527	1.074915
12492	-1175.482	-1301.57	126.0885	1.429562	0.6058951	0.520473	0.479527	1.033099
12498	-1179.888	-1306.219	126.3312	1.393743	0.6321742	0.479077	0.520923	0.7524453
12504	-1192.721	-1319.241	126.52	1.168286	0.4504873	0.393464	0.606536	1.106401
12510	-1168.491	-1294.594	126.1029	1.112161	0.4064513	0.551936	0.448064	1.55309
12516	-1164.268	-1290.534	126.2668	1.006158	0.4399698	0.567806	0.432194	1.463259
12522	-1163.708	-1289.971	126.263	0.9174191	0.3508996	0.504465	0.495535	1.658951
12528	-1170.888	-1296.751	125.8634	0.95493	0.4795618	0.504465	0.495535	1.743479
12534	-1182.697	-1308.551	125.8535	0.8635596	0.2654807	0.398343	0.601657	2.108656
12540	-1182.682	-1308.942	126.2605	1.030195	0.5167304	0.555841	0.444159	1.347717
12546	-1174.113	-1300.523	126.4109	0.9913984	0.4178674	0.592097	0.407903	1.395021
12552	-1166.269	-1292.632	126.3637	1.038533	0.4178674	0.508044	0.491956	1.395021
12558	-1164.513	-1290.901	126.3877	1.197216	0.395198	0.490029	0.509971	1.283768
12564	-1161.602	-1288.106	126.5036	1.087061	0.4378262	0.440792	0.559208	1.212275
12570	-1166.675	-1293.1	126.425	1.241114	0.5200995	0.515988	0.484012	1.016054
12576	-1170.273	-1296.604	126.3306	1.384985	0.4899868	0.599882	0.400118	1.016054
12582	-1173.578	-1300.312	126.7345	1.259239	0.4222532	0.523841	0.476159	0.8438919
12588	-1173.133	-1299.65	126.5164	1.533233	0.3927534	0.432068	0.567932	0.8441429
12594	-1167.361	-1294.05	126.6894	1.366677	0.39625	0.440279	0.559721	0.8277335
12600	-1175.299	-1302.061	126.7619	1.582584	0.3143604	0.565892	0.434108	0.6424153
12606	-1168.424	-1295.202	126.7771	1.582584	0.3143604	0.509262	0.490738	0.6039754
12612	-1181.206	-1307.674	126.4677	1.676499	0.4218232	0.53271	0.46729	0.5905096
12618	-1173.936	-1300.576	126.6401	1.470009	0.4018996	0.402163	0.597837	0.7377107
12624	-1177.219	-1303.735	126.5156	1.442829	0.4667865	0.440799	0.559201	0.7861742
12630	-1170	-1296.238	126.238	1.373578	0.7090629	0.379313	0.620687	0.7672474
12636	-1177.927	-1304.426	126.4991	1.124225	0.5297502	0.626921	0.373079	1.042662
12642	-1175.823	-1302.091	126.268	1.124225	0.3299009	0.492914	0.507086	1.537642
12648	-1170.779	-1297.134	126.355	1.126863	0.3913071	0.42979	0.57021	1.372505
12654	-1174.553	-1300.447	125.8943	1.008764	0.5805268	0.42979	0.57021	1.567732
12660	-1165.22	-1291.192	125.9721	1.03441	0.6205273	0.483428	0.516572	1.446747
12666	-1164.932	-1290.788	125.8565	1.166843	0.437804	0.481821	0.518179	1.650081
12672	-1177.604	-1303.993	126.389	1.197803	0.4576764	0.55912	0.44088	1.185109
12678	-1171.446	-1297.876	126.4304	1.323471	0.4576764	0.378751	0.621249	1.032824
12684	-1172.656	-1299.013	126.3572	1.427606	0.440462	0.419915	0.580085	1.032568
12690	-1180.311	-1306.976	126.6651	1.519895	0.2926432	0.46076	0.53924	0.9348751
12696	-1177.538	-1303.888	126.3495	1.496886	0.5190602	0.41509	0.58491	0.8188657
12702	-1172.283	-1298.68	126.3973	1.518605	0.439271	0.41509	0.58491	0.898674
12708	-1177.662	-1303.914	126.2521	1.489743	0.5784319	0.416784	0.583216	0.8348191
12714	-1170.888	-1297.448	126.5597	1.273201	0.4348572	0.544954	0.455046	0.9951896
12720	-1176.014	-1302.411	126.3968	1.332725	0.5921027	0.46295	0.53705	0.8248598
12726	-1177.286	-1304.06	126.7749	1.530925	0.3091644	0.590751	0.409249	0.7349005
12732	-1174.927	-1301.626	126.699	1.666549	0.2751408	0.411662	0.588338	0.7662713
12738	-1165.241	-1291.346	126.1044	1.75077	0.6082307	0.538019	0.461981	0.4971948
12744	-1175.328	-1301.143	125.8144	1.859269	0.7433414	0.550566	0.449434	0.4803553
12750	-1171.895	-1298.02	126.1247	1.695005	0.5881727	0.468941	0.531059	0.7020361
12756	-1172.996	-1299.262	126.2665	1.642139	0.5300335	0.39262	0.60738	0.7020361
12762	-1175.71	-1301.986	126.276	1.449787	0.4678362	0.483663	0.516337	1.042818
12768	-1178.003	-1304.679	126.676	1.537608	0.3385075	0.457247	0.542753	0.775097
12774	-1184.117	-1311.144	127.027	1.339258	0.2396989	0.493897	0.506103	0.8814204
12780	-1181.634	-1307.803	126.169	1.339258	0.4657201	0.503221	0.496779	1.240023
12786	-1168.553	-1294.667	126.1139	1.339258	0.5945508	0.521053	0.478947	1.109431
12792	-1185.056	-1311.055	125.9996	0.9814219	0.3185553	0.550431	0.449569	1.847602
12798	-1180.042	-1306.089	126.0468	0.9814219	0.362376	0.550431	0.449569	1.749764
12804	-1180.236	-1306.289	126.0528	0.9858774	0.4104168	0.426901	0.573099	1.675383
12810	-1167.368	-1293.687	126.3184	1.088547	0.2821948	0.522589	0.477411	1.607345
12816	-1163.158	-1289.604	126.4462	1.142307	0.3267285	0.460901	0.539099	1.393868
12822	-1163.743	-1290.204	126.4609	1.124066	0.3267285	0.539764	0.460236	1.396695
12828	-1162.187	-1287.567	125.3805	1.19238	0.5285459	0.476639	0.523361	1.857621
12834	-1164.649	-1290.392	125.7434	1.19238	0.4652611	0.567022	0.432978	1.677868
12840	-1162.215	-1287.988	125.7733	1.048893	0.45544	0.396196	0.603804	1.769939
12846	-1159.385	-1284.849	125.4647	1.132135	0.5961832	0.533544	0.466456	1.769939
12852	-1168.669	-1294.001	125.3312	1.007552	0.7925759	0.533544	0.466456	1.769939
12858	-1167.709	-1294.087	126.3775	1.089298	0.39835	0.397921	0.602079	1.373542
12864	-1163.623	-1289.131	125.508	1.173546	0.8168275	0.41452	0.58548	1.502361
12870	-1159.499	-1285.718	126.2185	1.158769	0.5590805	0.468654	0.531346	1.222361
12876	-1149.981	-1276.612	126.6314	1.23143	0.3910224	0.462695	0.537305	1.046913
12882	-1161.954	-1288.41	126.4563	1.307536	0.5763983	0.488224	0.511776	0.8106058
12888	-1157.418	-1283.566	126.1477	1.21213	0.5644035	0.538627	0.461373	1.230218
12894	-1165.125	-1291.47	126.3445	0.9989551	0.3484349	0.473189	0.526811	1.544221
12900	-1167.518	-1293.522	126.0033	1.014532	0.5236823	0.425572	0.574428	1.547811
12906	-1172.14	-1298.124	125.984	1.011552	0.3763204	0.425572	0.574428	1.752812
12912	-1178.592	-1304.786	126.1938	1.538206	0.554919	0.493702	0.506298	0.8889101
12918	-1173.565	-1299.731	126.1663	1.67988	0.5637176	0.493702	0.506298	0.7190848
12924	-1170.748	-1296.894	126.1459	1.725686	0.5959276	0.411359	0.588641	0.5274328
12930	-1178.435	-1304.74	126.3049	1.750759	0.4790883	0.424588	0.575412	0.5267482
12936	-1172.643	-1299.095	126.4516	1.818876	0.3631399	0.65155	0.34845	0.5401413
12942	-1170.594	-1296.691	126.097	1.644559	0.6558277	0.330475	0.669525	0.6691437
12948	-1171.199	-1297.812	126.6124	1.727568	0.3288319	0.525405	0.474595	0.5590202
12954	-1166.665	-1293.049	126.3836	1.712123	0.4562487	0.535428	0.464572	0.5206172
12960	-1171.868	-1298.672	126.8034	1.44475	0.3340256	0.535428	0.464572	0.7384726
12966	-1178.515	-1304.943	126.4275	1.622972	0.4012191	0.472625	0.527375	0.8226362
12972	-1179.258	-1305.434	126.1764	1.558364	0.5875184	0.598456	0.401544	0.8266586
12978	-1175.366	-1301.408	126.0418	1.467351	0.5554954	0.556414	0.443586	1.111726
12984	-1176.402	-1302.586	126.1848	1.480833	0.6611088	0.556569	0.443431	0.7804284
12990	-1176.748	-1303.399	126.6503	1.538111	0.348519	0.502466	0.497534	0.7804284
12996	-1163.808	-1290.313	126.5048	1.480739	0.4427194	0.443382	0.556618	0.8067937
13002	-1174.409	-1301.332	126.9224	1.437917	0.2413123	0.527033	0.472967	0.8833672
13008	-1177.456	-1303.825	126.3687	1.436823	0.5257364	0.435524	0.564476	0.8563177
13014	-1171.823	-1297.775	125.9524	1.164369	0.5257364	0.513205	0.486795	1.471341
13020	-1163.908	-1290.459	126.5507	1.356784	0.3382275	0.508583	0.491417	1.10635
13026	-1172.364	-1298.427	126.0636	1.238987	0.3609056	0.532732	0.467268	1.555111
13032	-1183.241	-1309.277	126.036	1.10876	0.2773649	0.54214	0.45786	1.801265
13038	-1175.678	-1302.383	126.7048	1.10876	0.2899832	0.48033	0.51967	1.281409
13044	-1174.085	-1300.514	126.4294	1.096497	0.3450332	0.48033	0.51967	1.411717
13050	-1174.052	-1300.354	126.3028	1.348135	0.3233846	0.434363	0.565637	1.350652
13056	-1169.142	-1295.642	126.5	0.9636598	0.3731837	0.434363	0.565637	1.414767
13062	-1178.351	-1304.245	125.8942	0.8913299	0.2448338	0.463709	0.536291	2.098737
13068	-1167.369	-1292.957	125.5882	0.9239133	0.5308401	0.582098	0.417902	1.896546
13074	-1178.044	-1303.931	125.8863	1.174881	0.6229396	0.584246	0.415754	1.401979
13080	-1175.901	-1302.378	126.4773	1.119758	0.2900055	0.515132	0.484868	1.452166
13086	-1172.188	-1298.745	126.5573	1.286008	0.288913	0.483479	0.516521	1.258977
13092	-1167.137	-1293.681	126.5436	1.327082	0.288913	0.508979	0.491021	1.236089
13098	-1174.725	-1300.878	126.1531	1.314837	0.2943168	0.531377	0.468623	1.54147
13104	-1180.362	-1306.684	126.3221	1.189937	0.3793665	0.478638	0.521362	1.367327
13110	-1185.66	-1311.901	126.2405	1.148949	0.4638979	0.478638	0.521362	1.33967
13116	-1178.421	-1304.336	125.9151	1.081254	0.5219859	0.478638	0.521362	1.565576
13122	-1167.553	-1293.717	126.1644	1.109225	0.4479867	0.473058	0.526942	1.451779
13128	-1171.699	-1298.13	126.4311	1.655707	0.4403238	0.473058	0.526942	0.6511405
13134	-1172.18	-1298.48	126.2996	1.749106	0.4837272	0.618552	0.381448	0.514584
13140	-1172.243	-1298.061	125.818	1.304874	0.7721904	0.672532	0.327468	1.192799
13146	-1168.316	-1294.371	126.0556	1.152242	0.4144814	0.536959	0.463041	1.5472
13152	-1176.886	-1302.448	125.5616	1.141349	0.5334107	0.520819	0.479181	1.762404
13158	-1183.184	-1308.748	125.5635	0.9318527	0.5334107	0.539378	0.460622	1.905171
13164	-1180.944	-1307.348	126.4044	0.893052	0.2805769	0.44409	0.55591	1.688752
13170	-1173.945	-1299.874	125.9283	0.9184215	0.3251344	0.454289	0.545711	1.929
13176	-1183.151	-1309.75	126.5991	0.9123131	0.2725852	0.411386	0.588614	1.548137
13182	-1172.334	-1298.768	126.4335	1.245383	0.421907	0.400377	0.599623	1.161274
13188	-1176.68	-1303.48	126.8005	1.197474	0.3218461	0.63342	0.36658	1.055574
13194	-1169.35	-1295.673	126.3225	1.202236	0.4650988	0.521274	0.478726	1.227116
13200	-1170.404	-1296.743	126.3385	1.003931	0.3110183	0.541868	0.458132	1.605075
13206	-1192.207	-1318.69	126.4824	0.8983195	0.3110183	0.381954	0.618046	1.577188
13212	-1182.821	-1308.451	125.6299	0.9202008	0.584395	0.50787	0.49213	1.814407
13218	-1173.482	-1299.894	126.4125	1.107514	0.3269658	0.50787	0.49213	1.44633
13224	-1173.188	-1299.511	126.3225	0.9599037	0.2534958	0.386923	0.613077	1.747312
13230	-1167.664	-1293.557	125.8929	0.9517458	0.4611118	0.386703	0.613297	1.747312
13236	-1166.34	-1292.342	126.0022	1.059849	0.4672503	0.435101	0.564899	1.584302
13242	-1173.566	-1299.747	126.1815	1.043225	0.4544744	0.542673	0.457327	1.480132
13248	-1175.399	-1301.337	125.938	1.121411	0.5549453	0.500033	0.499967	1.480132
13254	-1169.591	-1295.874	126.2831	0.9836693	0.3330339	0.356842	0.643158	1.6244
13260	-1172.641	-1297.774	125.1328	0.8288104	0.3330339	0.510178	0.489822	2.490667
13266	-1184.54	-1310.185	125.645	0.779859	0.3286221	0.510178	0.489822	2.202324
13272	-1190.85	-1315.444	124.5938	0.75694	0.4218628	0.370564	0.629436	2.75782
13278	-1181.414	-1307.438	126.0239	0.8407906	0.4427828	0.485447	0.514553	1.756024
13284	-1177.936	-1303.577	125.6413	0.9838727	0.5834747	0.554031	0.445969	1.763213
13290	-1169.545	-1295.549	126.0037	0.9215913	0.4045692	0.538339	0.461661	1.763213
13296	-1183.282	-1309.776	126.4938	1.105646	0.3280143	0.568882	0.431118	1.383161
13302	-1173.949	-1300.015	126.0663	1.163737	0.5208046	0.480025	0.519975	1.390312
13308	-1180.233	-1305.962	125.7283	1.108866	0.594839	0.406197	0.593803	1.600407
13314	-1175.586	-1301.933	126.347	1.106223	0.2917143	0.461404	0.538596	1.556842
13320	-1170.855	-1297.051	126.1954	0.8700627	0.2953811	0.441644	0.558356	1.826145
13326	-1163.398	-1289.084	125.6851	0.9681536	0.4198792	0.411371	0.588629	1.929946
13332	-1173.702	-1299.515	125.8129	0.8991025	0.3891724	0.570833	0.429167	1.929946
13338	-1169.165	-1295.215	126.0495	0.8602434	0.3743178	0.482263	0.517737	1.815176
13344	-1170.944	-1296.418	125.4748	0.8602434	0.4842047	0.392973	0.607027	2.066065
13350	-1170.477	-1296.099	125.622	0.9574742	0.3740764	0.593842	0.406158	2.038619
13356	-1171.449	-1297.257	125.8079	0.8772993	0.298412	0.391893	0.608107	2.077129
13362	-1171.006	-1295.768	124.7618	0.8772993	0.5600999	0.569332	0.430668	2.435336
13368	-1167.776	-1292.827	125.0505	0.6730872	0.4467103	0.620342	0.379658	2.499589
13374	-1160.011	-1285.155	125.1437	0.708795	0.3784826	0.469471	0.530529	2.499589
13380	-1165.625	-1290.598	124.9726	0.6473052	0.463	0.331635	0.668365	2.546312
13386	-1164.218	-1289.249	125.0305	0.5894714	0.463	0.524872	0.475128	2.546312
13392	-1168.198	-1294.196	125.9985	0.9534666	0.560818	0.524872	0.475128	1.553539
13398	-1160.077	-1286.637	126.5597	1.162411	0.3520247	0.581597	0.418403	1.242322
13404	-1163.371	-1289.498	126.1274	1.085895	0.3158463	0.535116	0.464884	1.689961
13410	-1169.413	-1295.757	126.3437	1.113126	0.2781762	0.491691	0.508309	1.578175
13416	-1165.184	-1291.058	125.8738	1.203117	0.717012	0.590587	0.409413	1.288855
13422	-1163.07	-1289.642	126.5718	1.231847	0.2876002	0.395237	0.604763	1.294123
13428	-1167.225	-1293.267	126.0412	1.231847	0.5707794	0.602669	0.397331	1.294123
13434	-1179.868	-1305.733	125.8653	1.353865	0.6270488	0.520318	0.479682	1.271112
13440	-1174.215	-1300.597	126.3821	1.323879	0.4845709	0.520318	0.479682	1.034298
13446	-1173.25	-1299.035	125.7854	1.535895	0.7450434	0.432372	0.567628	1.043258
13452	-1177.665	-1303.77	126.1046	1.461899	0.5357848	0.536647	0.463353	1.08729
13458	-1166.763	-1293.317	126.5538	1.339813	0.3957527	0.477221	0.522779	1.007944
13464	-1177.513	-1304.073	126.5599	1.275558	0.2680529	0.610781	0.389219	1.307122
13470	-1165.956	-1291.767	125.8105	1.043308	0.5577546	0.41751	0.58249	1.628586
13476	-1164.06	-1290.157	126.0966	0.9935241	0.3814248	0.410839	0.589161	1.678856
13482	-1167.407	-1293.741	126.3346	0.9523552	0.4240949	0.466885	0.533115	1.474671
13488	-1178.986	-1304.721	125.735	1.226244	0.4782615	0.552585	0.447415	1.643622
13494	-1167.026	-1293.259	126.2331	1.110838	0.3974689	0.546828	0.453172	1.469686
13500	-1177.958	-1304.077	126.1181	1.27497	0.5729603	0.468496	0.531504	1.190902
13506	-1167.927	-1294.55	126.6228	1.293402	0.2755307	0.468496	0.531504	1.225036
13512	-1158.018	-1284.523	126.5043	1.227554	0.4138105	0.514428	0.485572	1.127622
13518	-1160.76	-1287.015	126.2547	1.264744	0.3840821	0.511659	0.488341	1.354011
13524	-1179.059	-1305.536	126.4774	1.296463	0.3810464	0.53594	0.46406	1.146741
13530	-1163.405	-1289.962	126.5572	1.209968	0.3275854	0.53071	0.46929	1.248618
13536	-1168.979	-1294.931	125.9514	1.040317	0.3401942	0.502109	0.497891	1.807565
13542	-1176.207	-1302.208	126.001	1.075835	0.3020583	0.502109	0.497891	1.807565
13548	-1166.904	-1293.167	126.2632	1.206576	0.3041634	0.502109	0.497891	1.523002
13554	-1166.647	-1293.333	126.6858	1.263477	0.300235	0.620737	0.379263	1.145298
13560	-1161.244	-1287.786	126.5425	1.329402	0.4267637	0.536926	0.463074	0.9705043
13566	-1171.532	-1298.243	126.7104	1.402713	0.3444741	0.491201	0.508799	0.885564
13572	-1166.44	-1292.962	126.5216	1.36005	0.3444741	0.492143	0.507857	1.11767
13578	-1174.085	-1300.607	126.522	1.402912	0.3679491	0.531305	0.468695	1.031451
13584	-1175.978	-1301.931	125.9528	1.039467	0.3679491	0.499196	0.500804	1.766904
13590	-1171.933	-1298.21	126.2766	1.039467	0.4680137	0.559615	0.440385	1.391889
13596	-1172.196	-1298.498	126.3021	1.223268	0.4816045	0.415114	0.584886	1.202473
13602	-1168.354	-1294.608	126.2535	1.358541	0.4674731	0.389641	0.610359	1.148118
13608	-1167.154	-1293.316	126.1618	1.366356	0.5598316	0.562176	0.437824	1.088186
13614	-1166.862	-1293.343	126.4815	1.147852	0.4205721	0.428183	0.571817	1.206313
13620	-1165.399	-1291.749	126.3496	1.180032	0.4275666	0.428183	0.571817	1.278858
13626	-1171.102	-1297.386	126.2843	1.118583	0.4144908	0.567965	0.432035	1.399522
13632	-1168.581	-1294.796	126.2147	1.223636	0.395924	0.387437	0.612563	1.399522
13638	-1177.682	-1303.549	125.8674	1.028375	0.6897619	0.391982	0.608018	1.459126
13644	-1177.281	-1303.63	126.3487	1.032979	0.4247607	0.407457	0.592543	1.401073
13650	-1179.122	-1305.34	126.2182	1.051509	0.4853657	0.549365	0.450635	1.404864
13656	-1178.223	-1304.76	126.5371	1.287554	0.4075099	0.526831	0.473169	1.052964
13662	-1181.55	-1308.003	126.4533	1.517537	0.3545493	0.458412	0.541588	1.013596
13668	-1171.204	-1297.801	126.5966	1.429003	0.3209144	0.48838	0.51162	1.030984
13674	-1169.813	-1296.327	126.5137	1.23878	0.3387417	0.554861	0.445139	1.240591
13680	-1166.102	-1292.493	126.3912	1.23878	0.3808955	0.455951	0.544049	1.269865
13686	-1167.221	-1294.022	126.8015	1.226706	0.2555941	0.477114	0.522886	1.172032
13692	-1163.849	-1290.091	126.2412	1.224197	0.5242367	0.507587	0.492413	1.193666
13698	-1171.555	-1297.89	126.3348	1.251149	0.4525574	0.507587	0.492413	1.193666
13704	-1176.627	-1302.843	126.2152	1.34248	0.5511975	0.487524	0.512476	1.07313
13710	-1170.697	-1296.992	126.2946	1.307002	0.4218362	0.487524	0.512476	1.227853
13716	-1188.942	-1315.304	126.3621	1.42104	0.4160253	0.435137	0.564863	1.076953
13722	-1188.344	-1314.421	126.0771	1.534633	0.6367186	0.447461	0.552539	0.8896505
13728	-1179.697	-1306.374	126.6776	1.558356	0.3532636	0.64947	0.35053	0.6903088
13734	-1186.436	-1312.249	125.8131	1.738077	0.7689207	0.452095	0.547905	0.7458327
13740	-1182.369	-1308.886	126.5177	1.27504	0.3278462	0.412771	0.587229	1.226681
13746	-1181.465	-1307.513	126.0473	1.148479	0.6066354	0.412771	0.587229	1.313895
13752	-1196.816	-1323.243	126.4276	1.304145	0.4694692	0.374948	0.625052	1.034363
13758	-1182.295	-1309.172	126.8766	1.304817	0.267516	0.381931	0.618069	1.001797
13764	-1161.49	-1288.282	126.7912	1.453788	0.3159765	0.605363	0.394637	0.8000489
13770	-1170.346	-1296.804	126.458	1.660106	0.3959349	0.509119	0.490881	0.7430135
13776	-1177.903	-1303.567	125.6635	1.645239	1.016745	0.63621	0.36379	0.699845
13782	-1182.54	-1308.941	126.4004	1.475113	0.5259305	0.493067	0.506933	0.7643629
13788	-1186.71	-1312.616	125.9061	1.662495	0.7446087	0.418539	0.581461	0.7643629
13794	-1183.553	-1309.708	126.1552	1.662495	0.5985352	0.530463	0.469537	0.6780466
13800	-1184.587	-1311.186	126.599	1.454487	0.3878407	0.530117	0.469883	0.8511936
13806	-1191.545	-1317.913	126.368	1.580215	0.4773132	0.424577	0.575423	0.7751722
13812	-1184.475	-1310.85	126.3741	1.653887	0.4773132	0.527718	0.472282	0.6375435
13818	-1189.38	-1315.697	126.3163	1.71792	0.4773132	0.459688	0.540312	0.6225663
13824	-1185.912	-1312.448	126.5361	1.696732	0.3825675	0.459688	0.540312	0.5279032
13830	-1184.889	-1311.041	126.1519	1.696732	0.6111076	0.453052	0.546948	0.5354001
13836	-1180.183	-1306.521	126.3375	1.867984	0.3971522	0.481103	0.518897	0.4898887
13842	-1175.288	-1301.214	125.9265	2.105073	0.4582823	0.48444	0.51556	0.3446045
13848	-1171.796	-1297.559	125.7634	2.203754	0.4800956	0.537673	0.462327	0.318349
13854	-1167.114	-1292.956	125.8414	2.203754	0.4006255	0.488301	0.511699	0.2713735
13860	-1167.709	-1293.765	126.0562	2.203754	0.2962077	0.488301	0.511699	0.2674471
13866	-1169.965	-1296.164	126.1992	2.163777	0.2799629	0.338171	0.661829	0.311373
13872	-1170.355	-1296.631	126.2761	1.858243	0.4090702	0.575028	0.424972	0.3600069
13878	-1177.861	-1304.132	126.2709	1.839705	0.447231	0.619112	0.380888	0.4694102
13884	-1169.604	-1296.093	126.4885	1.762339	0.3655112	0.453254	0.546746	0.6004751
13890	-1176.506	-1303.089	126.5825	1.577321	0.4144242	0.453254	0.546746	0.58481
13896	-1176.83	-1303.568	126.7378	1.451733	0.3283404	0.453254	0.546746	0.8360187
13902	-1169.361	-1296.236	126.8747	1.257224	0.3009361	0.627335	0.372665	0.9702533
13908	-1168.275	-1294.819	126.5439	1.386717	0.3978734	0.57059	0.42941	0.9662212
13914	-1165.331	-1291.734	126.4032	1.384258	0.3731171	0.469153	0.530847	1.148815
13920	-1174.095	-1300.118	126.0229	1.090191	0.4925822	0.396928	0.603072	1.514801
13926	-1186.334	-1311.788	125.4543	0.9469275	0.7141176	0.396928	0.603072	1.793823
13932	-1182.763	-1307.727	124.9643	1.037488	0.8160529	0.42753	0.57247	1.980926
13938	-1173.285	-1298.714	125.4296	0.9595554	0.5432102	0.499547	0.500453	1.966378
13944	-1171.24	-1297.705	126.4657	1.279659	0.3649136	0.516452	0.483548	1.200029
13950	-1168.921	-1294.116	125.1954	0.8982572	0.3653204	0.445053	0.554947	2.364616
13956	-1165.075	-1290.733	125.6585	0.8200404	0.4010374	0.410015	0.589985	2.070224
13962	-1168.961	-1294.421	125.4595	0.8535035	0.4935254	0.57777	0.42223	2.070224
13968	-1171.099	-1296.955	125.8558	1.090535	0.4370231	0.574006	0.425994	1.705964
13974	-1171.733	-1298.081	126.3478	1.224204	0.3864169	0.338648	0.661352	1.308249
13980	-1167.52	-1294.125	126.6053	1.469115	0.3586695	0.456608	0.543392	0.895669
13986	-1171.962	-1298.481	126.519	1.38698	0.4087221	0.510334	0.489666	0.9701967
13992	-1181.567	-1308.315	126.7477	1.57208	0.2749632	0.555904	0.444096	0.8282899
13998	-1171.51	-1297.878	126.3682	1.697792	0.4696455	0.481915	0.518085	0.562623
14004	-1175.812	-1301.591	125.7796	1.660516	0.8037853	0.437424	0.562576	0.8399746
14010	-1171.552	-1298.355	126.8026	1.146406	0.3269167	0.500152	0.499848	1.090927
14016	-1171.378	-1297.329	125.9507	1.194375	0.5247575	0.542097	0.457903	1.451053
14022	-1170.734	-1296.811	126.077	1.033617	0.5970686	0.542097	0.457903	1.392483
14028	-1175.311	-1301.54	126.2291	1.267384	0.6046549	0.506434	0.493566	1.05545
14034	-1172.402	-1298.684	126.2827	1.810859	0.4485209	0.447057	0.552943	0.5970158
14040	-1181.565	-1308.18	126.6154	1.468179	0.3581772	0.447057	0.552943	0.886381
14046	-1180.148	-1306.452	126.3043	1.482912	0.4711053	0.459151	0.540849	0.9763136
14052	-1171.243	-1297.719	126.4763	1.417408	0.5370613	0.459151	0.540849	0.7084947
14058	-1173.133	-1299.899	126.7663	1.511906	0.3287172	0.459151	0.540849	0.7084947
14064	-1174.326	-1300.659	126.3335	1.511906	0.5637135	0.510132	0.489868	0.7204523
14070	-1172.583	-1298.815	126.2321	1.613296	0.5637135	0.577427	0.422573	0.7204523
14076	-1169.311	-1295.432	126.1211	1.680301	0.5833998	0.496502	0.503498	0.7431575
14082	-1176.451	-1303.325	126.8739	1.532999	0.2401662	0.609305	0.390695	0.8311406
14088	-1179.069	-1305.581	126.5126	1.310692	0.4780988	0.605003	0.394997	0.9256712
14094	-1186.55	-1312.286	125.7358	1.128987	0.5257506	0.537212	0.462788	1.656619
14100	-1188.037	-1314.197	126.1593	1.193944	0.6414292	0.374933	0.625067	1.13925
14106	-1194.162	-1320.622	126.4594	1.265392	0.4136696	0.475886	0.524114	1.134248
14112	-1187.002	-1313.734	126.7321	1.202593	0.2239141	0.530552	0.469448	1.32119
14118	-1169.534	-1295.646	126.1127	1.06865	0.5079997	0.622118	0.377882	1.44401
14124	-1174.462	-1300.434	125.9718	1.076245	0.580065	0.472852	0.527148	1.459949
14130	-1176.02	-1302.181	126.1605	1.057961	0.580065	0.577352	0.422648	1.326964
14136	-1176.621	-1302.842	126.2212	0.9972773	0.580065	0.477441	0.522559	1.326964
14142	-1184.585	-1310.713	126.1276	1.176126	0.4818281	0.486707	0.513293	1.383046
14148	-1173.037	-1299.234	126.1972	1.139847	0.3744446	0.480529	0.519471	1.509067
14154	-1178.867	-1305.069	126.2021	1.000145	0.4454955	0.520992	0.479008	1.509067
14160	-1177.591	-1303.734	126.1434	1.115214	0.3513022	0.518867	0.481133	1.601951
14166	-1168.802	-1295.259	126.4574	1.303538	0.3896968	0.521115	0.478885	1.143091
14172	-1171.408	-1297.598	126.1908	1.215	0.5769538	0.504003	0.495997	1.174669
14178	-1173.614	-1299.894	126.2803	1.255206	0.4292845	0.485465	0.514535	1.271447
14184	-1175.778	-1302.04	126.262	1.547099	0.4292845	0.376616	0.623384	1.028763
14190	-1174.498	-1301.023	126.525	1.326741	0.4292845	0.376616	0.623384	0.986378
14196	-1169.622	-1295.842	126.2197	1.244484	0.61824	0.503865	0.496135	1.067606
14202	-1173.198	-1300.046	126.8474	1.174318	0.2902326	0.503865	0.496135	1.101256
14208	-1171.329	-1297.836	126.5071	1.39818	0.4471866	0.372732	0.627268	0.8945305
14214	-1171.538	-1298.058	126.52	1.225732	0.348297	0.45262	0.54738	1.229087
14220	-1178.844	-1304.982	126.1378	1.275255	0.5309645	0.52832	0.47168	1.229087
14226	-1167.207	-1293.378	126.1702	1.140426	0.4630679	0.52832	0.47168	1.402843
14232	-1171.346	-1297.159	125.8121	1.218156	0.6442969	0.623346	0.376654	1.402843
14238	-1173.074	-1298.446	125.3714	1.127679	0.7358766	0.614448	0.385552	1.706006
14244	-1174.201	-1300.068	125.8669	0.9901117	0.4110199	0.574401	0.425599	1.802107
14250	-1174.66	-1300.244	125.5833	0.9875735	0.5151816	0.393128	0.606872	1.873594
14256	-1178.979	-1305.012	126.0325	0.930629	0.4077927	0.60299	0.39701	1.732395
14262	-1167.861	-1293.896	126.0344	0.878933	0.4030936	0.476733	0.523267	1.773503
14268	-1173.078	-1299.217	126.1396	0.9752542	0.3074123	0.352313	0.647687	1.772632
14274	-1169.031	-1294.626	125.5952	0.9190148	0.6272436	0.443898	0.556102	1.796418
14280	-1162.625	-1287.88	125.2545	0.9404574	0.7083696	0.468152	0.531848	1.939778
14286	-1169.888	-1295.624	125.7365	1.051796	0.5889917	0.468152	0.531848	1.64198
14292	-1158.186	-1284.177	125.9905	1.176627	0.3687922	0.468152	0.531848	1.64198
14298	-1155.15	-1281.22	126.0699	1.034345	0.5007873	0.536216	0.463784	1.511215
14304	-1175.149	-1300.736	125.5875	0.9959767	0.5186053	0.571748	0.428252	1.861216
14310	-1180.086	-1306.26	126.1735	1.089108	0.4033754	0.571748	0.428252	1.522234
14316	-1178.569	-1304.729	126.16	1.059369	0.4263489	0.368644	0.631356	1.522234
14322	-1177.554	-1303.591	126.037	1.011883	0.4263489	0.484629	0.515371	1.646808
14328	-1169.659	-1296.251	126.5919	0.9901623	0.2556947	0.662943	0.337057	1.527419
14334	-1163.253	-1288.733	125.4794	1.051507	0.5223544	0.484544	0.515456	1.892932
14340	-1167.154	-1292.686	125.5324	0.9080693	0.5955361	0.507596	0.492404	1.878306
14346	-1170.757	-1297.079	126.3223	1.014476	0.2635464	0.563175	0.436825	1.690839
14352	-1165.853	-1292.005	126.1515	1.094401	0.3715764	0.533801	0.466199	1.580726
14358	-1164.97	-1291.481	126.511	1.176276	0.3469566	0.531148	0.468852	1.280042
14364	-1176.056	-1302.594	126.5375	1.059304	0.3469566	0.404811	0.595189	1.353004
14370	-1178.529	-1304.893	126.3642	1.187412	0.5236201	0.496504	0.503496	1.118562
14376	-1170.246	-1296.076	125.8305	1.253915	0.7903858	0.479546	0.520454	1.207031
14382	-1172.359	-1298.651	126.2923	1.04607	0.3945539	0.455452	0.544548	1.478143
14388	-1173.289	-1299.279	125.9902	1.04607	0.4559241	0.455452	0.544548	1.617463
14394	-1172.434	-1298.613	126.1789	0.9801774	0.3898024	0.427296	0.572704	1.617463
14400	-1169.535	-1294.56	125.0248	0.9726093	0.6376742	0.564846	0.435154	2.133467
14406	-1171.153	-1296.969	125.8162	1.018219	0.3097392	0.473892	0.526108	1.960537
14412	-1180.718	-1307.112	126.3939	0.8063415	0.3225736	0.416043	0.583957	1.688525
14418	-1171.685	-1297.643	125.9588	1.099096	0.6072374	0.467101	0.532899	1.421935
14424	-1179.068	-1305.478	126.4098	1.383033	0.4158049	0.438863	0.561137	1.068262
14430	-1174.129	-1300.438	126.309	1.428928	0.5227508	0.511585	0.488415	0.9381125
14436	-1173.134	-1299.5	126.3667	1.380998	0.4264277	0.511585	0.488415	1.091847
14442	-1177.904	-1304.451	126.5469	1.378672	0.2969304	0.54018	0.45982	1.172973
14448	-1174.16	-1300.05	125.8903	1.116671	0.5979745	0.406246	0.593754	1.471063
14454	-1172.529	-1298.408	125.8784	1.058724	0.3564098	0.516212	0.483788	1.821628
14460	-1168.725	-1295.263	126.5375	1.012793	0.3327772	0.516212	0.483788	1.413296
14466	-1172.224	-1298.079	125.8549	1.027928	0.5135946	0.421572	0.578428	1.65773
14472	-1170.429	-1296.61	126.1807	1.10043	0.3058969	0.459091	0.540909	1.65773
14478	-1167.529	-1293.298	125.7684	0.930597	0.552239	0.481882	0.518118	1.744608
14484	-1177.811	-1303.596	125.7845	0.9607454	0.5096232	0.473153	0.526847	1.759515
14490	-1173.373	-1299.476	126.103	0.9282436	0.2674576	0.473153	0.526847	1.895902
14496	-1164.429	-1290.583	126.1544	0.9487236	0.3250236	0.360695	0.639305	1.753153
14502	-1163.492	-1289.39	125.8982	0.9197967	0.2565079	0.460179	0.539821	2.057269
14508	-1163.574	-1289.524	125.9498	0.6705974	0.4591339	0.313831	0.686169	1.904147
14514	-1181.557	-1306.513	124.9556	0.7604593	0.3319332	0.321666	0.678334	2.644632
14520	-1179.534	-1305.813	126.2792	0.7991792	0.3319332	0.407261	0.592739	1.75983
14526	-1171.975	-1297.251	125.2758	0.9153991	0.602299	0.407261	0.592739	2.039085
14532	-1162.805	-1288.616	125.8113	0.9490521	0.3858119	0.407261	0.592739	1.901736
14538	-1165.821	-1291.84	126.0184	1.119444	0.5106705	0.55164	0.44836	1.473815
14544	-1163.189	-1289.41	126.2217	1.190443	0.5351589	0.428225	0.571775	1.224301
14550	-1157.124	-1283.356	126.2316	1.251262	0.4231714	0.471488	0.528512	1.323446
14556	-1169.307	-1294.74	125.4336	0.8463502	0.3435978	0.456245	0.543755	2.274776
14562	-1164.568	-1290.036	125.4674	0.864537	0.3435978	0.599825	0.400175	2.241411
14568	-1172.843	-1298.569	125.7264	0.9325351	0.3684398	0.440027	0.559973	1.993385
14574	-1171.113	-1296.797	125.6832	0.9177318	0.3733158	0.540958	0.459042	2.0254
14580	-1177.368	-1302.717	125.3493	0.8931111	0.4355716	0.441823	0.558177	2.182394
14586	-1161.23	-1287.169	125.9392	0.968348	0.4236669	0.507822	0.492178	1.750469
14592	-1162.243	-1288.032	125.7889	0.968348	0.4963191	0.494337	0.505663	1.766442
14598	-1160.315	-1286.623	126.3086	1.228056	0.4040304	0.494337	0.505663	1.309136
14604	-1167.289	-1293.579	126.2902	1.353016	0.4873817	0.480037	0.519963	1.089177
14610	-1174.456	-1300.955	126.4987	1.275102	0.4055135	0.495845	0.504155	1.103873
14616	-1174.168	-1300.145	125.9767	0.9883741	0.4055135	0.47234	0.52766	1.7341
14622	-1182.574	-1308.249	125.6749	1.12994	0.4955189	0.522851	0.477149	1.7341
14628	-1181.61	-1307.461	125.8512	0.8059249	0.3993983	0.56174	0.43826	1.9535
14634	-1170.774	-1296.127	125.3526	0.8547908	0.4681851	0.600826	0.399174	2.16756
14640	-1169.045	-1294.645	125.6001	0.9589138	0.4681851	0.464223	0.535777	1.935008
14646	-1166.976	-1292.525	125.549	0.9477884	0.5970706	0.464223	0.535777	1.838227
14652	-1174.806	-1300.548	125.7418	1.170535	0.4518626	0.632275	0.367725	1.711169
14658	-1159.316	-1285.555	126.2388	1.025789	0.4518626	0.449241	0.550759	1.45342
14664	-1165.866	-1291.651	125.7844	1.172511	0.5441543	0.505202	0.494798	1.568831
14670	-1163.664	-1289.892	126.2282	1.057385	0.2683582	0.505202	0.494798	1.718498
14676	-1161.236	-1285.985	124.7495	1.019099	0.662523	0.48789	0.51211	2.25954
14682	-1170.445	-1296.183	125.7376	0.9410629	0.5133686	0.571576	0.428424	1.801607
14688	-1163.978	-1289.73	125.7515	0.9410629	0.3988589	0.553873	0.446127	1.930358
14694	-1168.683	-1294.443	125.7594	0.9043906	0.4494121	0.488384	0.511616	1.886387
14700	-1164.037	-1289.798	125.7609	0.8784748	0.3757271	0.492739	0.507261	1.996592
14706	-1175.508	-1301.653	126.1454	0.8850249	0.3223951	0.529841	0.470159	1.80773
14712	-1171.258	-1297.28	126.0222	0.9624811	0.3433683	0.343669	0.656331	1.80773
14718	-1168.901	-1294.987	126.0862	0.9901822	0.369333	0.403397	0.596603	1.705876
14724	-1176.117	-1301.946	125.8295	0.8648442	0.4587555	0.568839	0.431161	1.85422
14730	-1179.053	-1304.759	125.7056	0.8974248	0.4263283	0.402051	0.597949	1.955682
14736	-1181.632	-1307.212	125.5807	0.9497954	0.3468357	0.492746	0.507254	2.108023
14742	-1177.566	-1303.377	125.811	0.8972403	0.2989533	0.453476	0.546524	2.061083
14748	-1183.472	-1309.537	126.0652	1.164269	0.4365764	0.470599	0.529401	1.500713
14754	-1187.291	-1314.293	127.0013	1.220696	0.2240755	0.57013	0.42987	1.073511
14760	-1173.369	-1299.106	125.7377	0.8700857	0.3970472	0.57013	0.42987	1.989595
14766	-1159.075	-1284.983	125.9076	0.9925654	0.3639471	0.394229	0.605771	1.836297
14772	-1174.869	-1301.066	126.1978	1.226537	0.3945542	0.47202	0.52798	1.412442
14778	-1173.108	-1299.615	126.5062	1.315163	0.2996377	0.482055	0.517945	1.256194
14784	-1175.141	-1301.38	126.2391	1.220718	0.4511331	0.550914	0.449086	1.301052
14790	-1174.386	-1300.794	126.408	1.294584	0.363916	0.473124	0.526876	1.237993
14796	-1170.798	-1296.439	125.6411	0.8761131	0.3625022	0.536119	0.463881	2.095215
14802	-1177.353	-1302.937	125.5841	1.065992	0.5844722	0.51346	0.48654	1.744742
14808	-1172.332	-1297.743	125.4115	1.093262	0.5794455	0.432345	0.567655	1.850585
14814	-1169.872	-1296.469	126.5964	1.245712	0.3252498	0.474264	0.525736	1.18939
14820	-1162.478	-1288.346	125.8676	1.45638	0.8253678	0.474264	0.525736	0.94365
14826	-1163.912	-1290.335	126.4237	1.572371	0.4195063	0.470284	0.529716	0.8472843
14832	-1167.011	-1293.321	126.3105	1.615986	0.5186082	0.473324	0.526676	0.702743
14838	-1164.748	-1291.213	126.4647	1.688832	0.419636	0.568507	0.431493	0.5718749
14844	-1167.544	-1293.597	126.0531	1.915959	0.5267633	0.568507	0.431493	0.5718749
14850	-1181.186	-1307.67	126.484	1.794427	0.3601611	0.597099	0.402901	0.4748199
14856	-1164.38	-1290.52	126.1394	1.850079	0.5195725	0.461164	0.538836	0.5170421
14862	-1164.805	-1290.878	126.0725	1.84385	0.5622727	0.484725	0.515275	0.5608161
14868	-1183.516	-1309.651	126.135	1.84385	0.5012135	0.484725	0.515275	0.3700285
14874	-1171.867	-1297.694	125.8274	1.907558	0.669005	0.503527	0.496473	0.3780627
14880	-1179.715	-1306.102	126.3868	1.849023	0.3641236	0.503527	0.496473	0.3780627
14886	-1170.436	-1296.931	126.4946	1.776274	0.3641236	0.670301	0.329699	0.4819774
14892	-1169.611	-1296.445	126.834	1.317419	0.3622755	0.423545	0.576455	0.791842
14898	-1175.072	-1301.64	126.568	1.434151	0.4507367	0.564222	0.435778	0.7642612
14904	-1165.032	-1291.264	126.2313	1.434151	0.6050814	0.417104	0.582896	0.8795217
14910	-1175.144	-1301.193	126.0493	1.223509	0.3314497	0.42803	0.57197	1.622496
14916	-1173.744	-1300.051	126.3068	1.201465	0.4447281	0.510634	0.489366	1.270828
14922	-1175.938	-1302.506	126.5683	1.195178	0.41481	0.678162	0.321838	1.097251
14928	-1171.004	-1297.082	126.0777	1.223892	0.3466197	0.463429	0.536571	1.577822
14934	-1161.83	-1287.816	125.9853	1.135527	0.5835017	0.495939	0.504061	1.400069
14940	-1159.522	-1285.751	126.2288	1.257307	0.3714769	0.610575	0.389425	1.400069
14946	-1165.458	-1291.752	126.2937	1.251445	0.3597648	0.708796	0.291204	1.372603
14952	-1172.057	-1298.276	126.2191	1.375579	0.3063237	0.402715	0.597285	1.42475
14958	-1166.997	-1292.984	125.9877	1.26988	0.6009804	0.485289	0.514711	1.270209
14964	-1172.393	-1298.825	126.4321	1.276961	0.3937396	0.479405	0.520595	1.181711
14970	-1180.743	-1306.811	126.0678	1.104209	0.4161314	0.479405	0.520595	1.571275
14976	-1181.192	-1307.474	126.2817	1.304316	0.5919145	0.440202	0.559798	0.9859362
14982	-1174.216	-1300.166	125.9502	1.304316	0.6345368	0.34459	0.65541	1.232952
14988	-1171.554	-1297.975	126.4217	1.151981	0.3166888	0.51012	0.48988	1.42273
14994	-1165.837	-1292.27	126.4326	1.179577	0.435423	0.30951	0.69049	1.197582
15000	-1167.536	-1293.787	126.2517	1.221878	0.5313163	0.498093	0.501907	1.17681
15006	-1164.157	-1290.655	126.4982	1.413062	0.3859839	0.424502	0.575498	1.00933
15012	-1159.802	-1286.355	126.553	1.413062	0.3859839	0.464945	0.535055	0.9534804
15018	-1175.501	-1302.043	126.5412	1.446669	0.3867918	0.508294	0.491706	0.928573
15024	-1176.669	-1303.104	126.4356	1.239405	0.3867918	0.54967	0.45033	1.222466
15030	-1178.356	-1304.692	126.3355	1.372177	0.3938018	0.533544	0.466456	1.182763
15036	-1170.916	-1297.366	126.45	1.228935	0.3454191	0.586412	0.413588	1.28954
15042	-1169.754	-1296.179	126.4249	1.238772	0.3693318	0.477059	0.522941	1.261252
15048	-1176.537	-1303.007	126.47	1.304762	0.4980748	0.498772	0.501228	0.9417044
15054	-1173.546	-1300.234	126.6881	1.379669	0.3370451	0.60429	0.39571	0.9527291
15060	-1174.161	-1300.632	126.4713	1.392469	0.4210257	0.538243	0.461757	0.9896779
15066	-1184.998	-1311.307	126.3091	1.43327	0.5589936	0.46646	0.53354	0.8696043
15072	-1187.387	-1313.681	126.294	1.29835	0.5002275	0.575805	0.424195	1.116147
15078	-1183.745	-1309.981	126.2364	1.335675	0.5479458	0.425219	0.574781	1.064249
15084	-1192.032	-1318.115	126.0821	1.29915	0.5784706	0.631085	0.368915	1.194001
15090	-1192.928	-1319.071	126.1421	1.29915	0.5408742	0.407478	0.592522	1.191752
15096	-1187.935	-1314.432	126.4964	1.290566	0.3495396	0.557481	0.442519	1.191752
15102	-1169.225	-1295.302	126.0769	1.307386	0.512593	0.543775	0.456225	1.27755
15108	-1167.661	-1294.095	126.4343	1.307386	0.4047806	0.421661	0.578339	1.134231
15114	-1176.762	-1303.171	126.4087	1.185354	0.3569967	0.618713	0.381287	1.33839
15120	-1179.284	-1304.87	125.5864	1.147758	0.601797	0.573528	0.426472	1.667338
15126	-1181.474	-1307.792	126.3179	0.9248172	0.3709564	0.44614	0.55386	1.584008
15132	-1173.443	-1299.865	126.4218	1.144789	0.3532813	0.44614	0.55386	1.366351
15138	-1180.9	-1307.535	126.6356	1.144789	0.3483875	0.418768	0.581232	1.199509
15144	-1172.488	-1299.018	126.5307	1.157353	0.3938984	0.549848	0.450152	1.199509
15150	-1163.956	-1290.245	126.2889	1.253871	0.3946048	0.591651	0.408349	1.318932
15156	-1163.321	-1289.686	126.3651	1.26164	0.4331589	0.591651	0.408349	1.188598
15162	-1167.972	-1294.004	126.0321	1.038427	0.3547175	0.47436	0.52564	1.731228
15168	-1174.065	-1300.431	126.3662	1.155003	0.3806367	0.561826	0.438174	1.358093
15174	-1173.124	-1298.996	125.8727	1.239303	0.489641	0.5708	0.4292	1.51929
15180	-1162.099	-1288.398	126.2987	1.134955	0.3131499	0.459193	0.540807	1.534604
15186	-1178.61	-1304.38	125.7704	1.216842	0.7807968	0.500475	0.499525	1.297466
15192	-1165.883	-1292.431	126.5485	1.241209	0.4582521	0.500327	0.499673	0.9965455
15198	-1160.812	-1287.364	126.5515	1.255541	0.4641792	0.435738	0.564262	0.9682827
15204	-1162.139	-1288.388	126.2491	1.290203	0.4814159	0.449003	0.550997	1.190724
15210	-1178.358	-1304.099	125.7414	1.001366	0.4067572	0.490938	0.509062	1.886044
15216	-1180.286	-1305.906	125.6202	1.001469	0.473781	0.498764	0.501236	1.886044
15222	-1180.102	-1305.55	125.4478	0.8941551	0.473781	0.481571	0.518429	2.073166
15228	-1182.93	-1308.555	125.6245	0.7486749	0.4377248	0.522412	0.477588	2.094469
15234	-1177.054	-1302.65	125.5959	0.9947946	0.4753294	0.405848	0.594152	1.905293
15240	-1174.472	-1299.837	125.365	0.9823813	0.4712573	0.524461	0.475539	2.072491
15246	-1176.448	-1301.972	125.524	1.162171	0.6356483	0.48027	0.51973	1.667186
15252	-1168.876	-1295	126.1236	0.9651509	0.5077825	0.550504	0.449496	1.514257
15258	-1174.138	-1300.131	125.9923	1.074689	0.4593927	0.607805	0.392195	1.590701
15264	-1172.742	-1298.496	125.7536	1.109981	0.5575148	0.405259	0.594741	1.621782
15270	-1169.307	-1295.46	126.153	1.056305	0.3393827	0.45042	0.54958	1.655849
15276	-1178.876	-1305.035	126.1586	1.050652	0.3393827	0.70722	0.29278	1.655849
15282	-1170.149	-1296.187	126.0379	1.067082	0.3902263	0.53009	0.46991	1.655849
15288	-1171.64	-1297.615	125.9746	1.00353	0.5056305	0.53009	0.46991	1.598332
15294	-1163.631	-1290.074	126.4425	1.247159	0.365073	0.507662	0.492338	1.24682
15300	-1167.071	-1293.024	125.9535	1.282735	0.6120909	0.507662	0.492338	1.274599
15306	-1170.486	-1296.774	126.2878	1.380797	0.4018136	0.483991	0.516009	1.20304
15312	-1167.072	-1293.562	126.4904	1.302534	0.3382576	0.501215	0.498785	1.207219
15318	-1164.981	-1291.013	126.0314	1.383325	0.6237959	0.501215	0.498785	1.106131
15324	-1171.757	-1297.985	126.2286	1.339325	0.3609648	0.466026	0.533974	1.352653
15330	-1175.142	-1301.124	125.9819	1.056671	0.3375555	0.504442	0.495558	1.779034
15336	-1165.886	-1291.275	125.3899	1.14755	0.6285163	0.501872	0.498128	1.779034
15342	-1173.517	-1299.578	126.0612	1.100187	0.5623079	0.558224	0.441776	1.393271
15348	-1178.771	-1305.22	126.4495	1.121178	0.360339	0.507034	0.492966	1.351474
15354	-1183.27	-1309.235	125.9652	1.040742	0.360339	0.541164	0.458836	1.768236
15360	-1187.529	-1313.515	125.9858	0.9512617	0.4361104	0.537581	0.462419	1.713662
15366	-1174.187	-1299.889	125.7018	1.196353	0.5405522	0.51897	0.48103	1.615763
15372	-1170.773	-1296.028	125.2549	1.00124	0.4743704	0.513478	0.486522	2.128833
15378	-1168.867	-1293.855	124.9871	0.9179185	0.4728698	0.578898	0.421102	2.356462
15384	-1163.963	-1289.289	125.3261	0.9910385	0.5424656	0.571289	0.428711	2.015223
15390	-1163.267	-1289.259	125.9917	0.9913194	0.3019527	0.488244	0.511756	1.872175
15396	-1159.571	-1284.732	125.1608	0.9454965	0.50631	0.524424	0.475576	2.191515
15402	-1164.637	-1290.279	125.6414	0.9987371	0.3381479	0.445176	0.554824	2.048011
15408	-1170.75	-1296.434	125.684	1.11796	0.4561568	0.454419	0.545581	1.783147
15414	-1167.87	-1294.545	126.6749	1.042963	0.3283424	0.50588	0.49412	1.287884
15420	-1172.997	-1299.575	126.5774	1.365195	0.2359876	0.480051	0.519949	1.287884
15426	-1169.488	-1295.834	126.3455	1.331	0.3153694	0.500342	0.499658	1.344576
15432	-1175.122	-1301.091	125.9693	1.068449	0.4384381	0.396028	0.603972	1.63894
15438	-1166.234	-1292.68	126.4461	1.027062	0.3273285	0.566888	0.433112	1.481351
15444	-1170.261	-1296.468	126.2069	1.06663	0.3678217	0.566888	0.433112	1.566107
15450	-1165.237	-1291.543	126.3053	1.234198	0.3678217	0.488304	0.511696	1.364068
15456	-1166.706	-1293.097	126.3914	1.04626	0.4200546	0.576556	0.423444	1.364068
15462	-1170.049	-1296.319	126.2702	1.06725	0.4200546	0.498678	0.501322	1.44195
15468	-1179.288	-1305.715	126.427	1.026942	0.3606613	0.494005	0.505995	1.44195
15474	-1165.309	-1291.235	125.926	1.044946	0.3126778	0.52527	0.47473	1.863604
15480	-1152.33	-1278.061	125.7315	1.008722	0.4256723	0.57901	0.42099	1.863604
15486	-1151.234	-1277.126	125.8925	1.348397	0.5070969	0.57901	0.42099	1.399214
15492	-1159.983	-1285.746	125.7635	1.089494	0.6908712	0.517781	0.482219	1.490398
15498	-1167.783	-1294.044	126.2603	0.9430175	0.3111244	0.581602	0.418398	1.704574
15504	-1168.938	-1295.564	126.6255	1.294678	0.3357817	0.550848	0.449152	1.099633
15510	-1166.934	-1293.222	126.2884	1.317105	0.3479514	0.506906	0.493094	1.344436
15516	-1167.632	-1293.787	126.1544	1.097352	0.4987391	0.372828	0.627172	1.401471
15522	-1172.22	-1298.462	126.2415	1.121321	0.4347416	0.477398	0.522602	1.401471
15528	-1158.375	-1284.667	126.2926	1.385356	0.4602719	0.477398	0.522602	1.100064
15534	-1165.644	-1292.145	126.5009	1.324794	0.3955939	0.46491	0.53509	1.073628
15540	-1166.656	-1293.19	126.5339	1.34266	0.3024601	0.430939	0.569061	1.204124
15546	-1161.127	-1287.347	126.2207	1.34266	0.5197411	0.430939	0.569061	1.113533
15552	-1170.16	-1296.662	126.5018	1.374827	0.3245904	0.465514	0.534486	1.160598
15558	-1172.251	-1299.02	126.7693	1.264641	0.3713795	0.53754	0.46246	0.9117881
15564	-1175.161	-1301.456	126.2943	1.646043	0.5237811	0.393852	0.606148	0.6610433
15570	-1177.277	-1303.748	126.4708	1.687068	0.3819135	0.530321	0.469679	0.7238753
15576	-1170.988	-1297.387	126.3993	1.860182	0.368519	0.519568	0.480432	0.4620093
15582	-1171.263	-1297.256	125.9929	1.898582	0.5565451	0.439655	0.560345	0.655922
15588	-1178.308	-1303.802	125.4943	1.902093	0.9355967	0.496106	0.503894	0.691004
15594	-1179.211	-1304.567	125.3558	1.690015	1.272366	0.500886	0.499114	0.7504879
15600	-1170.225	-1296.146	125.9205	1.690015	0.7077224	0.457554	0.542446	0.7712575
15606	-1173.452	-1299.984	126.5318	1.70667	0.3786213	0.464751	0.535249	0.5443385
15612	-1172.334	-1299.011	126.677	1.70983	0.2983499	0.399478	0.600522	0.6295332
15618	-1171.597	-1298.194	126.5968	1.41511	0.4324322	0.497953	0.502047	0.7965543
15624	-1173.4	-1299.994	126.5934	1.490361	0.3345014	0.590519	0.409481	0.9416223
15630	-1168.795	-1294.788	125.9924	1.446967	0.6357346	0.441548	0.558452	1.067739
15636	-1174.522	-1300.695	126.1734	1.406992	0.7064525	0.601238	0.398762	0.8143354
15642	-1176.986	-1303.864	126.8783	1.408585	0.2929098	0.515385	0.484615	0.8149448
15648	-1182.376	-1308.92	126.5444	1.502146	0.466505	0.691472	0.308528	0.6375988
15654	-1189.112	-1315.318	126.2056	1.540227	0.5763829	0.580505	0.419495	0.8336662
15660	-1177.22	-1303.947	126.7265	1.540227	0.3518936	0.506526	0.493474	0.6330866
15666	-1180.173	-1307.11	126.9372	1.518933	0.2334449	0.454474	0.545526	0.790536
15672	-1180.159	-1306.773	126.6142	1.518933	0.4216535	0.59356	0.40644	0.6231121
15678	-1172.117	-1298.414	126.2973	1.19431	0.6168216	0.439973	0.560027	1.04349
15684	-1170.156	-1296.625	126.4687	1.19431	0.3990688	0.629532	0.370468	1.212341
15690	-1162.783	-1289.213	126.4302	1.365303	0.5221814	0.549754	0.450246	0.8749827
15696	-1164.532	-1290.372	125.8393	1.065964	0.3367014	0.444051	0.555949	1.872091
15702	-1169.697	-1296.268	126.5704	1.065964	0.3560461	0.444051	0.555949	1.306008
15708	-1164.469	-1290.668	126.1994	1.074324	0.2336442	0.508092	0.491908	1.790124
15714	-1170.648	-1296.039	125.3917	1.078535	0.5309328	0.442196	0.557804	1.924806
15720	-1179.971	-1305.789	125.8184	1.03127	0.5522678	0.478941	0.521059	1.637603
15726	-1179.617	-1305.853	126.2367	1.111073	0.5135927	0.433342	0.566658	1.306056
15732	-1184.145	-1310.108	125.9628	0.9393743	0.4013518	0.365512	0.634488	1.783631
15738	-1181.284	-1307.449	126.1656	0.9846892	0.4273697	0.432398	0.567602	1.571864
15744	-1177.995	-1303.911	125.9164	0.9906525	0.4611416	0.432398	0.567602	1.703378
15750	-1175.515	-1302.023	126.5076	1.166507	0.3547561	0.461728	0.538272	1.277426
15756	-1179.771	-1306.032	126.2612	1.458552	0.3715207	0.553562	0.446438	1.210373
15762	-1170.971	-1297.237	126.2659	1.44007	0.5259012	0.602514	0.397486	0.9665089
15768	-1169.199	-1295.66	126.4614	1.341119	0.5160671	0.498792	0.501208	0.8782748
15774	-1174.555	-1300.894	126.3394	1.357245	0.5829862	0.498792	0.501208	0.8808122
15780	-1171.442	-1297.381	125.939	1.252602	0.7002101	0.532586	0.467414	1.211303
15786	-1168.32	-1293.953	125.6328	1.456154	0.7823707	0.539551	0.460449	1.211303
15792	-1163.614	-1289.972	126.358	1.372166	0.5368	0.508843	0.491157	0.9223842
15798	-1173.073	-1299.496	126.4239	1.265831	0.5037814	0.509918	0.490082	1.01895
15804	-1172.353	-1298.744	126.3901	1.153929	0.3841879	0.530145	0.469855	1.334322
15810	-1182.934	-1309.696	126.7617	1.346557	0.267518	0.489088	0.510912	1.0725
15816	-1169.808	-1296.301	126.4936	1.085075	0.3449668	0.478526	0.521474	1.370693
15822	-1170.494	-1296.228	125.7342	1.196618	0.422202	0.437149	0.562851	1.736052
15828	-1170.013	-1296.426	126.413	1.22259	0.2452468	0.567232	0.432768	1.507807
15834	-1183.826	-1309.786	125.9604	1.083771	0.4581462	0.376976	0.623024	1.608867
15840	-1181.175	-1307.032	125.8572	1.098529	0.5104477	0.512949	0.487051	1.608867
15846	-1174.922	-1301.057	126.1357	1.098529	0.3866513	0.401976	0.598024	1.567244
15852	-1169.761	-1295.969	126.2073	1.057404	0.3866513	0.56513	0.43487	1.544771
15858	-1180.743	-1306.186	125.4432	0.975136	0.2965744	0.495563	0.504437	2.253448
15864	-1172.399	-1298.822	126.4233	1.012459	0.3144643	0.492044	0.507956	1.530832
15870	-1176.201	-1302.979	126.7777	1.281335	0.2833486	0.533044	0.466956	1.082098
15876	-1182.086	-1308.759	126.6728	1.246989	0.3880779	0.624168	0.375832	0.9967252
15882	-1182.429	-1308.105	125.6764	1.087134	0.4667677	0.449143	0.550857	1.796982
15888	-1177.058	-1302.657	125.5989	0.9605914	0.4660659	0.460773	0.539227	1.937157
15894	-1186.997	-1312.613	125.616	0.9751141	0.4660659	0.439911	0.560089	1.915831
15900	-1184.256	-1310.664	126.4076	0.8585765	0.2343028	0.489491	0.510509	1.794162
15906	-1187.952	-1313.975	126.0235	0.9726255	0.38875	0.481038	0.518962	1.735073
15912	-1183.007	-1309.054	126.0468	1.009705	0.4167325	0.351855	0.648145	1.654199
15918	-1180.036	-1306.275	126.2389	1.044685	0.3124986	0.605966	0.394034	1.645136
15924	-1171.577	-1297.46	125.8826	1.150086	0.6375683	0.559156	0.440844	1.408215
15930	-1179.437	-1305.693	126.256	1.245191	0.3918822	0.484478	0.515522	1.356354
15936	-1169.78	-1295.953	126.1727	1.25348	0.4315536	0.415065	0.584935	1.356354
15942	-1176.982	-1303.156	126.1742	1.479292	0.6188063	0.557497	0.442503	0.8704818
15948	-1169.843	-1295.894	126.0504	1.479292	0.6732256	0.455469	0.544531	0.9254612
15954	-1175.997	-1302.163	126.1663	1.31451	0.5517308	0.49233	0.50767	1.142427
15960	-1174.544	-1301.309	126.7659	1.199763	0.2984107	0.698264	0.301736	1.134523
15966	-1179.909	-1305.775	125.8663	1.127884	0.4750969	0.620461	0.379539	1.623775
15972	-1170.422	-1297.187	126.7652	1.007472	0.28189	0.487922	0.512078	1.330259
15978	-1168.933	-1294.883	125.9501	1.255756	0.6396676	0.487922	0.512078	1.267513
15984	-1166.093	-1292.691	126.598	1.287137	0.2877168	0.564396	0.435604	1.226343
15990	-1166.979	-1292.953	125.9741	1.151658	0.5594211	0.544567	0.455433	1.424296
15996	-1171.863	-1298.659	126.7958	1.062958	0.2840802	0.478198	0.521802	1.255714
16002	-1167.59	-1294.201	126.6113	1.194308	0.3747097	0.551394	0.448606	1.129822
16008	-1165.383	-1291.769	126.3852	1.194308	0.3960711	0.461862	0.538138	1.286752
16014	-1187.217	-1313.198	125.9809	1.052219	0.6622648	0.528816	0.471184	1.38143
16020	-1182.298	-1308.406	126.1077	1.156008	0.4540414	0.465333	0.534667	1.451129
16026	-1185.59	-1311.707	126.1171	1.09594	0.4833181	0.565487	0.434513	1.451129
16032	-1172.147	-1297.99	125.8435	1.21407	0.489893	0.518946	0.481054	1.559255
16038	-1173.789	-1299.666	125.8768	1.160945	0.3757334	0.36155	0.63845	1.724032
16044	-1165.131	-1291.405	126.2746	0.9827403	0.2978714	0.632008	0.367992	1.687982
16050	-1175.031	-1300.802	125.7707	1.028001	0.3432556	0.497171	0.502829	1.934828
16056	-1177.394	-1303.597	126.2034	1.221139	0.4288828	0.329321	0.670679	1.361502
16062	-1167.972	-1293.705	125.7331	1.020205	0.4668364	0.455051	0.544949	1.803985
16068	-1175.2	-1300.997	125.797	1.032139	0.4668364	0.599258	0.400742	1.751178
16074	-1183.35	-1309.42	126.0696	0.9923518	0.4402846	0.504412	0.495588	1.619057
16080	-1178.972	-1305.067	126.0949	0.9670312	0.4402846	0.584083	0.415917	1.619057
16086	-1172.431	-1298.582	126.1515	0.9508327	0.3253811	0.548985	0.451015	1.753159
16092	-1181.383	-1307.994	126.6112	0.9692324	0.2888844	0.421293	0.578707	1.466827
16098	-1171.392	-1297.603	126.2102	1.30308	0.5128476	0.478736	0.521264	1.168013
16104	-1176.737	-1303.267	126.5298	1.33865	0.4178805	0.478736	0.521264	0.9909396
16110	-1170.242	-1296.554	126.3119	1.45143	0.4467007	0.513569	0.486431	1.042458
16116	-1161.164	-1287.818	126.6543	1.282622	0.3522457	0.535073	0.464927	1.051157
16122	-1160.067	-1286.184	126.1167	1.219371	0.3799898	0.53139	0.46861	1.501492
16128	-1163.373	-1289.836	126.4626	1.216555	0.354317	0.471442	0.528558	1.273965
16134	-1164.056	-1290.367	126.3108	1.342988	0.354317	0.601308	0.398692	1.294779
16140	-1166.658	-1293.381	126.7227	1.342988	0.2677057	0.488414	0.511586	1.111321
16146	-1187.253	-1314.046	126.7939	1.265449	0.3310259	0.462079	0.537921	0.9750725
16152	-1166.932	-1293.395	126.4624	1.33248	0.3424744	0.480601	0.519399	1.197789
16158	-1170.792	-1297.486	126.6941	1.164751	0.34586	0.445872	0.554128	1.135577
16164	-1167.309	-1293.525	126.2152	1.257884	0.5617842	0.445872	0.554128	1.135577
16170	-1168.175	-1294.549	126.374	1.278347	0.4524768	0.486616	0.513384	1.135577
16176	-1178.298	-1304.548	126.2507	1.27497	0.4134239	0.424011	0.575989	1.303622
16182	-1182.393	-1308.296	125.9032	0.9900332	0.3051988	0.3997	0.6003	1.928008
16188	-1184.215	-1309.625	125.4105	0.8519059	0.3575259	0.3997	0.6003	2.267218
16194	-1183.439	-1308.853	125.4137	0.9263017	0.4080876	0.55582	0.44418	2.152178
16200	-1178.132	-1304.196	126.0638	1.034456	0.3789011	0.481496	0.518504	1.676644
16206	-1167.727	-1293.647	125.9202	0.9187404	0.3789011	0.517596	0.482404	1.857554
16212	-1172.177	-1297.559	125.3815	0.7376802	0.3789011	0.440359	0.559641	2.330935
16218	-1175.122	-1300.749	125.6267	0.9994588	0.318115	0.582032	0.417968	2.086271
16224	-1166.554	-1292.586	126.0322	1.085366	0.47297	0.465668	0.534332	1.536214
16230	-1155.67	-1281.669	125.9987	1.26271	0.4899021	0.513187	0.486813	1.405405
16236	-1159.554	-1286.207	126.6534	1.185888	0.3164718	0.513187	0.486813	1.208603
16242	-1178.194	-1304.589	126.3951	1.573246	0.4844111	0.666413	0.333587	0.7269493
16248	-1173.214	-1299.746	126.5321	1.647747	0.3856044	0.60099	0.39901	0.6720988
16254	-1168.281	-1294.718	126.4363	1.513836	0.5142925	0.347208	0.652792	0.6720988
16260	-1159.897	-1286.419	126.522	1.505864	0.4225191	0.554625	0.445375	0.7996111
16266	-1164.871	-1291.56	126.6891	1.505864	0.3750732	0.562787	0.437213	0.6832961
16272	-1166.915	-1293.469	126.5544	1.675584	0.3507971	0.40747	0.59253	0.7097831
16278	-1180.602	-1307.127	126.5253	1.209964	0.3173959	0.534387	0.465613	1.293591
16284	-1174.218	-1300.154	125.9366	1.09471	0.4454507	0.469279	0.530721	1.634436
16290	-1160.804	-1286.607	125.8026	0.9928322	0.4454507	0.478079	0.521921	1.800858
16296	-1159.684	-1285.067	125.3829	0.986851	0.3833035	0.506823	0.493177	2.164154
16302	-1154.852	-1280.569	125.7162	0.8924481	0.3833035	0.506823	0.493177	2.007004
16308	-1158.524	-1284.458	125.9341	0.8607722	0.3833035	0.497639	0.502361	1.88162
16314	-1163.707	-1289.577	125.8693	1.02276	0.3363457	0.536367	0.463633	1.88162
16320	-1165.273	-1290.821	125.548	0.9422386	0.5324301	0.603134	0.396866	1.909691
16326	-1160.058	-1286.177	126.1196	0.9830884	0.4507074	0.446832	0.553168	1.575828
16332	-1162.194	-1288.459	126.2647	1.01499	0.3227022	0.439461	0.560539	1.631439
16338	-1176.375	-1302.559	126.1847	1.07053	0.3407289	0.627104	0.372896	1.620714
16344	-1166.483	-1292.36	125.8769	0.9655469	0.3615498	0.394414	0.605586	1.879173
16350	-1161.119	-1287.429	126.3092	0.9849298	0.3037601	0.351721	0.648279	1.651947
16356	-1168.031	-1294.129	126.098	0.9408833	0.3729835	0.425979	0.574021	1.727109
16362	-1158.843	-1285.07	126.2271	1.035893	0.3729835	0.478401	0.521599	1.566131
16368	-1175.431	-1301.371	125.9404	0.9436766	0.3294736	0.582174	0.417826	1.897236
16374	-1184.751	-1310.719	125.9682	0.8583969	0.4213203	0.582174	0.417826	1.809763
16380	-1178.246	-1304.314	126.0673	1.014007	0.2987862	0.539611	0.460389	1.809763
16386	-1172.584	-1297.637	125.053	0.9940682	0.6680381	0.54846	0.45154	2.073636
16392	-1175.202	-1300.81	125.6081	0.6630679	0.4220766	0.552973	0.447027	2.179812
16398	-1178.163	-1302.772	124.6088	0.7874332	0.3123037	0.315258	0.684742	2.866722
16404	-1163.957	-1288.625	124.6677	0.7984005	0.3285178	0.589496	0.410504	2.802328
16410	-1161.779	-1287.703	125.9234	1.035829	0.3954982	0.572162	0.427838	1.751733
16416	-1170.365	-1296.046	125.681	1.035829	0.4694819	0.578093	0.421907	1.825992
16422	-1173.525	-1299.659	126.1339	0.8709652	0.488582	0.578093	0.421907	1.599432
16428	-1175.538	-1301.176	125.6377	1.265428	0.5684898	0.397758	0.602242	1.580899
16434	-1162.291	-1288.926	126.6347	1.259662	0.305222	0.406248	0.593752	1.183294
16440	-1170.499	-1296.973	126.4742	1.249145	0.4734458	0.375485	0.624515	1.035891
16446	-1170.941	-1297.349	126.408	1.15439	0.3825958	0.389185	0.610815	1.322082
16452	-1181.356	-1307.623	126.2678	1.169458	0.5268591	0.455519	0.544481	1.214099
16458	-1172.439	-1298.768	126.329	1.318258	0.4516259	0.455519	0.544481	1.141473
16464	-1169.985	-1296.176	126.191	1.126504	0.4925023	0.455519	0.544481	1.358032
16470	-1176.274	-1302.736	126.4616	1.131975	0.3455031	0.590338	0.409662	1.358032
16476	-1180.207	-1306.413	126.2063	1.11065	0.2863509	0.380307	0.619693	1.664949
16482	-1178.577	-1304.739	126.1618	0.9808883	0.4077334	0.359976	0.640024	1.604234
16488	-1192.001	-1318.46	126.459	1.284211	0.3596257	0.339431	0.660569	1.211161
16494	-1196.397	-1322.68	126.2833	1.153713	0.4194939	0.476065	0.523935	1.365384
16500	-1188.86	-1314.926	126.0658	1.027845	0.3447498	0.532915	0.467085	1.729747
16506	-1184.37	-1310.15	125.7803	0.944104	0.4186826	0.46172	0.53828	1.883273
16512	-1179.394	-1305.071	125.6762	0.9001788	0.5031102	0.491563	0.508437	1.883273
16518	-1180.074	-1305.944	125.8709	0.9440165	0.3720941	0.522152	0.477848	1.883273
16524	-1176.935	-1302.228	125.2935	0.7540389	0.3485283	0.52074	0.47926	2.415858
16530	-1178.702	-1304.271	125.5682	0.7536472	0.2940846	0.485936	0.514064	2.318937
16536	-1184.832	-1310.412	125.5804	0.7005249	0.311783	0.63994	0.36006	2.318937
16542	-1173.925	-1300.442	126.5165	1.249978	0.3709971	0.619519	0.380481	1.171062
16548	-1176.947	-1303.306	126.3588	1.214187	0.4107883	0.567878	0.432122	1.268962
16554	-1177.291	-1303.456	126.1653	1.015742	0.4873668	0.509978	0.490022	1.470263
16560	-1172.582	-1298.458	125.8763	1.151509	0.5211548	0.487583	0.512417	1.543367
16566	-1172.412	-1298.132	125.7205	0.9792778	0.2961735	0.487583	0.512417	2.071004
16572	-1161.298	-1287.394	126.0959	1.036749	0.3309055	0.492431	0.507569	1.723304
16578	-1160.05	-1285.646	125.5959	1.259831	0.4121616	0.58794	0.41206	1.801532
16584	-1164.211	-1290.354	126.1421	1.069116	0.4768057	0.463712	0.536288	1.460974
16590	-1168.962	-1295.306	126.3439	1.102464	0.5111581	0.470977	0.529023	1.227807
16596	-1172.983	-1299.253	126.2698	1.11479	0.484244	0.546568	0.453432	1.315526
16602	-1178.675	-1305.053	126.3782	1.11479	0.4240951	0.546568	0.453432	1.313955
16608	-1168.913	-1295.554	126.6402	1.152265	0.2774815	0.443836	0.556164	1.322967
16614	-1174.523	-1301.277	126.7535	1.281342	0.3072208	0.506744	0.493256	1.051951
16620	-1167.242	-1293.258	126.0157	1.05503	0.4295453	0.594774	0.405226	1.62686
16626	-1166.494	-1292.884	126.3906	1.27759	0.4132768	0.444035	0.555965	1.184637
16632	-1171.277	-1297.736	126.459	1.29888	0.4613121	0.541606	0.458394	1.022708
16638	-1169.341	-1295.272	125.9312	1.33672	0.6648093	0.544755	0.455245	1.186098
16644	-1169.873	-1296.482	126.6095	1.181066	0.3881431	0.495045	0.504955	1.119228
16650	-1182.319	-1308.564	126.2451	0.9436485	0.3849518	0.539682	0.460318	1.602879
16656	-1176.745	-1302.894	126.1491	0.9804057	0.3588089	0.515542	0.484458	1.683509
16662	-1182.587	-1308.938	126.3509	1.105427	0.3935538	0.656672	0.343328	1.389035
16668	-1171.234	-1297.603	126.3686	1.133712	0.4457226	0.55477	0.44523	1.27423
16674	-1177.222	-1303.162	125.9403	0.9580027	0.5506905	0.675982	0.324018	1.604195
16680	-1165.413	-1291.589	126.1758	1.21148	0.4276449	0.377909	0.622091	1.392576
16686	-1163.32	-1289.336	126.0158	1.21148	0.5207261	0.554014	0.445986	1.392576
16692	-1175.255	-1301.755	126.4998	1.234419	0.317288	0.492935	0.507065	1.294584
16698	-1170.7	-1296.901	126.2012	1.138519	0.5170396	0.385618	0.614382	1.308058
16704	-1180.428	-1306.222	125.7932	0.979844	0.449195	0.539212	0.460788	1.811722
16710	-1176.547	-1302.051	125.504	0.8253156	0.449195	0.490296	0.509704	2.109756
16716	-1177.139	-1302.956	125.8177	0.9968547	0.2700686	0.580869	0.419131	2.03687
16722	-1168.581	-1293.819	125.2375	1.07101	0.5272936	0.427952	0.572048	2.03687
16728	-1159.681	-1285.662	125.9811	0.9075077	0.4375849	0.485698	0.514302	1.745903
16734	-1175.916	-1302.192	126.276	1.07581	0.3775388	0.485698	0.514302	1.493371
16740	-1174.002	-1300.139	126.1373	1.258964	0.4748716	0.410721	0.589279	1.318978
16746	-1168.659	-1294.889	126.2294	1.312275	0.5182973	0.458147	0.541853	1.135118
16752	-1166.144	-1293.143	126.9986	1.465244	0.2562682	0.538993	0.461007	0.6842729
16758	-1178.525	-1304.338	125.8133	1.435424	0.770208	0.464203	0.535797	1.082586
16764	-1173.486	-1300.118	126.6326	1.314664	0.3614789	0.494284	0.505716	1.02262
16770	-1171.419	-1297.572	126.1524	1.380398	0.55476	0.463428	0.536572	1.091135
16776	-1167.95	-1294.484	126.5343	1.29935	0.2487538	0.561595	0.438405	1.348214
16782	-1175.684	-1301.734	126.0502	1.442787	0.5688964	0.484867	0.515133	1.107909
16788	-1166.834	-1292.923	126.089	1.253176	0.4094127	0.524625	0.475375	1.453639
16794	-1173.571	-1299.885	126.3135	1.417455	0.3031553	0.52622	0.47378	1.323316
16800	-1175.428	-1301.599	126.1705	1.359816	0.4316892	0.459346	0.540654	1.272061
16806	-1176.591	-1302.322	125.731	1.458037	0.647839	0.508355	0.491645	1.272061
16812	-1177.575	-1304.035	126.4594	1.551902	0.2746682	0.598213	0.401787	1.144624
16818	-1160.922	-1287.234	126.3122	1.551902	0.5150387	0.482742	0.517258	0.8042748
16824	-1163.754	-1290.034	126.2794	1.523493	0.5171134	0.535564	0.464436	0.8758227
16830	-1168.19	-1294.351	126.1611	1.386475	0.5171134	0.644024	0.355976	1.131611
16836	-1160.172	-1286.565	126.3924	1.174299	0.4816765	0.594195	0.405805	1.166612
16842	-1168.464	-1294.371	125.9063	1.196837	0.5561925	0.594195	0.405805	1.445459
16848	-1161.883	-1288.161	126.2782	1.28792	0.5094446	0.528859	0.471141	1.126108
16854	-1176.658	-1302.787	126.1295	1.330875	0.5801236	0.528859	0.471141	1.122145
16860	-1164.656	-1290.473	125.8167	1.223661	0.5666748	0.528859	0.471141	1.481016
16866	-1178.997	-1305.407	126.4106	1.223661	0.3647366	0.622014	0.377986	1.293123
16872	-1177.703	-1304.27	126.5666	1.266634	0.2329938	0.410168	0.589832	1.381851
16878	-1170.241	-1296.057	125.8159	1.16912	0.5026727	0.492653	0.507347	1.59686
16884	-1168.434	-1294.965	126.5312	1.182134	0.2826289	0.503725	0.496275	1.375901
16890	-1174.96	-1300.892	125.9317	1.103367	0.5468964	0.412651	0.587349	1.507794
16896	-1167.021	-1293.135	126.1139	1.220153	0.4166485	0.459562	0.540438	1.449415
16902	-1169.912	-1296.228	126.3153	1.355976	0.5180239	0.459562	0.540438	1.014245
16908	-1173.629	-1299.686	126.0566	1.187453	0.4160255	0.448394	0.551606	1.518134
16914	-1170.917	-1296.982	126.0646	1.205373	0.4817028	0.382414	0.617586	1.409507
16920	-1176.867	-1303.037	126.1696	1.077367	0.2854816	0.60888	0.39112	1.716113
16926	-1173.671	-1299.192	125.5202	0.8265841	0.4634802	0.542561	0.457439	2.081746
16932	-1176.742	-1302.622	125.8798	0.8431831	0.3284556	0.473902	0.526098	2.007039
16938	-1171.118	-1297.253	126.135	0.8187825	0.3147113	0.428544	0.571456	1.872169
16944	-1177.128	-1303.149	126.0209	1.009955	0.4882593	0.430683	0.569317	1.580907
16950	-1179.799	-1305.673	125.8744	0.7985352	0.4882593	0.495406	0.504594	1.834189
16956	-1172.987	-1298.95	125.9627	0.9468218	0.3609025	0.585423	0.414577	1.834189
16962	-1178.037	-1303.351	125.3143	0.7242889	0.5288092	0.55023	0.44977	2.211789
16968	-1174.126	-1299.773	125.6468	0.8390157	0.2953799	0.465173	0.534827	2.211789
16974	-1177.607	-1303.337	125.73	0.9091264	0.3462506	0.456475	0.543525	2.037235
16980	-1163.533	-1289.349	125.8155	0.9326266	0.3472974	0.530177	0.469823	1.963053
16986	-1167.73	-1293.468	125.738	1.101669	0.5546074	0.484687	0.515313	1.642242
16992	-1168.855	-1295.352	126.4971	1.001316	0.322209	0.484687	0.515313	1.470822
16998	-1166.599	-1291.967	125.3679	0.9842966	0.312399	0.484687	0.515313	2.272478
17004	-1163.198	-1288.862	125.6641	1.082175	0.3842408	0.386234	0.613766	1.913341
17010	-1160.027	-1286.454	126.4264	1.144152	0.358937	0.459527	0.540473	1.353882
17016	-1169.086	-1295.095	126.0091	1.359319	0.4773301	0.408039	0.591961	1.337944
17022	-1167.043	-1293.408	126.3651	1.223845	0.2813029	0.484796	0.515204	1.474202
17028	-1163.884	-1290.151	126.2671	1.361396	0.4952098	0.473863	0.526137	1.090636
17034	-1181.137	-1307.363	126.226	1.512462	0.4952098	0.385859	0.614141	0.9844648
17040	-1170.382	-1296.059	125.6774	1.43487	0.9346907	0.480491	0.519509	1.036073
17046	-1166.449	-1292.996	126.547	1.231316	0.4420806	0.474766	0.525234	1.036073
17052	-1188.098	-1314.454	126.3554	1.098732	0.4420806	0.405012	0.594988	1.31878
17058	-1172.257	-1298.711	126.4538	1.066856	0.3723504	0.49413	0.50587	1.37164
17064	-1174.921	-1301.202	126.2819	0.9157038	0.3723504	0.512167	0.487833	1.61474
17070	-1176.844	-1302.606	125.7621	0.7975069	0.3977811	0.397221	0.602779	2.020757
17076	-1181.366	-1307.099	125.733	0.7840954	0.3504645	0.483602	0.516398	2.111747
17082	-1190.656	-1316.345	125.6896	0.7524397	0.4625857	0.591447	0.408553	2.019773
17088	-1189.928	-1315.606	125.6774	0.812669	0.3114606	0.565611	0.434389	2.184965
17094	-1178.772	-1304.688	125.9161	1.036206	0.3310397	0.47032	0.52968	1.848398
17100	-1168.135	-1294.215	126.0802	0.9403861	0.3007436	0.47032	0.52968	1.848398
17106	-1165.691	-1291.335	125.6441	0.9914569	0.4981998	0.461845	0.538155	1.848398
17112	-1170.693	-1296.852	126.159	0.9318167	0.3897965	0.429542	0.570458	1.666578
17118	-1175.255	-1301.056	125.8013	0.9826031	0.5117122	0.429542	0.570458	1.730072
17124	-1167.534	-1293.476	125.9421	1.018147	0.5117122	0.429542	0.570458	1.604087
17130	-1168.233	-1294.222	125.9893	0.9532431	0.2700884	0.429542	0.570458	1.951432
17136	-1169.073	-1295.366	126.2935	0.9403786	0.3498125	0.429542	0.570458	1.62216
17142	-1176.406	-1302.89	126.4835	0.9705732	0.2193924	0.514857	0.485143	1.691348
17148	-1176.312	-1302.576	126.2631	1.311288	0.4259381	0.514857	0.485143	1.244266
17154	-1167.176	-1293.342	126.1661	1.311288	0.5771894	0.514857	0.485143	1.110724
17160	-1178.367	-1303.775	125.4081	1.40297	1.257315	0.514857	0.485143	1.034805
17166	-1172.854	-1299.368	126.5142	1.468218	0.4149645	0.514857	0.485143	0.8737607
17172	-1167.69	-1294.556	126.8652	1.468218	0.2502547	0.514857	0.485143	0.8871137
17178	-1158.918	-1285.361	126.4423	1.311239	0.478606	0.542864	0.457136	0.9974452
17184	-1172.856	-1298.832	125.9762	1.334785	0.4871877	0.542864	0.457136	1.370264
17190	-1167.919	-1293.713	125.7943	1.207714	0.4868333	0.542864	0.457136	1.60365
17196	-1180.113	-1305.998	125.8848	1.267512	0.5596031	0.480105	0.519895	1.403569
17202	-1168.236	-1294.408	126.1715	0.9731901	0.4176666	0.459539	0.540461	1.589166
17208	-1172.142	-1298.514	126.3724	1.159546	0.4218209	0.465215	0.534785	1.285721
17214	-1174.366	-1300.596	126.2308	1.46698	0.4625444	0.399325	0.600675	1.077997
17220	-1165.987	-1292.842	126.8553	1.384349	0.2661977	0.552885	0.447115	0.9453395
17226	-1182.292	-1308.721	126.4291	1.315481	0.3746535	0.695263	0.304737	1.183686
17232	-1174.713	-1301.219	126.5058	1.429115	0.4214856	0.430732	0.569268	0.9137597
17238	-1178.719	-1305.659	126.9399	1.333887	0.2930694	0.576804	0.423196	0.8311699
17244	-1167.819	-1293.895	126.0754	1.460617	0.6344776	0.552787	0.447213	0.9746978
17250	-1166.183	-1291.977	125.7945	1.399303	0.792923	0.421975	0.578025	1.108052
17256	-1176.049	-1302.27	126.2208	1.356968	0.5145683	0.58471	0.41529	1.108052
17262	-1175.105	-1301.631	126.5257	1.201352	0.5145683	0.482602	0.517398	0.9635
17268	-1162.36	-1288.444	126.0842	0.9611563	0.4247259	0.486525	0.513475	1.651507
17274	-1170.537	-1296.327	125.7897	0.9214212	0.3311255	0.55294	0.44706	2.011064
17280	-1161.448	-1287.074	125.6261	1.029213	0.6022528	0.512077	0.487923	1.722754
17286	-1167.378	-1293.334	125.9559	1.024703	0.4477759	0.563914	0.436086	1.667838
17292	-1178.234	-1304.377	126.1426	0.9732005	0.3244626	0.544771	0.455229	1.745097
17298	-1183.227	-1308.941	125.7138	1.07825	0.4937544	0.495094	0.504906	1.745097
17304	-1173.023	-1298.813	125.7905	1.134616	0.8191746	0.430546	0.569454	1.311113
17310	-1178.83	-1305.104	126.2741	1.180598	0.4470702	0.430546	0.569454	1.311113
17316	-1167.946	-1294.399	126.453	1.180598	0.37627	0.551968	0.448032	1.274449
17322	-1170.926	-1297.15	126.2234	1.077325	0.4954481	0.463011	0.536989	1.36741
17328	-1170.574	-1296.825	126.2511	1.124357	0.330061	0.459138	0.540862	1.549734
17334	-1163.263	-1289.571	126.3077	0.9438052	0.2591029	0.527825	0.472175	1.758839
17340	-1163.406	-1289.605	126.1991	1.043558	0.3853747	0.527825	0.472175	1.562865
17346	-1162.592	-1288.767	126.1752	1.128673	0.450994	0.396055	0.603945	1.424493
17352	-1169.827	-1295.531	125.7036	1.01901	0.4690665	0.495375	0.504625	1.822485
17358	-1182.124	-1307.803	125.6795	1.160215	0.4631457	0.491455	0.508545	1.748292
17364	-1185.372	-1311.801	126.4287	1.160215	0.4631457	0.417387	0.582613	1.174981
17370	-1186.078	-1311.767	125.6892	1.077507	0.5532684	0.617404	0.382596	1.695794
17376	-1177.789	-1303.816	126.027	1.216168	0.5232094	0.575174	0.424826	1.377069
17382	-1173.633	-1299.896	126.2633	1.02164	0.3402393	0.562419	0.437581	1.599932
17388	-1164.348	-1290.46	126.1117	1.244643	0.4973397	0.511379	0.488621	1.320638
17394	-1163.077	-1288.897	125.8201	1.215644	0.4196592	0.49343	0.50657	1.665116
17400	-1168.72	-1294.886	126.1653	1.091546	0.4228994	0.633936	0.366064	1.498961
17406	-1175.883	-1301.774	125.8918	1.091546	0.3434806	0.315754	0.684246	1.808547
17412	-1166.858	-1292.854	125.9959	1.254418	0.5545348	0.385329	0.614671	1.332394
17418	-1171.502	-1297.985	126.4829	1.276553	0.4632128	0.531678	0.468322	1.01796
17424	-1165.272	-1291.698	126.4256	1.601792	0.4632128	0.468041	0.531959	0.6884129
17430	-1175.676	-1302.009	126.3323	1.528159	0.5455985	0.525974	0.474026	0.7406365
17436	-1169.117	-1295.077	125.9603	1.855973	0.6291146	0.439698	0.560302	0.4353308
17442	-1177.731	-1303.622	125.891	2.045671	0.5011075	0.367692	0.632308	0.322541
17448	-1177.983	-1303.567	125.5842	2.09278	0.676628	0.560138	0.439862	0.322541
17454	-1168.843	-1295.257	126.4141	1.695701	0.4422544	0.540263	0.459737	0.5805001
17460	-1168.255	-1294.295	126.0398	1.70639	0.6634659	0.471119	0.528881	0.6370393
17466	-1183.414	-1309.832	126.4185	1.698351	0.4352262	0.290676	0.709324	0.5990454
17472	-1177.056	-1303.551	126.4944	1.698351	0.3809288	0.509523	0.490477	0.6649889
17478	-1177.175	-1303.304	126.1291	1.698351	0.5963997	0.536783	0.463217	0.6649889
17484	-1173.634	-1300.058	126.4239	1.738689	0.3912176	0.59331	0.40669	0.6839477
17490	-1170.938	-1297.04	126.1026	1.827338	0.5568435	0.610467	0.389533	0.472473
17496	-1178.952	-1305.053	126.1015	1.759324	0.6032595	0.645812	0.354188	0.5282018
17502	-1164.897	-1291.368	126.4709	1.545386	0.4584075	0.493616	0.506384	0.7218879
17508	-1171.665	-1297.879	126.2141	1.602899	0.5306779	0.487837	0.512163	0.8325999
17514	-1176.081	-1302.012	125.9307	1.774565	0.6954772	0.487837	0.512163	0.6333683
17520	-1182.763	-1308.919	126.156	1.640248	0.6402179	0.487837	0.512163	0.5872315
17526	-1187.53	-1313.883	126.3531	1.45469	0.4929054	0.602258	0.397742	0.9152572
17532	-1164.463	-1291.146	126.683	1.341499	0.2876542	0.36716	0.63284	1.104322
17538	-1173.923	-1300.124	126.2016	1.021023	0.3021941	0.599898	0.400102	1.705436
17544	-1169.719	-1295.611	125.8921	1.009959	0.3021941	0.490256	0.509744	1.92673
17550	-1185.845	-1311.942	126.097	1.199498	0.3633203	0.57362	0.42638	1.555947
17556	-1175.031	-1301.341	126.31	1.453472	0.2892118	0.57051	0.42949	1.323525
17562	-1170.07	-1296.766	126.696	1.41292	0.322319	0.433274	0.566726	0.9433374
17568	-1160.52	-1286.41	125.8894	1.298925	0.5973532	0.430281	0.569719	1.330705
17574	-1166.71	-1292.632	125.9225	1.406767	0.6115133	0.51197	0.48803	1.197113
17580	-1164.438	-1290.871	126.4327	1.327062	0.4473938	0.553005	0.446995	1.044674
17586	-1159.172	-1285.275	126.1028	1.181271	0.4576631	0.425057	0.574943	1.430653
17592	-1172.337	-1298.574	126.2364	1.241032	0.4435756	0.583635	0.416365	1.297762
17598	-1184.418	-1310.981	126.5627	1.29784	0.3545251	0.450139	0.549861	1.117587
17604	-1174.856	-1301.593	126.7368	1.212403	0.262976	0.450139	0.549861	1.223706
17610	-1184.916	-1311.55	126.6344	1.451113	0.3185648	0.50549	0.49451	0.9765329
17616	-1177.024	-1302.911	125.8872	1.273289	0.7935492	0.50549	0.49451	1.137441
17622	-1178.734	-1304.688	125.9538	1.272937	0.7935492	0.473042	0.526958	1.077009
17628	-1172.517	-1298.774	126.2574	1.351643	0.5911015	0.471505	0.528495	0.9635295
17634	-1171.484	-1297.664	126.1801	1.401222	0.610176	0.556599	0.443401	0.9635295
17640	-1168.942	-1295.264	126.3217	1.437723	0.5151955	0.427897	0.572103	0.9281404
17646	-1180.509	-1306.955	126.4459	1.3186	0.5120477	0.53819	0.46181	0.9281404
17652	-1184.461	-1310.682	126.2209	1.689213	0.4697543	0.54565	0.45435	0.8421237
17658	-1174.431	-1300.916	126.4858	1.326321	0.4900647	0.528146	0.471854	0.9157574
17664	-1175.243	-1301.505	126.2629	1.564268	0.5630237	0.536791	0.463209	0.7505711
17670	-1174.52	-1300.753	126.2326	1.556973	0.5476648	0.473644	0.526356	0.8336017
17676	-1174.736	-1301.333	126.5966	1.424028	0.2688098	0.426243	0.573757	1.149245
17682	-1183.624	-1310.492	126.8676	1.224361	0.2688098	0.484648	0.515352	1.084621
17688	-1180.695	-1307.287	126.5918	1.183317	0.3328251	0.442298	0.557702	1.232307
17694	-1180.084	-1306.498	126.414	1.205495	0.4667395	0.442298	0.557702	1.142578
17700	-1178.646	-1304.703	126.0569	1.361746	0.6731905	0.473085	0.526915	1.038736
17706	-1160.597	-1286.729	126.1316	1.458018	0.5868883	0.503532	0.496468	0.9897068
17712	-1162.514	-1289.29	126.7763	1.37963	0.2358327	0.518882	0.481118	1.104697
17718	-1164.811	-1291.304	126.4927	1.714913	0.3841605	0.464925	0.535075	0.6163271
17724	-1176.935	-1303.601	126.6655	1.455166	0.2841609	0.519457	0.480543	1.021468
17730	-1166.758	-1292.656	125.8984	1.426532	0.7369816	0.550479	0.449521	1.049416
17736	-1171.586	-1297.546	125.9602	1.474174	0.6807303	0.528251	0.471749	1.013666
17742	-1166.47	-1292.887	126.4174	1.484063	0.4810307	0.468155	0.531845	0.8288828
17748	-1167.801	-1294.081	126.2805	1.447807	0.4963534	0.476166	0.523834	0.9927646
17754	-1175.748	-1302.129	126.381	1.449067	0.5085076	0.429065	0.570935	0.8602328
17760	-1166.716	-1293.102	126.3862	1.449067	0.4116287	0.355226	0.644774	1.03526
17766	-1168.049	-1294.848	126.7992	1.375725	0.3146031	0.496549	0.503451	0.8898216
17772	-1171.565	-1298.088	126.5231	1.375725	0.4069108	0.479312	0.520688	0.9810721
17778	-1169.319	-1295.861	126.5427	1.375725	0.2895688	0.473645	0.526355	1.194184
17784	-1162.441	-1288.811	126.3703	1.188502	0.4283498	0.522422	0.477578	1.253579
17790	-1157.44	-1283.757	126.3167	1.187881	0.4203057	0.481806	0.518194	1.310261
17796	-1154.564	-1280.907	126.3435	1.195511	0.3549427	0.481806	0.518194	1.385318
17802	-1157.593	-1283.217	125.624	1.307944	0.5297033	0.431485	0.568515	1.603645
17808	-1164.22	-1290.266	126.047	1.092822	0.5467193	0.543189	0.456811	1.428543
17814	-1150.621	-1276.964	126.3436	1.005535	0.2734975	0.541194	0.458806	1.664325
17820	-1173.394	-1299.063	125.669	0.8823867	0.38908	0.528417	0.471583	2.037478
17826	-1166.818	-1292.912	126.0937	0.8863324	0.38908	0.531676	0.468324	1.745895
17832	-1165.114	-1290.697	125.5828	0.8313296	0.3258571	0.482735	0.517265	2.21325
17838	-1171.478	-1297.217	125.7393	0.6465429	0.3258571	0.441559	0.558441	2.231495
17844	-1168.24	-1294.252	126.0117	0.9389434	0.4160804	0.441559	0.558441	1.730139
17850	-1163.651	-1289.206	125.5544	1.001936	0.4160804	0.441559	0.558441	1.999703
17856	-1170.436	-1295.792	125.3559	1.035637	0.623958	0.50958	0.49042	1.883809
17862	-1168.424	-1295.027	126.603	1.155211	0.3125393	0.607226	0.392774	1.283779
17868	-1171.781	-1298.199	126.4181	1.27729	0.3067038	0.402788	0.597212	1.345189
17874	-1177.802	-1303.82	126.0185	1.128024	0.4298114	0.447489	0.552511	1.571362
17880	-1184.352	-1309.838	125.4867	0.9854147	0.5425864	0.64887	0.35113	1.911128
17886	-1185.304	-1311.339	126.0358	1.087463	0.2395901	0.475392	0.524608	1.88246
17892	-1175.547	-1301.333	125.7864	1.016272	0.3412233	0.608036	0.391964	1.935088
17898	-1175.296	-1301.689	126.3934	1.155502	0.3412233	0.538164	0.461836	1.400187
17904	-1173.45	-1299.801	126.3511	1.153877	0.4805524	0.478661	0.521339	1.221295
17910	-1171.787	-1297.624	125.8367	1.143924	0.4841575	0.533489	0.466511	1.622439
17916	-1182.718	-1309.033	126.3151	1.233032	0.2900807	0.405065	0.594935	1.489113
17922	-1167.357	-1293.686	126.3295	1.13225	0.4688221	0.576701	0.423299	1.274201
17928	-1168.839	-1295.266	126.4269	1.207382	0.3673659	0.487574	0.512426	1.288672
17934	-1172.031	-1298.198	126.167	1.026588	0.4344796	0.558146	0.441854	1.530308
17940	-1183.027	-1309.178	126.1512	1.039374	0.6236192	0.529568	0.470432	1.298517
17946	-1175.378	-1301.762	126.3832	0.871242	0.2889123	0.529568	0.470432	1.705029
17952	-1188.93	-1315.768	126.8388	1.107554	0.3072085	0.529568	0.470432	1.133558
17958	-1186.885	-1313.429	126.5443	1.263572	0.2491968	0.366769	0.633231	1.367729
17964	-1184.634	-1311.266	126.6321	1.30216	0.3558035	0.502628	0.497372	1.046553
17970	-1180.633	-1306.941	126.3085	1.403829	0.4733877	0.486333	0.513667	1.046553
17976	-1172.329	-1298.5	126.1715	1.351238	0.4733877	0.486333	0.513667	1.21666
17982	-1174.069	-1300.494	126.4246	1.61343	0.4314918	0.423325	0.576675	0.7625233
17988	-1173.922	-1300.152	126.2296	1.473563	0.5621588	0.385721	0.614279	0.9088995
17994	-1163.969	-1290.144	126.1751	1.324191	0.4185596	0.47709	0.52291	1.317137
18000	-1166.51	-1293.088	126.5782	1.42077	0.3962098	0.573921	0.426079	0.895925
18006	-1170.148	-1296.692	126.5441	1.470914	0.3717064	0.418183	0.581817	0.9317665
18012	-1171.198	-1297.381	126.1824	1.129922	0.5426577	0.525087	0.474913	1.297273
18018	-1189.823	-1316.103	126.2807	1.197197	0.3456231	0.439997	0.560003	1.447731
18024	-1187.695	-1313.546	125.851	0.7885058	0.4086714	0.516453	0.483547	1.953443
18030	-1167.19	-1293.08	125.8904	0.8132707	0.3607008	0.424638	0.575362	1.974105
18036	-1168.369	-1294.079	125.7102	1.002689	0.3582041	0.482307	0.517693	1.971349
18042	-1173.124	-1299.102	125.9783	1.169832	0.4909154	0.439527	0.560473	1.49067
18048	-1169.261	-1295.687	126.426	1.169832	0.3733066	0.377501	0.622499	1.31014
18054	-1169.732	-1294.891	125.1596	0.9310905	0.5957221	0.412399	0.587601	2.1116
18060	-1170.842	-1297.23	126.3874	0.9793896	0.3576324	0.435133	0.564867	1.512579
18066	-1178.408	-1304.779	126.371	0.997804	0.4324316	0.569126	0.430874	1.400145
18072	-1191.757	-1316.891	125.1339	1.020164	0.6071746	0.550221	0.449779	2.058963
18078	-1189.519	-1315.689	126.1694	1.119206	0.3426372	0.550221	0.449779	1.59351
18084	-1188.072	-1314.567	126.4953	1.227464	0.2456963	0.514455	0.485545	1.440931
18090	-1179.46	-1305.768	126.3075	1.238855	0.3609814	0.500475	0.499525	1.369698
18096	-1175.303	-1301.565	126.2621	1.284291	0.3609814	0.553118	0.446882	1.369698
18102	-1177.573	-1303.669	126.0962	1.373337	0.6250578	0.553118	0.446882	1.053399
18108	-1175.468	-1302.159	126.6917	1.373337	0.272688	0.574492	0.425508	1.100564
18114	-1171.009	-1297.442	126.4326	0.9087409	0.2836798	0.56843	0.43157	1.652086
18120	-1170.252	-1296.367	126.115	0.9766122	0.3325858	0.486075	0.513925	1.74957
18126	-1161.836	-1288.131	126.2946	1.025716	0.3370261	0.50069	0.49931	1.579144
18132	-1161.259	-1287.222	125.9628	0.9279506	0.5436326	0.514689	0.485311	1.617646
18138	-1166.829	-1292.736	125.9072	1.234842	0.5325964	0.595212	0.404788	1.443818
18144	-1179.282	-1305.856	126.5737	1.212376	0.3990156	0.595212	0.404788	1.104126
18150	-1170.963	-1297.582	126.6193	1.09919	0.288585	0.475468	0.524532	1.360565
18156	-1163.381	-1289.768	126.3871	1.049207	0.3479834	0.519727	0.480273	1.4755
18162	-1168.775	-1295.207	126.4326	1.267432	0.3677216	0.446997	0.553003	1.233654
18168	-1164.153	-1290.235	126.0828	1.225897	0.4489798	0.569446	0.430554	1.423552
18174	-1165.068	-1291.249	126.1808	1.065983	0.3498497	0.492118	0.507882	1.612763
18180	-1173.248	-1299.317	126.0698	0.9592201	0.4523215	0.445146	0.554854	1.627277
18186	-1174.076	-1300.343	126.267	0.8686863	0.2611445	0.477796	0.522204	1.835447
18192	-1177.992	-1303.448	125.4551	0.7959369	0.3536842	0.510842	0.489158	2.279667
18198	-1176.828	-1302.376	125.5474	0.845699	0.3444922	0.600721	0.399279	2.200675
18204	-1179.21	-1305.239	126.0288	1.138464	0.5830282	0.47292	0.52708	1.364247
18210	-1170.797	-1297.112	126.3158	1.0065	0.4096718	0.507678	0.492322	1.468319
18216	-1167.642	-1293.745	126.1038	1.021466	0.4198201	0.408201	0.591799	1.600369
18222	-1173.792	-1299.874	126.0817	1.114827	0.3827899	0.434985	0.565015	1.600369
18228	-1175.666	-1301.555	125.8886	1.023724	0.3827899	0.348787	0.651213	1.801721
18234	-1181.4	-1307.806	126.4054	1.097757	0.3575733	0.473625	0.526375	1.408933
18240	-1187.12	-1312.627	125.5062	1.004649	0.7315625	0.571784	0.428216	1.701497
18246	-1185.339	-1310.931	125.5921	0.9620606	0.8046387	0.494085	0.505915	1.606766
18252	-1173.129	-1299.061	125.9326	1.001916	0.5390604	0.402734	0.597266	1.591029
18258	-1181.445	-1307.723	126.2784	1.022369	0.4388877	0.569834	0.430166	1.443554
18264	-1176.007	-1302.149	126.1413	1.129406	0.4557071	0.465422	0.534578	1.443554
18270	-1171.056	-1297.066	126.0097	1.362341	0.6476888	0.557694	0.442306	1.114652
18276	-1167.159	-1293.526	126.3676	1.260758	0.4822046	0.557694	0.442306	1.11081
18282	-1169.263	-1295.682	126.4198	1.349404	0.5099247	0.413867	0.586133	0.9267753
18288	-1168.801	-1295.455	126.6546	1.349404	0.369591	0.479112	0.520888	0.9481192
18294	-1161.912	-1288.342	126.4308	1.492757	0.3584423	0.479112	0.520888	1.051539
18300	-1167.999	-1294.052	126.0527	1.360212	0.6675659	0.418829	0.581171	1.051539
18306	-1164.824	-1290.832	126.0084	1.429356	0.6224139	0.53587	0.46413	1.086753
18312	-1169.055	-1295.782	126.7271	1.288446	0.2995487	0.494772	0.505228	1.086753
18318	-1178.434	-1304.643	126.2091	1.267597	0.5612781	0.544794	0.455206	1.133002
18324	-1174.318	-1300.973	126.6544	1.1158	0.2416224	0.466203	0.533797	1.412814
18330	-1182.539	-1309.01	126.4706	1.174553	0.2418055	0.611744	0.388256	1.507475
18336	-1188.32	-1314.273	125.9531	1.174553	0.4897526	0.665846	0.334154	1.507475
18342	-1188.084	-1314.186	126.1018	0.9921508	0.2635415	0.423355	0.576645	1.859892
18348	-1182.229	-1308.546	126.3164	0.7731515	0.3530585	0.485058	0.514942	1.720274
18354	-1190.533	-1316.767	126.2335	0.9849874	0.3520015	0.537449	0.462551	1.629972
18360	-1189.96	-1316.28	126.3204	1.082302	0.3634527	0.533823	0.466177	1.47652
18366	-1197.399	-1323.898	126.4987	1.237991	0.2634231	0.689958	0.310042	1.394837
18372	-1183.662	-1308.575	124.9138	0.8950704	0.5885175	0.471236	0.528764	2.300663
18378	-1172.242	-1298.171	125.9292	0.8378492	0.2961666	0.524111	0.475889	2.026531
18384	-1170.914	-1297.372	126.4575	0.8641533	0.3665666	0.497832	0.502168	1.53243
18390	-1169.231	-1294.627	125.3961	1.163598	0.5588296	0.394906	0.605094	1.834295
18396	-1163.431	-1289.589	126.1579	1.135552	0.4352484	0.462315	0.537685	1.454148
18402	-1175.347	-1301.245	125.8986	1.11344	0.7556974	0.695449	0.304551	1.302165
18408	-1179.239	-1305.405	126.1664	1.221722	0.491999	0.293734	0.706266	1.302165
18414	-1160.506	-1286.889	126.3828	1.104264	0.3188574	0.464881	0.535119	1.485009
18420	-1161.655	-1288.013	126.3572	1.209288	0.3982446	0.503211	0.496789	1.293978
18426	-1157.965	-1284.012	126.0467	0.8775255	0.3736076	0.439453	0.560547	1.806157
18432	-1174.876	-1300.697	125.8213	0.8775255	0.497085	0.431091	0.568909	1.806157
18438	-1171.885	-1298.127	126.2426	0.7766027	0.260222	0.574565	0.425435	1.916518
18444	-1169.836	-1295.779	125.9427	0.8248637	0.3471305	0.439079	0.560921	1.950267
18450	-1172.692	-1298.558	125.8662	0.9701102	0.6159048	0.424415	0.575585	1.578833
18456	-1166.412	-1292.431	126.0194	1.088061	0.3680895	0.428637	0.571363	1.685645
18462	-1181.303	-1306.677	125.3745	0.9314774	0.8025378	0.377885	0.622115	1.78453
18468	-1179.95	-1305.816	125.8652	0.9622273	0.7256061	0.400956	0.599044	1.475834
18474	-1169.541	-1295.099	125.558	1.166888	0.429895	0.400956	0.599044	1.868733
18480	-1167.87	-1294.299	126.4287	1.206712	0.3943522	0.419178	0.580822	1.243296
18486	-1182.702	-1309.044	126.342	1.288697	0.3652318	0.610119	0.389881	1.29519
18492	-1173.87	-1300.236	126.3655	1.200563	0.4425002	0.528565	0.471435	1.225919
18498	-1186.47	-1312.776	126.3055	1.087059	0.5191685	0.528565	0.471435	1.261929
18504	-1176.073	-1302.463	126.3897	1.396401	0.3727437	0.524043	0.475957	1.150675
18510	-1187.941	-1314.076	126.1347	0.9865624	0.3448706	0.590938	0.409062	1.710105
18516	-1176.095	-1302.289	126.1942	0.9157203	0.2314942	0.498314	0.501686	1.906455
18522	-1164.189	-1290.653	126.4639	1.017741	0.3697576	0.575582	0.424418	1.40623
18528	-1171.597	-1297.53	125.9329	1.142729	0.5872463	0.496723	0.503277	1.430751
18534	-1171.859	-1297.491	125.632	1.351956	0.8835951	0.496723	0.503277	1.201871
18540	-1177.723	-1304.221	126.4978	1.267333	0.3893719	0.49069	0.50931	1.139945
18546	-1180.366	-1306.626	126.2601	1.352908	0.4737582	0.474087	0.525913	1.13761
18552	-1185.114	-1310.924	125.8096	1.295401	0.5638043	0.474087	0.525913	1.435091
18558	-1182.906	-1308.5	125.5945	1.219274	0.4228306	0.52502	0.47498	1.816685
18564	-1176.274	-1302.463	126.1886	1.231102	0.3673964	0.555942	0.444058	1.457518
18570	-1187.995	-1314.524	126.5289	1.095944	0.2881623	0.460197	0.539803	1.434294
18576	-1170.284	-1296.681	126.3974	0.9861915	0.4009578	0.46549	0.53451	1.434294
18582	-1165.942	-1291.97	126.0271	0.8714658	0.3304148	0.542473	0.457527	1.885988
18588	-1173.329	-1298.93	125.6005	0.8724671	0.3304148	0.527836	0.472164	2.168605
18594	-1177.373	-1302.855	125.4821	1.071396	0.3304148	0.536276	0.463724	2.11611
18600	-1169.368	-1294.458	125.09	0.8970367	0.4437378	0.464494	0.535506	2.336876
18606	-1169.201	-1294.956	125.7549	0.8970367	0.3939048	0.495823	0.504177	1.964141
18612	-1166.96	-1293.078	126.1183	1.222098	0.3218606	0.404723	0.595277	1.588793
18618	-1156.349	-1281.991	125.6419	1.010503	0.3978382	0.453785	0.546215	1.958727
18624	-1159.293	-1284.959	125.6658	0.8995281	0.3978382	0.453785	0.546215	2.016876
18630	-1161.161	-1286.344	125.1832	0.863823	0.5818023	0.453785	0.546215	2.15353
18636	-1155.109	-1281.01	125.9007	1.087832	0.28408	0.441646	0.558354	1.897195
18642	-1156.906	-1282.922	126.0157	1.094217	0.4709893	0.347222	0.652778	1.544415
18648	-1159.275	-1285.578	126.3031	1.217404	0.2979515	0.412173	0.587827	1.495907
18654	-1168.346	-1295.028	126.6822	1.128308	0.3754111	0.412173	0.587827	1.124162
18660	-1172.963	-1298.997	126.0338	1.480678	0.5329112	0.428299	0.571701	1.13856
18666	-1164.535	-1290.75	126.2157	1.390035	0.5028553	0.423298	0.576702	1.099976
18672	-1165.985	-1292.174	126.1895	1.452685	0.4810638	0.467514	0.532486	1.099976
18678	-1172.006	-1298.434	126.4285	1.256872	0.4560695	0.428587	0.571413	1.099976
18684	-1168.307	-1294.484	126.1776	1.205093	0.6516421	0.553248	0.446752	1.099976
18690	-1168.664	-1295.182	126.5182	1.1672	0.3208602	0.552939	0.447061	1.327585
18696	-1184.918	-1311.239	126.3212	1.378778	0.5798444	0.377249	0.622751	0.8823824
18702	-1171.604	-1297.709	126.1051	1.414304	0.6887693	0.420864	0.579136	0.914157
18708	-1178.59	-1304.744	126.1538	1.273478	0.5080724	0.527036	0.472964	1.248067
18714	-1174.81	-1300.848	126.0378	1.062912	0.3806583	0.354262	0.645738	1.672413
18720	-1177.987	-1304.037	126.0504	1.131355	0.4832039	0.472658	0.527342	1.475048
18726	-1168.458	-1294.389	125.9304	1.360459	0.6672887	0.443171	0.556829	1.16318
18732	-1169.595	-1295.736	126.1407	1.241643	0.4405697	0.443171	0.556829	1.37801
18738	-1177.999	-1304.098	126.0989	1.345119	0.4865442	0.516176	0.483824	1.263806
18744	-1176.639	-1303.066	126.4275	1.374822	0.4256076	0.496293	0.503707	1.041893
18750	-1170.13	-1296.466	126.3358	1.248564	0.5552441	0.575469	0.424531	1.041893
18756	-1160.699	-1286.541	125.8415	1.20341	0.667994	0.570533	0.429467	1.366061
18762	-1158.583	-1284.784	126.2006	1.332454	0.5168102	0.527614	0.472386	1.144964
18768	-1160.93	-1287.31	126.3801	1.514512	0.4522815	0.489477	0.510523	0.8963565
18774	-1180.524	-1306.249	125.7248	1.602561	0.9343958	0.481636	0.518364	0.7984141
18780	-1166.026	-1292.096	126.0705	1.601095	0.6658638	0.481636	0.518364	0.7628363
18786	-1173.18	-1299.583	126.4024	1.469202	0.5290531	0.471647	0.528353	0.7628363
18792	-1178.559	-1305.236	126.6775	1.398665	0.4305567	0.471647	0.528353	0.7052755
18798	-1168.952	-1295.029	126.077	1.544119	0.725087	0.471647	0.528353	0.7214889
18804	-1172.47	-1298.546	126.0761	1.635426	0.6581422	0.471647	0.528353	0.7174811
18810	-1171.366	-1297.337	125.9711	1.575724	0.7748799	0.570341	0.429659	0.7414695
18816	-1170.314	-1296.253	125.9397	1.652367	0.7233157	0.578083	0.421917	0.7691052
18822	-1163.667	-1290.012	126.345	1.409489	0.5045343	0.488945	0.511055	0.9518906
18828	-1175.457	-1301.883	126.4261	1.266683	0.4328516	0.402627	0.597373	1.13103
18834	-1172.396	-1298.547	126.1512	1.266683	0.6023627	0.402618	0.597382	1.13103
18840	-1180.313	-1306.514	126.2012	1.185837	0.6094263	0.426999	0.573001	1.149428
18846	-1177.659	-1303.957	126.2983	1.204768	0.5324065	0.505709	0.494291	1.149428
18852	-1180.266	-1306.438	126.1727	1.308746	0.5598505	0.444183	0.555817	1.130738
18858	-1183.019	-1309.319	126.3003	1.287127	0.4739183	0.417401	0.582599	1.160055
18864	-1188.825	-1315.161	126.3366	1.556396	0.4915642	0.510648	0.489352	0.8169968
18870	-1185.107	-1311.888	126.7807	1.309971	0.371475	0.575401	0.424599	0.8456785
18876	-1199.672	-1326.011	126.3392	1.333175	0.6449511	0.504039	0.495961	0.8014083
18882	-1197.789	-1324.694	126.9045	1.264765	0.1935222	0.60708	0.39292	1.200254
18888	-1197.614	-1324.101	126.4873	1.332731	0.1935222	0.544548	0.455452	1.479406
18894	-1186.469	-1312.653	126.1836	1.050389	0.2595385	0.573741	0.426259	1.770271
18900	-1174.232	-1300.023	125.7906	0.9329497	0.5040224	0.48146	0.51854	1.781028
18906	-1174.914	-1300.762	125.848	0.9476001	0.3342963	0.399569	0.600431	1.949912
18912	-1170.999	-1296.818	125.8192	1.153561	0.6076888	0.564423	0.435577	1.486345
18918	-1176.538	-1302.102	125.5648	1.144963	0.5136815	0.690876	0.309124	1.77969
18924	-1169.726	-1295.729	126.003	1.004061	0.3519422	0.408415	0.591585	1.77969
18930	-1165.798	-1291.831	126.0329	1.004061	0.4648635	0.427579	0.572421	1.605607
18936	-1167.233	-1293.702	126.4697	1.216538	0.3714126	0.438568	0.561432	1.23891
18942	-1173.236	-1299.689	126.4533	1.071378	0.3710083	0.438568	0.561432	1.370641
18948	-1182.385	-1308.619	126.2343	1.059136	0.4061681	0.466484	0.533516	1.495188
18954	-1186.131	-1312.508	126.3766	1.070478	0.4384996	0.493744	0.506256	1.329631
18960	-1174.962	-1301.177	126.215	1.055319	0.4643526	0.634057	0.365943	1.432208
18966	-1176.72	-1303.091	126.371	1.22665	0.3673799	0.634057	0.365943	1.3184
18972	-1169.808	-1296.036	126.2281	1.22665	0.4631471	0.475806	0.524194	1.288012
18978	-1174.101	-1300.507	126.4056	1.22665	0.4989625	0.395306	0.604694	1.081372
18984	-1175.552	-1301.541	125.9889	1.334313	0.6073945	0.472524	0.527476	1.207334
18990	-1180.168	-1306.772	126.6042	1.27117	0.3415701	0.584605	0.415395	1.128892
18996	-1179.353	-1305.528	126.1751	1.187176	0.5578677	0.47957	0.52043	1.236531
19002	-1162.087	-1288.308	126.2202	1.432627	0.512537	0.47957	0.52043	1.040908
19008	-1167.485	-1294.023	126.5383	1.379904	0.366452	0.430895	0.569105	1.040908
19014	-1170.85	-1297.257	126.4068	1.466624	0.501135	0.430895	0.569105	0.8217121
19020	-1173.205	-1299.577	126.372	1.443159	0.5356962	0.488465	0.511535	0.8249816
19026	-1173.874	-1300.266	126.3915	1.360627	0.5117389	0.445508	0.554492	0.9419188
19032	-1179.253	-1305.735	126.4816	1.373259	0.4747534	0.578602	0.421398	0.8970096
19038	-1181.909	-1308.129	126.2205	1.503103	0.555306	0.342023	0.657977	0.8977353
19044	-1177.266	-1303.425	126.159	1.445242	0.5118855	0.470609	0.529391	1.087721
19050	-1176.632	-1302.964	126.3327	1.445242	0.4490107	0.56889	0.43111	1.024333
19056	-1192.322	-1318.91	126.5877	1.515519	0.3287219	0.353592	0.646408	0.9343994
19062	-1176.734	-1302.619	125.8848	0.9060429	0.5953458	0.410651	0.589349	1.633427
19068	-1169.073	-1295.383	126.3096	1.080644	0.3717251	0.410651	0.589349	1.473219
19074	-1163.625	-1289.768	126.1423	0.9830677	0.292839	0.486758	0.513242	1.788885
19080	-1174.837	-1300.243	125.406	1.000788	0.5566148	0.497693	0.502307	1.940593
19086	-1160	-1286.458	126.4581	1.020228	0.3701252	0.461103	0.538897	1.40822
19092	-1164.31	-1290.383	126.0733	1.037552	0.3607193	0.564031	0.435969	1.693981
19098	-1167.417	-1293.853	126.4365	0.9336244	0.2488769	0.40227	0.59773	1.693981
19104	-1174.018	-1299.867	125.8483	1.069303	0.4867085	0.475455	0.524545	1.664642
19110	-1170.509	-1296.823	126.314	1.050184	0.3767175	0.475455	0.524545	1.4853
19116	-1181.213	-1307.575	126.3622	1.362678	0.4816553	0.475455	0.524545	1.020756
19122	-1165.769	-1292.069	126.3002	1.059092	0.3403621	0.442903	0.557097	1.545203
19128	-1171.718	-1297.93	126.2119	1.060887	0.421447	0.472803	0.527197	1.48903
19134	-1172.532	-1298.217	125.6854	1.179058	0.6642453	0.501248	0.498752	1.508372
19140	-1170.108	-1296.78	126.6724	1.177628	0.330058	0.434787	0.565213	1.173405
19146	-1177.354	-1303.615	126.2605	1.015148	0.4188039	0.643762	0.356238	1.490587
19152	-1172.285	-1298.121	125.8356	1.168179	0.4188039	0.364462	0.635538	1.689
19158	-1172.642	-1298.788	126.1465	1.114515	0.2296226	0.432929	0.567071	1.806586
19164	-1170.193	-1296.904	126.711	1.411654	0.2920511	0.461648	0.538352	1.00085
19170	-1171.241	-1297.358	126.1175	1.578817	0.5795652	0.432342	0.567658	0.887067
19176	-1162.919	-1289.329	126.4101	1.369348	0.4655187	0.425961	0.574039	0.9940623
19182	-1170.842	-1297.394	126.5527	1.483757	0.4655187	0.529403	0.470597	0.6631956
19188	-1172.919	-1299.457	126.5382	1.487137	0.3451611	0.518777	0.481223	0.9787187
19194	-1173.541	-1300.141	126.5998	1.366101	0.4384026	0.518777	0.481223	0.8416626
19200	-1188.992	-1315.375	126.3822	1.036271	0.3404892	0.39934	0.60066	1.50099
19206	-1183.952	-1309.893	125.9416	1.173013	0.4618666	0.650349	0.349651	1.552577
19212	-1177.613	-1303.674	126.0616	1.066792	0.589269	0.571967	0.428033	1.3875
19218	-1179.216	-1305.182	125.9662	1.188974	0.5710424	0.376438	0.623562	1.387806
19224	-1182.828	-1308.66	125.8327	1.129996	0.7094066	0.538095	0.461905	1.387806
19230	-1173.056	-1299.518	126.4626	1.058795	0.3070975	0.511095	0.488905	1.47926
19236	-1169.774	-1295.541	125.7676	0.9185876	0.441935	0.491724	0.508276	1.880224
19242	-1172.259	-1298.359	126.0999	0.9569822	0.2962437	0.492878	0.507122	1.830666
19248	-1177.705	-1304.17	126.4652	1.060422	0.3569909	0.492878	0.507122	1.392415
19254	-1179.786	-1305.806	126.0204	1.064523	0.3575355	0.538557	0.461443	1.716936
19260	-1177.445	-1303.221	125.776	1.064523	0.4887713	0.438092	0.561908	1.716936
19266	-1174.416	-1300.246	125.8302	1.032627	0.4755828	0.496586	0.503414	1.716936
19272	-1168.911	-1295.309	126.3987	1.029713	0.4131141	0.520062	0.479938	1.3816
19278	-1183.002	-1308.89	125.8878	1.190026	0.5652512	0.49351	0.50649	1.454191
19284	-1176.07	-1302.112	126.0421	1.048725	0.5917166	0.558602	0.441398	1.413922
19290	-1180.065	-1306.308	126.2434	1.196863	0.4770685	0.459046	0.540954	1.280218
19296	-1180.903	-1307.355	126.4526	1.196863	0.3976856	0.515487	0.484513	1.226128
19302	-1177.362	-1304.174	126.8115	1.26452	0.2778208	0.426772	0.573228	1.078764
19308	-1171.913	-1298.235	126.3224	1.301343	0.4530325	0.379299	0.620701	1.160047
19314	-1174.477	-1300.797	126.32	1.529121	0.4530325	0.379299	0.620701	0.9446722
19320	-1176.533	-1302.683	126.1496	1.318752	0.4530325	0.583567	0.416433	1.291434
19326	-1176.245	-1302.79	126.545	1.435826	0.3863992	0.496816	0.503184	0.936992
19332	-1181.65	-1308.192	126.5415	1.779795	0.33558	0.496816	0.503184	0.5758833
19338	-1185.835	-1312.467	126.6317	1.779795	0.2984466	0.558473	0.441527	0.4576175
19344	-1171.621	-1297.37	125.7491	1.942408	0.7256687	0.561594	0.438406	0.4508892
19350	-1167.287	-1293.727	126.4395	1.800372	0.3784213	0.56251	0.43749	0.4643445
19356	-1167.758	-1294.211	126.4523	1.534087	0.4811551	0.523154	0.476846	0.7062733
19362	-1175.006	-1301.051	126.0451	1.586239	0.7437838	0.530648	0.469352	0.6603536
19368	-1166.454	-1292.807	126.3526	1.586239	0.4085839	0.530648	0.469352	0.9359011
19374	-1196.602	-1323.223	126.6214	1.251136	0.3307874	0.562858	0.437142	1.152228
19380	-1183.228	-1309.677	126.4488	1.439981	0.4505935	0.400651	0.599349	0.9062467
19386	-1170.427	-1296.81	126.3826	1.463892	0.4748517	0.454473	0.545527	0.9062467
19392	-1168.726	-1294.96	126.2343	1.252727	0.3579235	0.411165	0.588835	1.420877
19398	-1162.453	-1288.361	125.908	1.136028	0.5485939	0.473631	0.526369	1.49909
19404	-1172.052	-1297.951	125.8993	1.030676	0.4005769	0.553117	0.446883	1.765305
19410	-1176.049	-1301.968	125.9185	0.97926	0.4392779	0.451724	0.548276	1.737274
19416	-1180.21	-1306.119	125.9085	1.072463	0.4937216	0.656683	0.343317	1.610559
19422	-1181.117	-1307.244	126.1277	1.013287	0.3735823	0.307485	0.692515	1.653757
19428	-1174.833	-1299.915	125.0818	0.9363353	0.5825264	0.561529	0.438471	2.171579
19434	-1171.968	-1298.115	126.1471	0.91981	0.3796618	0.565797	0.434203	1.697832
19440	-1171.228	-1296.442	125.2142	0.7783177	0.3487467	0.522922	0.477078	2.450191
19446	-1168.219	-1293.9	125.6809	0.9374318	0.3195762	0.493615	0.506385	2.08929
19452	-1174.384	-1299.622	125.2382	0.8414627	0.4689103	0.457124	0.542876	2.249334
19458	-1179.595	-1305.297	125.7021	0.6962208	0.3740914	0.590754	0.409246	2.157554
19464	-1167.059	-1292.478	125.4197	0.64	0.3740914	0.422635	0.577365	2.374828
19470	-1171.868	-1296.892	125.0233	0.5396983	0.3740914	0.404119	0.595881	2.68443
19476	-1172.744	-1297.738	124.9939	0.8260504	0.4061208	0.561308	0.438692	2.486181
19482	-1168.878	-1294.273	125.3952	0.7489198	0.4967395	0.483612	0.516388	2.177196
19488	-1174.719	-1300.621	125.9018	0.7787335	0.3295529	0.583232	0.416768	2.033641
19494	-1181.981	-1308.35	126.3695	1.119584	0.4797831	0.47932	0.52068	1.235842
19500	-1169.968	-1296.241	126.272	1.395074	0.3827657	0.592341	0.407659	1.235842
19506	-1173.399	-1299.647	126.2485	1.041628	0.4347625	0.548047	0.451953	1.457392
19512	-1173.066	-1298.316	125.2508	0.8499258	0.4835617	0.258055	0.741945	2.219563
19518	-1175.043	-1299.663	124.6201	1.081787	0.402242	0.422347	0.577653	2.564452
19524	-1184.313	-1309.955	125.6413	1.015153	0.4724145	0.533821	0.466179	1.863905
19530	-1178.11	-1304.718	126.6074	1.114117	0.3258155	0.562061	0.437939	1.289473
19536	-1175.37	-1300.839	125.4689	1.102771	0.7088012	0.562061	0.437939	1.67892
19542	-1169.725	-1295.813	126.0878	0.8743533	0.4494358	0.502224	0.497776	1.67892
19548	-1170.689	-1296.866	126.177	1.161637	0.4137344	0.587782	0.412218	1.450058
19554	-1168.224	-1294.586	126.3615	1.220378	0.3619241	0.475881	0.524119	1.339987
19560	-1168.02	-1294.703	126.6832	1.266134	0.3047511	0.475881	0.524119	1.135978
19566	-1175.823	-1302.485	126.6623	1.282854	0.3047511	0.475881	0.524119	1.139644
19572	-1173.38	-1299.546	126.1653	1.214308	0.5285519	0.549912	0.450088	1.260217
19578	-1163.9	-1290.724	126.8241	1.202388	0.3229384	0.503464	0.496536	1.025738
19584	-1172.201	-1298.647	126.4461	1.332929	0.4488234	0.622185	0.377815	1.023636
19590	-1174.145	-1300.348	126.2034	1.137507	0.4454569	0.570706	0.429294	1.403476
19596	-1168.083	-1293.993	125.9106	0.9162014	0.5080712	0.458964	0.541036	1.704018
19602	-1167.06	-1293.091	126.0302	0.8884606	0.6077725	0.458964	0.541036	1.526727
19608	-1170.769	-1296.812	126.043	1.12642	0.4076581	0.548124	0.451876	1.58488
19614	-1169.255	-1295.479	126.2243	1.205373	0.432858	0.471027	0.528973	1.351729
19620	-1193.259	-1319.405	126.1455	1.077291	0.548347	0.415852	0.584148	1.361933
19626	-1176.685	-1302.654	125.9684	1.084237	0.4049502	0.576144	0.423856	1.672899
19632	-1178.74	-1304.76	126.0198	1.188788	0.4049502	0.541336	0.458664	1.55992
19638	-1187.023	-1313.349	126.3259	1.268444	0.3772474	0.576934	0.423066	1.304968
19644	-1170.815	-1297.208	126.3933	1.124018	0.437737	0.501539	0.498461	1.273741
19650	-1169.236	-1295.546	126.3108	1.185586	0.437591	0.38785	0.61215	1.291094
19656	-1168.221	-1294.586	126.3653	1.150274	0.4293998	0.391342	0.608658	1.287633
19662	-1172.871	-1299.696	126.825	1.321564	0.3223188	0.413183	0.586817	0.902273
19668	-1168.606	-1295.035	126.4291	1.387985	0.2665175	0.514532	0.485468	1.325081
19674	-1169.412	-1295.638	126.2255	1.082771	0.3942169	0.514532	0.485468	1.501268
19680	-1165.902	-1291.952	126.0502	1.224255	0.4726126	0.490348	0.509652	1.418043
19686	-1171.169	-1297.22	126.0509	1.260541	0.3545192	0.600585	0.399415	1.558416
19692	-1174.088	-1300.186	126.0976	1.20538	0.4504148	0.395171	0.604829	1.425978
19698	-1190.928	-1316.652	125.7239	1.517111	0.8334914	0.555933	0.444067	1.018781
19704	-1176.891	-1303.057	126.1657	1.517111	0.5227581	0.57787	0.42213	0.9951995
19710	-1174.44	-1300.953	126.5129	1.320188	0.4396967	0.437071	0.562929	0.9860673
19716	-1184.661	-1310.934	126.273	1.231847	0.6489864	0.562305	0.437695	0.9860673
19722	-1177.648	-1302.998	125.3502	0.9629071	0.7062966	0.561584	0.438416	1.861444
19728	-1186.941	-1312.821	125.8797	1.233936	0.4968496	0.479508	0.520492	1.509092
19734	-1180.825	-1306.829	126.0037	1.181249	0.3962196	0.581895	0.418105	1.589592
19740	-1179.049	-1303.924	124.8751	0.821771	0.4299351	0.566285	0.433715	2.53524
19746	-1168.355	-1294.223	125.8683	1.148996	0.5110277	0.583206	0.416794	1.563232
19752	-1166.952	-1293.13	126.1781	1.092888	0.4330496	0.560533	0.439467	1.474234
19758	-1176.958	-1303.243	126.2849	1.250477	0.4330496	0.492282	0.507718	1.265879
19764	-1177.033	-1303.535	126.5018	1.248235	0.4588978	0.590724	0.409276	1.034468
19770	-1173.963	-1300.221	126.2574	1.103485	0.6279727	0.481107	0.518893	1.149167
19776	-1173.527	-1299.982	126.4544	1.43218	0.5253154	0.481107	0.518893	0.7494909
19782	-1171.675	-1297.642	125.9679	1.491108	0.7372499	0.486447	0.513553	0.9121547
19788	-1171.535	-1297.87	126.3349	1.159918	0.4406744	0.645401	0.354599	1.287815
19794	-1171.99	-1298.28	126.2897	1.184959	0.4882363	0.596843	0.403157	1.235932
19800	-1169.169	-1294.988	125.8194	0.9146296	0.3719246	0.55122	0.44878	1.938251
19806	-1176.961	-1302.417	125.4554	1.140965	0.6990061	0.585871	0.414129	1.670364
19812	-1168.936	-1294.96	126.0248	1.089524	0.3752949	0.51218	0.48782	1.670364
19818	-1168.2	-1294.122	125.9216	1.101342	0.4225626	0.486269	0.513731	1.670364
19824	-1167.658	-1293.827	126.1689	1.056557	0.2884436	0.4959	0.5041	1.72628
19830	-1164.049	-1289.847	125.7989	0.9911267	0.4914392	0.500817	0.499183	1.749244
19836	-1170.589	-1297.093	126.5037	1.13132	0.4455324	0.558565	0.441435	1.161876
19842	-1174.629	-1300.36	125.7312	1.053047	0.5108008	0.470267	0.529733	1.730857
19848	-1175.518	-1302.084	126.566	0.9370337	0.2651963	0.459826	0.540174	1.567919
19854	-1171.421	-1297.462	126.041	1.194672	0.390015	0.394668	0.605332	1.561313
19860	-1173.429	-1299.773	126.3449	1.105339	0.2445767	0.476947	0.523053	1.64492
19866	-1168.859	-1295.043	126.1842	1.128289	0.2653811	0.476947	0.523053	1.704747
19872	-1177.989	-1304.529	126.5405	1.058384	0.2273834	0.446532	0.553468	1.570784
19878	-1177.772	-1303.646	125.874	1.058384	0.3967428	0.341737	0.658263	1.768791
19884	-1184.544	-1310.551	126.0071	0.9836235	0.342007	0.420194	0.579806	1.80561
19890	-1174.199	-1300.253	126.0536	1.027814	0.3013014	0.510959	0.489041	1.80561
19896	-1167.503	-1293.517	126.0137	0.9193453	0.4518769	0.475335	0.524665	1.696513
19902	-1164.702	-1290.079	125.377	1.073107	0.4603071	0.475335	0.524665	2.01706
19908	-1164.309	-1290.356	126.0473	1.125148	0.5712673	0.425207	0.574793	1.373961
19914	-1169.14	-1295.619	126.4793	1.216319	0.247405	0.467193	0.532807	1.458278
19920	-1163.509	-1289.659	126.1509	1.227501	0.4941035	0.467193	0.532807	1.307198
19926	-1167.741	-1293.964	126.223	1.114573	0.4941035	0.459675	0.540325	1.339987
19932	-1168.653	-1294.77	126.1168	1.128847	0.3386525	0.526358	0.473642	1.630844
19938	-1161.011	-1286.682	125.6707	0.9403818	0.3306191	0.51099	0.48901	2.078009
19944	-1166.134	-1292.364	126.2298	0.9403818	0.3302507	0.567563	0.432437	1.697839
19950	-1176.546	-1302.672	126.1261	1.109125	0.3387071	0.538806	0.461194	1.638294
19956	-1170.454	-1297.309	126.8551	1.16866	0.2915958	0.446028	0.553972	1.096441
19962	-1175.902	-1302.034	126.1325	1.062365	0.4271151	0.67876	0.32124	1.53936
19968	-1164.711	-1290.616	125.9051	1.120485	0.2573048	0.571567	0.428433	1.917201
19974	-1170.614	-1295.706	125.0916	0.8579249	0.5149797	0.503689	0.496311	2.283319
19980	-1164.82	-1290.336	125.5154	0.8034162	0.319702	0.566007	0.433993	2.283319
19986	-1169.793	-1296.172	126.3792	1.194891	0.3943458	0.584599	0.415401	1.293938
19992	-1183.162	-1309.287	126.1244	1.016623	0.2303443	0.402771	0.597229	1.887472
19998	-1164.392	-1290.017	125.6255	1.033243	0.426084	0.558672	0.441328	1.918495
20004	-1172.776	-1298.737	125.9611	1.1518	0.3177806	0.522846	0.477154	1.757575
20010	-1174.549	-1300.431	125.8815	1.182468	0.4664667	0.548167	0.451833	1.583877
20016	-1171.036	-1297.17	126.1337	1.249058	0.4664667	0.438715	0.561285	1.341413
20022	-1171.715	-1297.538	125.8231	1.199006	0.6495563	0.406412	0.593588	1.403534
20028	-1167.5	-1293.601	126.1006	1.199006	0.5503957	0.492224	0.507776	1.297802
20034	-1164.906	-1291.459	126.5525	1.190071	0.3653729	0.492224	0.507776	1.201572
20040	-1168.211	-1294.239	126.0276	1.268431	0.6312744	0.492224	0.507776	1.201572
20046	-1170.866	-1296.856	125.9896	1.176036	0.4919713	0.492224	0.507776	1.476109
20052	-1166.96	-1293.205	126.2447	1.167955	0.3588862	0.492224	0.507776	1.476109
20058	-1176.091	-1302.417	126.3263	1.297061	0.4725807	0.497459	0.502541	1.130146
20064	-1172.388	-1298.873	126.4849	1.313156	0.4365416	0.497459	0.502541	1.026552
20070	-1171.702	-1297.989	126.2868	1.118426	0.4295647	0.561989	0.438011	1.375769
20076	-1172.103	-1298.478	126.3753	1.012664	0.4295647	0.540306	0.459694	1.389311
20082	-1178.416	-1303.806	125.39	0.9071526	0.6009685	0.433871	0.566129	1.969765
20088	-1180.049	-1306.175	126.1259	0.7752574	0.4166342	0.422441	0.577559	1.764072
20094	-1166.707	-1292.494	125.7868	0.9427784	0.5701285	0.520128	0.479872	1.703901
20100	-1175.248	-1301.088	125.8407	0.7746963	0.4676799	0.447744	0.552256	1.897466
20106	-1179.511	-1305.111	125.5997	0.9854319	0.6251941	0.447744	0.552256	1.749041
20112	-1173.332	-1299.202	125.8698	0.8435528	0.2785192	0.476416	0.523584	2.089903
20118	-1171.161	-1296.616	125.4552	0.9232782	0.5890153	0.456056	0.543944	1.926847
20124	-1170.386	-1296.609	126.2229	1.088381	0.3333447	0.279505	0.720495	1.591612
20130	-1172.438	-1298.128	125.6901	1.264687	0.5257241	0.499827	0.500173	1.591612
20136	-1167.59	-1294.062	126.4728	1.189435	0.3705188	0.402098	0.597902	1.260417
20142	-1171.264	-1297.856	126.5916	1.297421	0.2929763	0.564697	0.435303	1.212422
20148	-1173.566	-1299.582	126.0156	1.193328	0.6859941	0.580453	0.419547	1.212422
20154	-1169.917	-1296.154	126.2366	1.159657	0.5155944	0.478495	0.521505	1.263701
20160	-1163.632	-1289.95	126.3174	1.384594	0.3493666	0.502318	0.497682	1.263701
20166	-1164.757	-1291.04	126.2823	1.127704	0.4159791	0.440808	0.559192	1.391792
20172	-1174.414	-1299.947	125.5333	1.10448	0.6715125	0.571192	0.428808	1.66673
20178	-1172.863	-1298.967	126.1045	1.194631	0.5216029	0.516722	0.483278	1.334726
20184	-1169.221	-1295.419	126.1973	1.254602	0.3939645	0.507949	0.492051	1.391915
20190	-1158.406	-1284.784	126.3781	1.182576	0.3462319	0.507949	0.492051	1.382712
20196	-1165.623	-1291.966	126.3436	1.278276	0.4655113	0.557438	0.442562	1.142401
20202	-1162.521	-1289	126.4788	1.301124	0.3408705	0.557438	0.442562	1.213533
20208	-1166.614	-1292.537	125.9232	1.398725	0.5633384	0.515604	0.484396	1.263229
20214	-1172.614	-1298.602	125.9881	1.407102	0.516569	0.394157	0.605843	1.263229
20220	-1176.785	-1302.812	126.0268	1.383416	0.7465703	0.45974	0.54026	0.9521728
20226	-1171.721	-1298.176	126.4557	1.323745	0.3682664	0.463987	0.536013	1.164518
20232	-1177.469	-1303.641	126.1719	1.44813	0.5989641	0.512421	0.487579	0.9398158
20238	-1179.184	-1305.49	126.3055	1.339955	0.4703204	0.429433	0.570567	1.113701
20244	-1182.759	-1309.127	126.3682	1.217064	0.4295828	0.420147	0.579853	1.229535
20250	-1186.773	-1312.98	126.207	0.9344825	0.379198	0.461969	0.538031	1.64533
20256	-1178.393	-1303.949	125.5557	1.248737	0.6047265	0.550146	0.449854	1.613729
20262	-1176.214	-1302.119	125.9042	1.11662	0.7394933	0.567668	0.432332	1.311325
20268	-1162.772	-1288.574	125.8024	1.147347	0.6488887	0.567668	0.432332	1.45982
20274	-1166.38	-1291.888	125.508	1.518398	0.6488887	0.567668	0.432332	1.400909
20280	-1163.246	-1289.782	126.536	1.441396	0.4051749	0.498694	0.501306	0.9007228
20286	-1160.174	-1286.636	126.4613	1.269249	0.4215882	0.579439	0.420561	1.11569
20292	-1158.554	-1284.612	126.058	1.318853	0.6072785	0.503766	0.496234	1.161069
20298	-1157.517	-1283.993	126.4753	1.094251	0.3442464	0.408671	0.591329	1.379036
20304	-1168.407	-1294.9	126.4931	1.125291	0.4174336	0.424365	0.575635	1.220563
20310	-1165.708	-1291.51	125.8013	1.062206	0.4767366	0.595492	0.404508	1.71505
20316	-1169.693	-1296.057	126.3638	1.025512	0.4049756	0.505675	0.494325	1.42395
20322	-1162.069	-1288.627	126.5586	1.223543	0.4049756	0.502195	0.497805	1.097255
20328	-1178.855	-1305.075	126.2201	1.433379	0.4453475	0.497545	0.502455	1.145896
20334	-1171.438	-1297.826	126.388	1.307719	0.4453475	0.367426	0.632574	1.107997
20340	-1172.161	-1298.382	126.2212	1.560007	0.5361694	0.505993	0.494007	0.8655699
20346	-1181.392	-1307.483	126.0912	1.625567	0.6408887	0.402143	0.597857	0.7464875
20352	-1173.308	-1299.597	126.2889	1.677956	0.4411223	0.549327	0.450673	0.8344672
20358	-1166.971	-1293.05	126.0784	1.393129	0.7342687	0.501589	0.498411	0.9023286
20364	-1174.333	-1300.437	126.1039	1.393129	0.5919912	0.532508	0.467492	1.072386
20370	-1184.957	-1311.207	126.2498	1.393129	0.5100476	0.611532	0.388468	1.054236
20376	-1171.983	-1298.42	126.4369	1.357104	0.4813506	0.505058	0.494942	0.9510857
20382	-1175.696	-1301.684	125.9873	1.211915	0.6892195	0.538929	0.461071	1.217078
20388	-1181.119	-1307.56	126.4407	1.462082	0.4445704	0.453634	0.546366	0.9026706
20394	-1173.321	-1299.702	126.3805	1.462082	0.4448938	0.600917	0.399083	0.9667919
20400	-1170.255	-1297.124	126.869	1.400851	0.314609	0.469593	0.530407	0.7699977
20406	-1162.101	-1288.406	126.305	1.285586	0.5498561	0.427798	0.572202	1.043836
20412	-1160.3	-1286.731	126.4304	1.327683	0.4411965	0.427798	0.572202	1.056942
20418	-1168.509	-1294.678	126.1687	1.065691	0.3633894	0.390994	0.609006	1.601307
20424	-1170.151	-1296.604	126.4531	1.240451	0.4194582	0.390994	0.609006	1.152344
20430	-1166.722	-1293.228	126.5065	1.129587	0.3999084	0.608598	0.391402	1.233758
20436	-1173.768	-1299.974	126.206	1.10982	0.4851889	0.450773	0.549227	1.369055
20442	-1177.193	-1303.864	126.671	1.109039	0.3780037	0.544604	0.455396	1.146683
20448	-1177.111	-1303.578	126.4671	1.109039	0.4392196	0.53879	0.46121	1.222444
20454	-1175.218	-1301.539	126.3207	1.011665	0.3606982	0.478362	0.521638	1.533474
20460	-1165.793	-1291.841	126.0478	1.187811	0.572545	0.495315	0.504685	1.322259
20466	-1175.052	-1301.318	126.2656	1.120474	0.4976444	0.484487	0.515513	1.296123
20472	-1182.326	-1309.238	126.9122	1.210309	0.2135699	0.500165	0.499835	1.189419
20478	-1164.829	-1291.032	126.2029	1.237416	0.4474604	0.536982	0.463018	1.322144
20484	-1170.055	-1296.167	126.1117	0.9223375	0.5157638	0.536982	0.463018	1.545231
20490	-1170.599	-1296.827	126.2288	0.9223375	0.4228988	0.511591	0.488409	1.577283
20496	-1160.806	-1286.613	125.8074	0.9136544	0.4647098	0.557669	0.442331	1.828758
20502	-1159.09	-1284.612	125.5219	1.134671	0.4490965	0.361467	0.638533	1.891644
20508	-1156.194	-1282.556	126.3612	1.168307	0.2949688	0.47287	0.52713	1.494361
20514	-1160.873	-1286.49	125.6167	0.9616144	0.557316	0.463053	0.536947	1.823041
20520	-1162.004	-1287.226	125.2217	0.9990565	0.5316284	0.528877	0.471123	2.090196
20526	-1169.296	-1295.202	125.9056	1.080258	0.3225334	0.51428	0.48572	1.838214
20532	-1174.918	-1300.071	125.1534	0.7190015	0.5877742	0.406221	0.593779	2.260718
20538	-1171.301	-1296.168	124.8673	0.7844023	0.5877742	0.477495	0.522505	2.401203
20544	-1166.23	-1291.821	125.5909	0.9074364	0.4584844	0.529632	0.470368	1.987083
20550	-1180.994	-1306.352	125.3588	0.8286655	0.4584844	0.457105	0.542895	2.191487
20556	-1182.01	-1307.27	125.2602	0.7585129	0.5094708	0.56456	0.43544	2.244685
20562	-1173.217	-1299.138	125.9212	0.8951634	0.392603	0.496238	0.503762	1.854489
20568	-1165.571	-1291.019	125.4478	1.145897	0.503367	0.496238	0.503762	1.871214
20574	-1167.982	-1294.036	126.054	1.111411	0.5363276	0.496238	0.503762	1.421366
20580	-1174.874	-1301.171	126.2967	1.090696	0.4553243	0.504141	0.495859	1.35325
20586	-1170.794	-1297.162	126.3687	1.090696	0.3459073	0.578732	0.421268	1.461372
20592	-1176.213	-1302.265	126.0524	1.223479	0.53282	0.578732	0.421268	1.339037
20598	-1173.805	-1300.425	126.6202	1.145906	0.3667674	0.431592	0.568408	1.178842
20604	-1177.179	-1303.258	126.0786	1.20818	0.3840228	0.62646	0.37354	1.532286
20610	-1181.656	-1307.738	126.0816	1.132153	0.4220974	0.477718	0.522282	1.532286
20616	-1175.859	-1301.54	125.6815	0.9286915	0.3426172	0.448051	0.551949	2.061491
20622	-1171.795	-1297.573	125.7779	0.8675538	0.4583957	0.558745	0.441255	1.888018
20628	-1177.878	-1304.33	126.4524	1.161287	0.3257729	0.643686	0.356314	1.375865
20634	-1173.471	-1299.398	125.9267	1.078138	0.3777988	0.400682	0.599318	1.744206
20640	-1172.786	-1298.812	126.0259	1.234912	0.4961916	0.618916	0.381084	1.397749
20646	-1183.024	-1309.204	126.1802	1.146208	0.5869087	0.342656	0.657344	1.229964
20652	-1177.472	-1303.877	126.4052	1.081869	0.3609479	0.385432	0.614568	1.415974
20658	-1171.553	-1297.336	125.7831	1.10341	0.5128787	0.523387	0.476613	1.655938
20664	-1181.557	-1306.779	125.2223	1.150354	0.804504	0.543682	0.456318	1.736397
20670	-1186.073	-1311.323	125.25	1.102094	0.7447948	0.449435	0.550565	1.801054
20676	-1179.894	-1305.928	126.0343	1.008515	0.6426838	0.543866	0.456134	1.394772
20682	-1170.183	-1296.298	126.1151	1.194904	0.6426838	0.543866	0.456134	1.175793
20688	-1171.708	-1298.01	126.3022	1.312432	0.5018333	0.515195	0.484805	1.09337
20694	-1178.087	-1304.436	126.3486	1.277918	0.4946088	0.495424	0.504576	1.09337
20700	-1172.405	-1299.118	126.7136	1.420145	0.3214098	0.495424	0.504576	0.9187141
20706	-1171.138	-1297.434	126.2961	1.500064	0.5688505	0.470703	0.529297	0.7824609
20712	-1167.865	-1294.18	126.3151	1.413395	0.5688505	0.42918	0.57082	0.8683033
20718	-1168.91	-1295.194	126.2838	1.630616	0.5235831	0.418853	0.581147	0.709662
20724	-1174.75	-1301.165	126.4157	1.523092	0.4519193	0.474894	0.525106	0.845212
20730	-1164.309	-1290.337	126.0278	1.523092	0.7198432	0.474894	0.525106	0.8300163
20736	-1163.977	-1290.095	126.1175	1.579445	0.6420098	0.428687	0.571313	0.7733193
20742	-1160.27	-1286.559	126.2891	1.443732	0.4658762	0.545712	0.454288	1.039305
20748	-1171.265	-1297.785	126.5198	1.402813	0.3888787	0.467156	0.532844	0.992333
20754	-1177.116	-1303.456	126.3406	1.231275	0.4464583	0.413342	0.586658	1.215008
20760	-1181.363	-1308.082	126.7188	1.231275	0.2682452	0.413342	0.586658	1.211693
20766	-1181.069	-1307.171	126.1016	1.151974	0.5375854	0.426961	0.573039	1.350843
20772	-1171.73	-1297.895	126.1646	1.068276	0.4776445	0.50029	0.49971	1.443413
20778	-1179.163	-1305.239	126.0764	1.156448	0.4776445	0.655066	0.344934	1.443413
20784	-1175.115	-1300.585	125.4701	1.00591	0.5353738	0.559837	0.440163	1.916183
20790	-1171.399	-1296.939	125.5401	0.9841887	0.5638388	0.360917	0.639083	1.853289
20796	-1166.524	-1292.7	126.1761	0.8889032	0.3010658	0.413166	0.586834	1.817307
20802	-1168.675	-1294.805	126.1302	0.8924994	0.3196453	0.566016	0.433984	1.817307
20808	-1177.157	-1303.117	125.9606	0.8323788	0.4336553	0.473144	0.526856	1.817307
20814	-1175.933	-1302.244	126.3105	0.9622202	0.4364624	0.473144	0.526856	1.468278
20820	-1179.659	-1306.223	126.564	1.468993	0.4635708	0.611601	0.388399	0.6766283
20826	-1180.246	-1306.507	126.2608	1.696762	0.5349477	0.520674	0.479326	0.5657154
20832	-1176.334	-1302.115	125.7808	1.167612	0.3943131	0.526614	0.473386	1.760854
20838	-1167.846	-1293.957	126.1109	1.351481	0.5101196	0.527048	0.472952	1.215753
20844	-1163.33	-1289.759	126.4288	1.312954	0.3533758	0.408457	0.591543	1.22342
20850	-1165.477	-1291.926	126.4487	1.450483	0.4682718	0.55819	0.44181	0.858473
20856	-1161.595	-1288.293	126.698	1.210414	0.366619	0.415852	0.584148	1.049911
20862	-1171.759	-1298.569	126.8098	1.274383	0.2703584	0.497743	0.502257	1.088249
20868	-1161.641	-1287.733	126.092	1.224065	0.4748135	0.510227	0.489773	1.382772
20874	-1161.437	-1287.578	126.1407	1.081162	0.4183362	0.589267	0.410733	1.531408
20880	-1161.199	-1287.622	126.4236	1.291952	0.4183362	0.54746	0.45254	1.134623
20886	-1156.691	-1283.252	126.561	1.231782	0.2922207	0.52291	0.47709	1.294046
20892	-1161.712	-1287.305	125.5924	1.101391	0.5027825	0.534493	0.465507	1.803127
20898	-1163.65	-1289.482	125.8323	0.9113217	0.3606535	0.35166	0.64834	1.94734
20904	-1161.157	-1287.142	125.9847	1.007575	0.309324	0.553462	0.446538	1.854225
20910	-1162.117	-1287.964	125.8473	1.128437	0.5369725	0.47265	0.52735	1.563281
20916	-1166.201	-1291.968	125.7672	1.09689	0.2951921	0.502444	0.497556	1.963293
20922	-1168.723	-1294.427	125.7042	1.041871	0.3481109	0.502444	0.497556	1.963293
20928	-1167.788	-1293.579	125.7904	1.124099	0.2742661	0.501382	0.498618	1.963293
20934	-1171.67	-1296.94	125.2705	0.9877504	0.4880867	0.531307	0.468693	2.11221
20940	-1178.234	-1304.707	126.4732	1.37772	0.432111	0.445864	0.554136	0.9819792
20946	-1181.042	-1307.548	126.5065	1.120795	0.3671668	0.513166	0.486834	1.29471
20952	-1184.752	-1311.152	126.4003	1.19605	0.3546557	0.489089	0.510911	1.340488
20958	-1180.545	-1306.939	126.3937	1.177411	0.302278	0.506061	0.493939	1.449926
20964	-1181.438	-1308.067	126.6296	1.112824	0.3161821	0.506061	0.493939	1.289905
20970	-1175.689	-1302.171	126.4815	1.232306	0.3414822	0.308077	0.691923	1.267802
20976	-1169.291	-1295.954	126.6628	1.259438	0.3760355	0.576841	0.423159	1.01812
20982	-1171.791	-1298.655	126.8636	1.069046	0.2878272	0.474401	0.525599	1.185498
20988	-1176.903	-1303.042	126.1396	1.190306	0.5414875	0.501605	0.498395	1.284383
20994	-1170.66	-1296.743	126.0829	1.177261	0.6882694	0.538189	0.461811	1.165647
21000	-1185.334	-1311.652	126.3177	1.167436	0.5232893	0.595036	0.404964	1.177852
21006	-1174.68	-1301.025	126.3443	1.069802	0.192333	0.468883	0.531117	1.775336
21012	-1162.1	-1288.495	126.395	1.258021	0.3909806	0.479619	0.520381	1.234117
21018	-1171.405	-1297.914	126.509	1.2345	0.453708	0.44829	0.55171	1.049566
21024	-1181.1	-1307.432	126.3316	1.354568	0.4869043	0.55266	0.44734	1.049566
21030	-1172.25	-1298.56	126.3093	1.269454	0.4869043	0.380066	0.619934	1.148201
21036	-1168.08	-1294.461	126.3809	1.417696	0.4443353	0.489904	0.510096	1.012214
21042	-1169.349	-1295.693	126.344	1.338033	0.5126791	0.472921	0.527079	1.012214
21048	-1160.78	-1286.915	126.1344	1.381277	0.5404007	0.439437	0.560563	1.127003
21054	-1164.577	-1291.05	126.4732	1.381277	0.4618672	0.501748	0.498252	0.9222366
21060	-1160.766	-1287.068	126.3018	1.21418	0.4447996	0.444771	0.555229	1.264296
21066	-1164.465	-1290.66	126.1942	1.18542	0.4716994	0.496949	0.503051	1.336708
21072	-1170.352	-1296.667	126.3151	1.338518	0.4941292	0.537065	0.462935	1.068939
21078	-1173.66	-1299.834	126.174	1.314351	0.4886711	0.504546	0.495454	1.223822
21084	-1173.981	-1299.907	125.9263	1.367002	0.6239894	0.576467	0.423533	1.212711
21090	-1167.222	-1293.708	126.4863	1.367002	0.5072479	0.548574	0.451426	0.8344745
21096	-1169.681	-1295.933	126.2523	1.154858	0.5072479	0.505295	0.494705	1.265897
21102	-1176.704	-1302.839	126.135	1.219726	0.4832913	0.613531	0.386469	1.340824
21108	-1173.434	-1299.642	126.2078	1.164937	0.3919369	0.434364	0.565636	1.455961
21114	-1170.106	-1296.159	126.0525	1.040356	0.5072332	0.434364	0.565636	1.511857
21120	-1191.316	-1317.641	126.3246	1.042098	0.3815572	0.497067	0.502933	1.476084
21126	-1180.872	-1307.042	126.1693	1.15655	0.4923789	0.449005	0.550995	1.351589
21132	-1181.288	-1307.293	126.0041	1.097861	0.3231352	0.575598	0.424402	1.75684
21138	-1177.346	-1303.144	125.7984	0.836825	0.4262466	0.561221	0.438779	1.934158
21144	-1170.969	-1296.15	125.1813	0.8647151	0.63328	0.514465	0.485535	2.105716
21150	-1187.846	-1313.675	125.8286	1.047511	0.5079289	0.436521	0.563479	1.669106
21156	-1170.305	-1296.945	126.6399	1.211198	0.3688744	0.363184	0.636816	1.099275
21162	-1170.166	-1295.795	125.6299	1.221992	0.7385436	0.464764	0.535236	1.44486
21168	-1162.092	-1288.7	126.6081	1.191818	0.3713098	0.543731	0.456269	1.140995
21174	-1169.144	-1295.719	126.5748	1.140652	0.3305007	0.585778	0.414222	1.286022
21180	-1171.365	-1297.591	126.2259	1.103239	0.4423763	0.521805	0.478195	1.416921
21186	-1182.108	-1308.657	126.5487	1.255346	0.3789391	0.460665	0.539335	1.123528
21192	-1172.694	-1298.836	126.1419	1.071074	0.3638008	0.446093	0.553907	1.61623
21198	-1180.266	-1306.17	125.9032	0.9693906	0.4047972	0.446093	0.553907	1.799546
21204	-1175.047	-1300.95	125.9032	1.061719	0.4263931	0.499283	0.500717	1.70658
21210	-1174.564	-1300.524	125.9598	1.071619	0.4466025	0.442543	0.557457	1.632901
21216	-1171.116	-1297.738	126.6215	1.023648	0.3358306	0.494039	0.505961	1.333468
21222	-1174.273	-1300.79	126.5174	1.125917	0.3382758	0.494039	0.505961	1.330717
21228	-1168.237	-1294.405	126.1682	1.125917	0.3382758	0.504669	0.495331	1.596318
21234	-1173.079	-1298.978	125.8991	1.079335	0.5274038	0.508466	0.491534	1.572415
21240	-1173.744	-1299.741	125.997	1.175245	0.5151347	0.463952	0.536048	1.442063
21246	-1171.44	-1296.898	125.4584	0.8200689	0.407104	0.509037	0.490963	2.193345
21252	-1181.514	-1307.943	126.4291	1.226251	0.3342527	0.440766	0.559234	1.328084
21258	-1169.637	-1295.779	126.1417	1.214893	0.4519913	0.393922	0.606078	1.382191
21264	-1175.635	-1301.614	125.9787	1.214893	0.544435	0.387117	0.612883	1.389641
21270	-1174.189	-1300.145	125.9562	1.098727	0.6739409	0.387117	0.612883	1.351872
21276	-1171.792	-1297.359	125.5671	1.098727	0.6739409	0.498153	0.501847	1.644349
21282	-1177.265	-1303.744	126.4784	1.258055	0.3816392	0.538602	0.461398	1.178542
21288	-1172.518	-1298.612	126.0942	1.094654	0.6094497	0.538602	0.461398	1.316246
21294	-1172.098	-1298.708	126.6094	1.176009	0.2629648	0.508083	0.491917	1.35742
21300	-1167.836	-1293.909	126.0732	1.262641	0.5787664	0.545578	0.454422	1.23224
21306	-1164.582	-1290.746	126.1644	1.087631	0.5071138	0.418867	0.581133	1.390546
21312	-1169.945	-1295.705	125.7603	0.9560581	0.4987693	0.467429	0.532571	1.792067
21318	-1167.928	-1293.493	125.5653	0.8435213	0.5248451	0.508454	0.491546	1.972613
21324	-1164.462	-1289.924	125.4623	0.8808147	0.4820147	0.508454	0.491546	2.063147
21330	-1169.457	-1295.082	125.6249	1.06563	0.4528605	0.630581	0.369419	1.86398
21336	-1175.274	-1300.911	125.6375	1.102831	0.5324767	0.548795	0.451205	1.737271
21342	-1171.258	-1297.484	126.2258	1.056412	0.4612136	0.505224	0.494776	1.427319
21348	-1172.185	-1298.814	126.6286	1.266782	0.3840988	0.465161	0.534839	1.028635
21354	-1175.93	-1302.069	126.1386	1.351129	0.4877465	0.465161	0.534839	1.223915
21360	-1169.91	-1296.536	126.6261	1.339933	0.3530823	0.465161	0.534839	1.021302
21366	-1179.312	-1305.3	125.9879	1.55539	0.6506805	0.633129	0.366871	0.9437265
21372	-1163.205	-1289.729	126.5237	1.272467	0.4715934	0.487262	0.512738	0.9662952
21378	-1163.153	-1289.505	126.3524	1.442579	0.4715934	0.607105	0.392895	0.9674922
21384	-1166.676	-1293.326	126.65	1.550885	0.3563149	0.510562	0.489438	0.7381383
21390	-1159.674	-1285.93	126.256	1.557205	0.5451656	0.438	0.562	0.8083515
21396	-1164.063	-1290.704	126.6412	1.541032	0.307213	0.420662	0.579338	0.9005716
21402	-1160.425	-1286.689	126.2636	1.219223	0.433923	0.384906	0.615094	1.307545
21408	-1171.946	-1297.594	125.6478	1.219223	0.5471928	0.421009	0.578991	1.630749
21414	-1184.045	-1310.316	126.2718	1.002098	0.5471928	0.429271	0.570729	1.322582
21420	-1164.147	-1290.313	126.1655	1.010728	0.3637076	0.429271	0.570729	1.642854
21426	-1167.59	-1293.673	126.0829	1.018231	0.4794074	0.429271	0.570729	1.540251
21432	-1175.132	-1301.373	126.2414	1.039843	0.4681145	0.485727	0.514273	1.418772
21438	-1176.062	-1302.131	126.069	1.178586	0.5267817	0.39771	0.60229	1.369124
21444	-1165.69	-1291.545	125.855	1.181754	0.4850841	0.39771	0.60229	1.58048
21450	-1170.352	-1296.219	125.8672	1.084717	0.3510813	0.412336	0.587664	1.819104
21456	-1177.552	-1302.842	125.29	0.9620061	0.3726678	0.520393	0.479607	2.253973
21462	-1176.495	-1302.485	125.9901	1.065575	0.4509446	0.569024	0.430976	1.6098
21468	-1172.899	-1298.68	125.7811	1.108494	0.5022978	0.416309	0.583691	1.666057
21474	-1179.339	-1305.23	125.8918	1.08814	0.4495654	0.62854	0.37146	1.666057
21480	-1176.053	-1302.362	126.3087	1.0494	0.3653979	0.469448	0.530552	1.507102
21486	-1178.922	-1304.985	126.0629	1.083718	0.5596511	0.469448	0.530552	1.407882
21492	-1167.235	-1292.921	125.6861	1.121459	0.7368573	0.497351	0.502649	1.480105
21498	-1173.191	-1299.342	126.1511	1.241974	0.4339425	0.517123	0.482877	1.37897
21504	-1166.992	-1293.594	126.6024	1.283334	0.3803485	0.468398	0.531602	1.045101
21510	-1164.327	-1290.472	126.1446	1.48747	0.522689	0.532752	0.467248	1.045101
21516	-1169.849	-1296.024	126.1748	1.420857	0.5522593	0.571244	0.428756	1.035428
21522	-1171.074	-1297.262	126.1872	1.412159	0.5893478	0.578756	0.421244	0.9761804
21528	-1167.278	-1293.692	126.4137	1.491921	0.4352561	0.469812	0.530188	0.9181929
21534	-1171.487	-1297.974	126.4867	1.186728	0.3669603	0.469812	0.530188	1.257187
21540	-1172.534	-1299.063	126.529	1.250859	0.3669603	0.512574	0.487426	1.166497
21546	-1168.116	-1293.976	125.8599	1.352364	0.5172294	0.563491	0.436509	1.408675
21552	-1169.01	-1295.7	126.6901	1.271874	0.2422687	0.483898	0.516102	1.258045
21558	-1173.251	-1299.406	126.1554	1.251637	0.5131174	0.471991	0.528009	1.258045
21564	-1175.888	-1301.61	125.7218	1.273661	0.5644297	0.39701	0.60299	1.517261
21570	-1180.858	-1307.092	126.234	1.434521	0.5196447	0.582175	0.417825	1.014395
21576	-1177.029	-1303.334	126.3053	1.416975	0.4870216	0.390847	0.609153	1.014395
21582	-1181.925	-1308.552	126.6272	1.439871	0.4138164	0.547978	0.452022	0.7680366
21588	-1178.992	-1305.583	126.5917	1.533141	0.4138164	0.57557	0.42443	0.6733308
21594	-1176.095	-1302.535	126.4397	1.321501	0.5566853	0.379448	0.620552	0.8513489
21600	-1179.795	-1306.5	126.7048	1.595087	0.3319783	0.530908	0.469092	0.6543904
21606	-1179.294	-1305.993	126.6992	1.635282	0.320119	0.565928	0.434072	0.6355557
21612	-1174.05	-1299.936	125.886	1.408914	0.7066157	0.567678	0.432322	1.11327
21618	-1171.709	-1298.119	126.4097	1.378277	0.4711301	0.690579	0.309421	0.9754928
21624	-1178.774	-1305.076	126.3015	1.453529	0.5225835	0.528568	0.471432	0.919887
21630	-1175.966	-1302.243	126.2772	1.43026	0.4526401	0.542559	0.457441	1.085253
21636	-1169.963	-1296.464	126.5017	1.397629	0.4598351	0.410237	0.589763	0.8756283
21642	-1172.944	-1299.615	126.6712	1.397629	0.3698784	0.338516	0.661484	0.8756283
21648	-1174.64	-1300.819	126.1793	1.748145	0.4737028	0.500189	0.499811	0.8115984
21654	-1159.933	-1286.018	126.0856	1.81925	0.5727981	0.500189	0.499811	0.4658632
21660	-1169.553	-1295.545	125.992	1.944631	0.5316006	0.512404	0.487596	0.3803585
21666	-1167.477	-1293.777	126.3007	1.948995	0.3679131	0.469505	0.530495	0.4207345
21672	-1168.059	-1294.236	126.177	1.948995	0.4330443	0.487931	0.512069	0.4259626
21678	-1176.658	-1302.993	126.3358	1.812469	0.4227271	0.542045	0.457955	0.5697166
21684	-1180.48	-1306.987	126.5071	1.303405	0.3578628	0.612163	0.387837	1.156078
21690	-1177.407	-1303.849	126.442	1.288622	0.5498797	0.48301	0.51699	0.8992649
21696	-1174.184	-1300.709	126.5249	1.370713	0.4502926	0.492981	0.507019	0.8992649
21702	-1175.968	-1302.471	126.5029	1.426884	0.3900156	0.634542	0.365458	0.9828673
21708	-1182.766	-1308.804	126.0374	1.06136	0.5724834	0.462718	0.537282	1.429844
21714	-1174.134	-1299.563	125.4288	1.087474	0.5303924	0.513094	0.486906	1.894175
21720	-1185.356	-1310.523	125.1674	1.012334	1.041992	0.652774	0.347226	1.693994
21726	-1178.343	-1304.311	125.9689	1.136797	0.399828	0.427848	0.572152	1.641945
21732	-1168.066	-1294.576	126.5104	1.121674	0.3528054	0.488888	0.511112	1.314967
21738	-1173.923	-1300.164	126.2412	1.350873	0.5674244	0.514979	0.485021	1.016289
21744	-1179.61	-1306.392	126.7818	1.416785	0.3359464	0.52394	0.47606	0.8031696
21750	-1171.85	-1298.171	126.3213	1.42711	0.5816343	0.634701	0.365299	0.8204411
21756	-1175.462	-1302.09	126.6275	1.255813	0.2972406	0.634701	0.365299	1.208721
21762	-1172.917	-1298.067	125.1496	1.19157	0.7773451	0.487743	0.512257	1.780971
21768	-1175.431	-1301.642	126.2118	1.021819	0.3566177	0.487743	0.512257	1.612074
21774	-1180.818	-1306.81	125.9925	0.9518092	0.359726	0.482747	0.517253	1.811902
21780	-1169.058	-1294.555	125.4973	0.9860285	0.354524	0.482747	0.517253	2.128248
21786	-1166.383	-1292.198	125.815	0.9077292	0.4391318	0.482747	0.517253	1.858754
21792	-1165.936	-1292.055	126.1187	1.040064	0.3564682	0.570836	0.429164	1.666144
21798	-1172.092	-1297.605	125.5132	0.9082504	0.6052594	0.454498	0.545502	1.881613
21804	-1168.801	-1294.021	125.2198	0.6794471	0.6936065	0.460405	0.539595	2.148271
21810	-1164.776	-1290.304	125.5276	0.7359085	0.3356502	0.349645	0.650355	2.296218
21816	-1162.447	-1288.172	125.7252	1.124998	0.3756698	0.331102	0.668898	1.854235
21822	-1163.974	-1289.738	125.7642	0.9163301	0.4316909	0.372116	0.627884	1.896748
21828	-1170.895	-1296.488	125.5925	0.9132871	0.387317	0.478309	0.521691	2.069868
21834	-1170.953	-1297.201	126.2484	0.9689866	0.387317	0.406444	0.593556	1.578623
21840	-1169.45	-1295.943	126.4934	1.094172	0.3063618	0.426698	0.573302	1.430129
21846	-1165.397	-1291.509	126.1121	1.104933	0.4414099	0.43349	0.56651	1.503494
21852	-1183.938	-1310.27	126.3314	1.119638	0.4414099	0.412029	0.587971	1.32226
21858	-1185.797	-1311.957	126.1592	0.918573	0.4407751	0.475015	0.524985	1.606948
21864	-1177.942	-1303.649	125.7071	0.9445306	0.2693081	0.363011	0.636989	2.145165
21870	-1174.441	-1300.894	126.4532	0.9439646	0.2693081	0.448881	0.551119	1.637322
21876	-1176.76	-1303.39	126.6294	1.001536	0.2768212	0.448881	0.551119	1.450602
21882	-1183.76	-1310.07	126.3092	0.9521039	0.4052877	0.580518	0.419482	1.520414
21888	-1180.22	-1306.469	126.2493	0.9900694	0.3601622	0.644563	0.355437	1.602501
21894	-1168.152	-1294.827	126.6755	1.02036	0.3318709	0.559767	0.440233	1.29956
21900	-1167.975	-1294.432	126.4565	1.02036	0.4426678	0.474729	0.525271	1.29956
21906	-1170.979	-1297.015	126.0353	0.905009	0.3242583	0.582733	0.417267	1.866796
21912	-1169.958	-1296.285	126.3277	1.183394	0.5098268	0.487292	0.512708	1.174209
21918	-1178.219	-1304.619	126.3996	1.315127	0.3492616	0.471824	0.528176	1.253317
21924	-1180.252	-1306.819	126.5661	1.101204	0.3623955	0.40818	0.59182	1.26993
21930	-1187.995	-1314.087	126.0914	1.239642	0.6567959	0.442351	0.557649	1.140205
21936	-1185.926	-1312.358	126.4323	1.409868	0.2948914	0.482095	0.517905	1.248094
21942	-1189.908	-1316.715	126.8067	1.416534	0.3308016	0.414967	0.585033	0.7849078
21948	-1187.828	-1314.712	126.8837	1.280007	0.358766	0.440471	0.559529	0.7849078
21954	-1169.82	-1296.234	126.4139	1.393798	0.4912466	0.482626	0.517374	0.9183897
21960	-1186.44	-1312.722	126.282	1.230778	0.6908918	0.482626	0.517374	0.9183897
21966	-1177.228	-1303.182	125.9541	1.415828	0.6295099	0.493798	0.506202	1.139191
21972	-1169.516	-1295.971	126.4551	1.111913	0.3845183	0.493798	0.506202	1.315291
21978	-1172.056	-1298.138	126.0829	0.9992707	0.345759	0.368883	0.631117	1.736343
21984	-1178.636	-1303.97	125.3344	0.9794809	0.6635716	0.587981	0.412019	1.899362
21990	-1171.524	-1297.908	126.3846	1.109376	0.4417841	0.53509	0.46491	1.286864
21996	-1178.966	-1305.161	126.1953	1.310827	0.4703743	0.45169	0.54831	1.235068
22002	-1167.121	-1293.84	126.719	1.343459	0.2943484	0.372204	0.627796	1.054118
22008	-1163.187	-1289.51	126.3234	1.197756	0.520061	0.570497	0.429503	1.150841
22014	-1160.603	-1287.12	126.5172	1.581679	0.3829815	0.489059	0.510941	0.8060883
22020	-1162.014	-1288.631	126.617	1.575575	0.3674479	0.581765	0.418235	0.7146777
22026	-1170.892	-1297.7	126.8085	1.442955	0.3544093	0.545723	0.454277	0.6555532
22032	-1174.993	-1301.555	126.5628	1.633889	0.3803239	0.410465	0.589535	0.6593898
22038	-1172.734	-1299.041	126.3067	1.539149	0.5460059	0.480718	0.519282	0.7615565
22044	-1159.77	-1285.82	126.0493	1.678597	0.6057691	0.495883	0.504117	0.8010969
22050	-1157.778	-1283.928	126.1502	1.527362	0.6658131	0.497824	0.502176	0.7542015
22056	-1174.614	-1300.817	126.2033	1.527362	0.6658131	0.454936	0.545064	0.6637912
22062	-1170.268	-1296.997	126.7292	1.424402	0.3504248	0.586632	0.413368	0.8213991
22068	-1173.033	-1299.138	126.1055	1.536706	0.731467	0.501855	0.498145	0.6695787
22074	-1176.377	-1302.606	126.2293	1.485467	0.5236693	0.538632	0.461368	0.9610893
22080	-1176.398	-1302.693	126.2957	1.252639	0.5452168	0.530545	0.469455	1.090433
22086	-1177.772	-1304.461	126.6888	1.252639	0.3305697	0.481353	0.518647	1.090433
22092	-1180.732	-1307.079	126.3469	1.461288	0.5208225	0.496384	0.503616	0.8625293
22098	-1175.561	-1301.942	126.3812	1.682019	0.4397851	0.603949	0.396051	0.6986224
22104	-1173.992	-1300.565	126.5729	1.7022	0.341012	0.505833	0.494167	0.6651232
22110	-1178.165	-1304.626	126.4613	1.482257	0.5000443	0.576934	0.423066	0.7248234
22116	-1183.67	-1309.654	125.9845	1.481935	0.606307	0.462111	0.537889	1.081472
22122	-1177.461	-1303.82	126.3591	1.226216	0.4885738	0.462111	0.537889	1.139875
22128	-1182.733	-1309.134	126.4018	1.301312	0.4868036	0.658728	0.341272	1.033493
22134	-1187.736	-1314.345	126.6095	1.366576	0.4262415	0.492695	0.507305	0.8562942
22140	-1181.796	-1308.297	126.5011	1.366576	0.4128635	0.478562	0.521438	1.001111
22146	-1181.584	-1308.157	126.5733	1.358218	0.439944	0.422936	0.577064	0.879399
22152	-1164.51	-1290.94	126.4305	1.26361	0.439944	0.515196	0.484804	1.118195
22158	-1165.922	-1292.481	126.5597	1.38528	0.4076665	0.555203	0.444797	0.9311568
22164	-1163.079	-1289.07	125.9913	1.285988	0.5252227	0.568603	0.431397	1.34755
22170	-1163.853	-1290.393	126.5402	1.323383	0.4230264	0.563832	0.436168	0.9861579
22176	-1163.797	-1290.009	126.2118	1.403519	0.5719962	0.479969	0.520031	0.9861579
22182	-1162.428	-1288.356	125.9279	1.38295	0.6155481	0.479969	0.520031	1.207964
22188	-1161.579	-1287.914	126.3353	1.166477	0.4433468	0.494538	0.505462	1.27816
22194	-1165.928	-1292.172	126.2441	0.9901162	0.4724157	0.534311	0.465689	1.449207
22200	-1167.49	-1292.998	125.5088	1.201486	0.709725	0.51293	0.48707	1.578055
22206	-1167.351	-1293.981	126.6295	1.121357	0.3905503	0.493554	0.506446	1.1505
22212	-1170.757	-1296.421	125.6641	1.112286	0.8056647	0.493554	0.506446	1.440403
22218	-1166.938	-1292.582	125.6438	1.128892	0.7381011	0.493554	0.506446	1.505201
22224	-1165.666	-1291.262	125.5954	1.233748	0.5932525	0.493554	0.506446	1.607952
22230	-1164.921	-1291.343	126.4218	1.408156	0.3773662	0.493554	0.506446	1.102944
22236	-1178.535	-1305.421	126.886	1.309862	0.2742383	0.493554	0.506446	0.9701672
22242	-1164.677	-1291.244	126.5673	1.275187	0.3275014	0.493554	0.506446	1.184792
22248	-1167.186	-1293.738	126.5519	1.032062	0.3670033	0.475207	0.524793	1.329985
22254	-1165.095	-1291.388	126.2934	1.223554	0.4411124	0.518063	0.481937	1.269013
22260	-1159.099	-1285.224	126.1246	1.129698	0.4519154	0.441713	0.558287	1.461166
22266	-1167.517	-1293.948	126.4306	1.242831	0.3924579	0.506275	0.493725	1.214401
22272	-1167.636	-1293.808	126.1721	0.9554007	0.4011612	0.551579	0.448421	1.624368
22278	-1171.068	-1297.477	126.4092	1.046788	0.4011612	0.457998	0.542002	1.377796
22284	-1168.902	-1294.881	125.9789	0.9109595	0.3646284	0.660479	0.339521	1.842454
22290	-1181.784	-1308.163	126.379	1.179896	0.3646284	0.396537	0.603463	1.353815
22296	-1176.825	-1302.972	126.1468	1.441678	0.5590926	0.484513	0.515487	1.032225
22302	-1188.328	-1314.69	126.3618	1.453131	0.4506297	0.544085	0.455915	0.9845907
22308	-1170.889	-1296.874	125.9844	1.197123	0.6001329	0.544085	0.455915	1.332901
22314	-1168.727	-1294.615	125.888	1.249063	0.7985979	0.391485	0.608515	1.152918
22320	-1171.032	-1297.165	126.1338	0.9737083	0.3495587	0.515444	0.484556	1.712779
22326	-1180.587	-1306.595	126.008	0.8896257	0.5090689	0.457964	0.542036	1.652384
22332	-1172.058	-1298.704	126.6456	1.237701	0.3681803	0.487101	0.512899	1.070667
22338	-1179.047	-1305.398	126.351	1.24672	0.405846	0.448387	0.551613	1.256243
22344	-1170.344	-1296.769	126.4256	1.299304	0.4483154	0.560438	0.439562	1.076119
22350	-1173.338	-1299.558	126.2207	1.300551	0.4862629	0.567583	0.432417	1.199237
22356	-1176.974	-1303.204	126.2297	1.287558	0.4862629	0.608775	0.391225	1.20263
22362	-1174.812	-1301.195	126.3827	1.404145	0.4091232	0.505029	0.494971	1.085608
22368	-1169.891	-1296.375	126.4843	1.643942	0.3233514	0.50256	0.49744	0.9200556
22374	-1170.673	-1297.348	126.6755	1.327942	0.3233514	0.415371	0.584629	1.047191
22380	-1171.51	-1298.247	126.7367	1.191593	0.2864577	0.482622	0.517378	1.1921
22386	-1167.811	-1293.977	126.1659	1.220854	0.5762292	0.482622	0.517378	1.1921
22392	-1183.43	-1309.87	126.4394	1.372217	0.497261	0.498409	0.501591	0.9030011
22398	-1166.416	-1292.904	126.4873	1.220908	0.3758976	0.447443	0.552557	1.212747
22404	-1162.757	-1288.91	126.1533	1.373867	0.6456554	0.473723	0.526277	0.9678714
22410	-1166.615	-1292.771	126.1556	1.436669	0.5223967	0.4239	0.5761	1.083072
22416	-1171.509	-1297.864	126.3555	1.349084	0.4556908	0.601926	0.398074	1.082902
22422	-1160.018	-1286.542	126.5238	1.378415	0.4556908	0.545015	0.454985	0.8807614
22428	-1165.131	-1291.532	126.4008	1.290737	0.4556908	0.581052	0.418948	1.094948
22434	-1168.098	-1294.57	126.4714	1.386949	0.3676036	0.585115	0.414885	1.094948
22440	-1165.987	-1292.109	126.1221	1.28921	0.6184034	0.608264	0.391736	1.116201
22446	-1172.611	-1298.686	126.0748	1.330783	0.5894108	0.420821	0.579179	1.158684
22452	-1163.556	-1289.812	126.2567	1.330783	0.6457947	0.573467	0.426533	0.9027894
22458	-1163.22	-1289.653	126.4335	1.290051	0.3820026	0.428243	0.571757	1.189088
22464	-1170.512	-1296.306	125.7945	1.325042	0.5782946	0.418781	0.581219	1.407045
22470	-1172.569	-1298.681	126.1124	0.9926193	0.2474007	0.446789	0.553211	1.880777
22476	-1180.631	-1306.91	126.2799	0.9139825	0.3305549	0.439375	0.560625	1.680506
22482	-1182.553	-1308.649	126.0964	0.9574358	0.4716947	0.497384	0.502616	1.584676
22488	-1174.513	-1300.561	126.0478	0.9622723	0.4005862	0.547255	0.452745	1.709054
22494	-1171.441	-1297.626	126.1851	1.045886	0.2786863	0.526814	0.473186	1.738976
22500	-1178.679	-1304.78	126.1012	1.032906	0.320177	0.463552	0.536448	1.738976
22506	-1178.581	-1304.878	126.2976	0.9945041	0.3353819	0.487809	0.512191	1.602314
22512	-1182.927	-1309.066	126.1395	1.075791	0.5753675	0.487809	0.512191	1.33517
22518	-1174.376	-1300.034	125.6571	1.176808	0.7975976	0.400067	0.599933	1.403352
22524	-1171.687	-1297.697	126.01	1.141836	0.3854384	0.425645	0.574355	1.62891
22530	-1165.273	-1291.242	125.9695	1.218255	0.3992201	0.494472	0.505528	1.583273
22536	-1171.026	-1296.9	125.874	1.207083	0.5914946	0.451252	0.548748	1.421717
22542	-1168.486	-1294.532	126.0455	1.252715	0.4441504	0.548635	0.451365	1.438196
22548	-1162.933	-1289.196	126.2637	1.129091	0.3305488	0.631021	0.368979	1.536186
22554	-1174.881	-1300.676	125.7952	0.9304973	0.4969268	0.426588	0.573412	1.787711
22560	-1172.708	-1299.051	126.3431	0.989276	0.2948492	0.502245	0.497755	1.6394
22566	-1179.119	-1305.211	126.0917	1.155909	0.3833526	0.366066	0.633934	1.562186
22572	-1161.966	-1288.094	126.1276	1.05173	0.4075211	0.557304	0.442696	1.577796
22578	-1169.084	-1294.597	125.5127	0.9895243	0.4075211	0.415994	0.584006	2.04642
22584	-1173.589	-1299.172	125.5833	0.7564465	0.4018448	0.519913	0.480087	2.16011
22590	-1177.963	-1303.669	125.706	0.7139638	0.4534665	0.530584	0.469416	2.045081
22596	-1167.676	-1293.934	126.2577	0.9158228	0.3167875	0.588383	0.411617	1.716565
22602	-1176.216	-1302.19	125.9735	0.9520955	0.4317714	0.477764	0.522236	1.727355
22608	-1165.698	-1292.168	126.4703	1.085075	0.2504196	0.595853	0.404147	1.557253
22614	-1175.542	-1301.19	125.6474	1.278278	0.6061486	0.441141	0.558859	1.523228
22620	-1162.485	-1288.211	125.726	0.9446162	0.4105965	0.392707	0.607293	1.930015
22626	-1158.916	-1284.314	125.3978	1.012006	0.4146907	0.394236	0.605764	2.098347
22632	-1165.09	-1291.588	126.4985	1.30405	0.3435511	0.547316	0.452684	1.189269
22638	-1164.893	-1290.531	125.6377	1.089507	0.5028369	0.51426	0.48574	1.779877
22644	-1163.396	-1289.648	126.2521	1.043028	0.3900753	0.619962	0.380038	1.517199
22650	-1161.356	-1287.459	126.1027	1.199493	0.3864588	0.406768	0.593232	1.517199
22656	-1166.991	-1292.937	125.9465	1.047281	0.481065	0.587921	0.412079	1.616727
22662	-1163.682	-1289.862	126.18	1.026721	0.3665115	0.538504	0.461496	1.616727
22668	-1178.291	-1304.362	126.071	1.001707	0.3844075	0.538504	0.461496	1.687008
22674	-1173.673	-1299.583	125.9109	1.032979	0.4533086	0.538504	0.461496	1.687008
22680	-1172.957	-1299.222	126.265	1.168082	0.322364	0.48943	0.51057	1.519597
22686	-1174.291	-1300.218	125.9273	1.214381	0.4223016	0.537622	0.462378	1.585038
22692	-1176.484	-1302.66	126.176	1.062303	0.3724286	0.510382	0.489618	1.585038
22698	-1174.461	-1300.351	125.8899	1.167369	0.5096999	0.563221	0.436779	1.535348
22704	-1166.317	-1292.5	126.1835	1.05849	0.4069536	0.563221	0.436779	1.532442
22710	-1163.019	-1289.261	126.2428	1.069877	0.370977	0.375752	0.624248	1.532442
22716	-1165.968	-1292.046	126.0779	1.140294	0.4195843	0.581997	0.418003	1.532442
22722	-1167.347	-1293.262	125.9155	0.9391674	0.4717835	0.554467	0.445533	1.727296
22728	-1168.21	-1293.891	125.6811	0.9792147	0.3510925	0.521785	0.478215	2.016346
22734	-1161.95	-1287.685	125.7346	0.9257517	0.3510925	0.453903	0.546097	2.016346
22740	-1164.689	-1290.534	125.8452	0.8455389	0.3368249	0.551144	0.448856	2.016346
22746	-1162.767	-1288.95	126.1824	0.9022016	0.5125753	0.403368	0.596632	1.511498
22752	-1178.109	-1304.665	126.5565	1.28843	0.32394	0.496588	0.503412	1.189515
22758	-1176.497	-1302.878	126.3811	1.065148	0.3575656	0.627246	0.372754	1.452709
22764	-1179.101	-1305.003	125.9024	1.034427	0.3347496	0.562429	0.437571	1.853461
22770	-1168.59	-1294.582	125.9925	0.9442915	0.3347496	0.3989	0.6011	1.853461
22776	-1166.26	-1291.782	125.5227	0.8733194	0.3347496	0.611862	0.388138	2.21238
22782	-1168.072	-1293.982	125.9097	0.9892369	0.3246176	0.518523	0.481477	1.894423
22788	-1167.408	-1293.604	126.1955	1.032411	0.4014407	0.518523	0.481477	1.550667
22794	-1184.119	-1309.788	125.6695	1.076094	0.7112639	0.483325	0.516675	1.550667
22800	-1184.161	-1309.898	125.7371	1.245264	0.5725815	0.458762	0.541238	1.51786
22806	-1177.845	-1303.602	125.7565	1.036741	0.4936332	0.458762	0.541238	1.744446
22812	-1171.821	-1297.802	125.9812	1.036741	0.3278152	0.606674	0.393326	1.808092
22818	-1187.461	-1313.528	126.0663	1.014157	0.3001891	0.415496	0.584504	1.808092
22824	-1172.507	-1298.791	126.2832	0.8353604	0.2352553	0.564631	0.435369	1.893603
22830	-1174.39	-1300.621	126.2311	0.9218062	0.4399966	0.548637	0.451363	1.553004
22836	-1167.458	-1293.71	126.2518	0.973462	0.2754546	0.550972	0.449028	1.748532
22842	-1169.062	-1295.011	125.9492	0.9809629	0.3751778	0.562987	0.437013	1.799874
22848	-1181.467	-1307.672	126.2046	1.240403	0.3751778	0.529044	0.470956	1.426086
22854	-1175.465	-1302.037	126.5726	1.397238	0.3921959	0.407371	0.592629	0.9365313
22860	-1174.496	-1300.728	126.2318	1.583206	0.6133304	0.407371	0.592629	0.6392255
22866	-1168.99	-1295.598	126.6076	1.630616	0.3525427	0.411091	0.588909	0.68895
22872	-1170.869	-1297.221	126.3517	1.44159	0.4758395	0.506737	0.493263	0.9617218
22878	-1178.086	-1304.258	126.1722	1.212393	0.4747734	0.379012	0.620988	1.328473
22884	-1168.19	-1294.467	126.2765	1.212393	0.4165861	0.478992	0.521008	1.328473
22890	-1163.834	-1290.121	126.2866	1.274774	0.4620361	0.525157	0.474843	1.200485
22896	-1170.119	-1296.468	126.3492	1.39348	0.3249295	0.487634	0.512366	1.273754
22902	-1166.977	-1293.053	126.0761	1.328016	0.5305872	0.579772	0.420228	1.23711
22908	-1170.319	-1296.374	126.0557	1.397719	0.5001129	0.425149	0.574851	1.23711
22914	-1167.121	-1293.618	126.4973	1.042372	0.3233738	0.477872	0.522128	1.437363
22920	-1199.555	-1326.389	126.8335	1.437773	0.3434313	0.597675	0.402325	0.662523
22926	-1175.785	-1302.161	126.376	1.322023	0.5964958	0.498104	0.501896	0.8557359
22932	-1174.991	-1300.812	125.8203	1.064194	0.5470053	0.433922	0.566078	1.618342
22938	-1180.671	-1306.477	125.8062	1.152634	0.6166005	0.495394	0.504606	1.48716
22944	-1176.305	-1302.113	125.8078	1.139619	0.6887766	0.586416	0.413584	1.42056
22950	-1174.437	-1300.806	126.3695	1.494349	0.3350924	0.610519	0.389481	1.151609
22956	-1179.851	-1306.449	126.5979	1.431126	0.3350924	0.42463	0.57537	0.9968802
22962	-1180.814	-1307.258	126.444	1.260758	0.3997695	0.441646	0.558354	1.175282
22968	-1176.27	-1303.093	126.8233	1.260758	0.2331228	0.496996	0.503004	1.175282
22974	-1169.442	-1295.843	126.402	1.21178	0.4488649	0.496996	0.503004	1.175282
22980	-1174.858	-1301.218	126.3601	1.41973	0.4183229	0.503704	0.496296	1.07599
22986	-1170.076	-1296.212	126.1359	1.485092	0.6379851	0.494882	0.505118	0.8769159
22992	-1178.865	-1305.166	126.3014	1.390284	0.4933941	0.513489	0.486511	1.033808
22998	-1160.571	-1287.165	126.5934	1.392085	0.3628993	0.513489	0.486511	0.9815531
23004	-1170.903	-1297.031	126.1283	1.415621	0.62878	0.329043	0.670957	0.9748221
23010	-1158.174	-1284.704	126.5303	1.39924	0.4098581	0.4738	0.5262	0.9432536
23016	-1173.455	-1299.972	126.5163	1.378024	0.4098581	0.535338	0.464662	0.9799583
23022	-1182.566	-1309.012	126.4462	1.410115	0.5454126	0.538714	0.461286	0.7474574
23028	-1177.728	-1303.792	126.0644	1.272747	0.7129131	0.502289	0.497711	1.066838
23034	-1169.33	-1295.499	126.1691	1.131952	0.5619163	0.494824	0.505176	1.282235
23040	-1172.946	-1299.624	126.6771	1.202342	0.3712407	0.577945	0.422055	1.068508
23046	-1180.353	-1306.767	126.4135	1.224211	0.3495719	0.446811	0.553189	1.315895
23052	-1177.58	-1304.11	126.5303	1.333949	0.3962544	0.528766	0.471234	1.035698
23058	-1172.012	-1298.485	126.4726	1.3324	0.3320695	0.452501	0.547499	1.208434
23064	-1167.721	-1293.947	126.2263	1.312805	0.4920434	0.439266	0.560734	1.175392
23070	-1172.23	-1298.761	126.5308	1.539965	0.3335472	0.364918	0.635082	0.9576328
23076	-1166.034	-1292.042	126.0079	1.399379	0.632742	0.498116	0.501884	1.1014
23082	-1168.544	-1295.008	126.464	1.288935	0.4186651	0.577071	0.422929	1.100303
23088	-1166.641	-1293.088	126.4474	1.138758	0.4620353	0.614712	0.385288	1.179089
23094	-1159.432	-1285.392	125.96	1.110777	0.287023	0.396268	0.603732	1.836148
23100	-1162.079	-1287.596	125.5163	1.053722	0.287023	0.421574	0.578426	2.170103
23106	-1167.25	-1293.137	125.8866	0.8801307	0.2120774	0.5741	0.4259	2.170103
23112	-1168.421	-1294.192	125.7712	0.7647941	0.3014606	0.314905	0.685095	2.170103
23118	-1168.219	-1293.439	125.2201	0.8923808	0.5228254	0.394804	0.605196	2.170103
23124	-1170.916	-1296.959	126.0429	0.9438614	0.4751497	0.442747	0.557253	1.629115
23130	-1168.431	-1294.402	125.9714	0.7758335	0.4751497	0.357174	0.642826	1.798257
23136	-1169.477	-1295.407	125.9306	0.9764384	0.2548152	0.465964	0.534036	2.001102
23142	-1174.346	-1300.297	125.9509	1.113702	0.4206753	0.411722	0.588278	1.64308
23148	-1170.857	-1297.187	126.3301	1.181796	0.3171182	0.417241	0.582759	1.469252
23154	-1160.953	-1286.979	126.0256	1.106816	0.4091673	0.467104	0.532896	1.609694
23160	-1170.818	-1296.974	126.1554	1.293503	0.4883345	0.498066	0.501934	1.257317
23166	-1172.248	-1298.546	126.2987	1.533315	0.4883345	0.498066	0.501934	0.8967723
23172	-1170.184	-1295.993	125.8093	1.018022	0.5215432	0.32478	0.67522	1.688167
23178	-1165.613	-1291.668	126.055	1.044568	0.5215432	0.449013	0.550987	1.489428
23184	-1164.581	-1290.668	126.0868	1.081858	0.4014719	0.449013	0.550987	1.594038
23190	-1177.797	-1303.986	126.1893	1.086843	0.4014719	0.481966	0.518034	1.514831
23196	-1177.429	-1303.651	126.2219	1.301343	0.4731319	0.462434	0.537566	1.216606
23202	-1171.875	-1298.17	126.2955	1.403793	0.5870445	0.484255	0.515745	0.8707805
23208	-1175.432	-1302.033	126.6011	1.420868	0.426275	0.427942	0.572058	0.7982445
23214	-1182.483	-1308.82	126.3367	1.412948	0.4857589	0.453767	0.546233	0.9891649
23220	-1169.855	-1296.378	126.5236	1.280742	0.4256202	0.438812	0.561188	1.039891
23226	-1169.485	-1295.903	126.4179	1.247489	0.3962658	0.364709	0.635291	1.214969
23232	-1168.898	-1295.347	126.449	1.216435	0.3962181	0.593915	0.406085	1.214969
23238	-1174.852	-1301.005	126.1534	0.9353467	0.411448	0.441091	0.558909	1.638122
23244	-1167.295	-1292.969	125.6742	0.8938026	0.5271597	0.429811	0.570189	1.862441
23250	-1166.35	-1292.097	125.7476	0.9543845	0.4476627	0.48166	0.51834	1.862441
23256	-1173.317	-1299.606	126.2895	1.116699	0.4557896	0.444191	0.555809	1.337609
23262	-1166.589	-1293.031	126.4423	1.141958	0.2780024	0.565578	0.434422	1.483796
23268	-1164.294	-1290.618	126.3238	1.138504	0.398188	0.464283	0.535717	1.377346
23274	-1162.99	-1289.111	126.1208	1.281106	0.4580904	0.335418	0.664582	1.337826
23280	-1163.91	-1289.852	125.9415	1.404103	0.490938	0.528769	0.471231	1.337826
23286	-1172.786	-1298.846	126.0597	1.395784	0.5481992	0.528769	0.471231	1.169499
23292	-1165.684	-1291.863	126.1788	1.105695	0.3241778	0.56628	0.43372	1.625621
23298	-1162.137	-1287.853	125.7161	1.094113	0.4577289	0.612168	0.387832	1.775488
23304	-1163.5	-1289.786	126.2865	1.056453	0.4349395	0.573806	0.426194	1.416632
23310	-1166.773	-1292.945	126.172	1.223987	0.4064327	0.338171	0.661829	1.416632
23316	-1170.161	-1296.079	125.9189	1.14971	0.5638917	0.526748	0.473252	1.462802
23322	-1175.273	-1301.716	126.4423	1.121166	0.3994728	0.407143	0.592857	1.294545
23328	-1165.312	-1290.941	125.629	1.089949	0.3994728	0.401929	0.598071	1.911683
23334	-1161.58	-1287.347	125.7672	1.038288	0.4894334	0.617875	0.382125	1.740748
23340	-1167.898	-1293.543	125.6453	0.843496	0.3248237	0.406773	0.593227	2.166313
23346	-1168.496	-1294.639	126.1429	1.134477	0.6047367	0.404706	0.595294	1.24926
23352	-1165.056	-1290.974	125.918	1.063868	0.4033658	0.455692	0.544308	1.725183
23358	-1160.649	-1285.957	125.3079	1.130281	0.7682495	0.578945	0.421055	1.7208
23364	-1164.189	-1290.534	126.3454	1.323188	0.280051	0.427796	0.572204	1.415676
23370	-1172.415	-1298.484	126.069	1.31431	0.6807689	0.528242	0.471758	1.062884
23376	-1163.795	-1289.445	125.6499	1.456734	0.9029073	0.527118	0.472882	1.073573
23382	-1163.654	-1289.462	125.8082	1.420643	0.7948232	0.401243	0.598757	1.073573
23388	-1161.121	-1287.214	126.0928	1.420643	0.5667096	0.358756	0.641244	1.092115
23394	-1174.504	-1300.111	125.6074	1.874298	0.9099986	0.353382	0.646618	0.5143092
23400	-1176.693	-1302.842	126.1491	1.741961	0.5829989	0.44629	0.55371	0.4778823
23406	-1182.482	-1308.621	126.139	1.741961	0.5829989	0.44629	0.55371	0.5779594
23412	-1173.773	-1299.978	126.2048	1.79924	0.5103322	0.462142	0.537858	0.4781932
23418	-1173.626	-1299.594	125.9683	1.91839	0.5859654	0.534602	0.465398	0.4781932
23424	-1178.985	-1304.362	125.3767	1.91839	1.096638	0.54715	0.45285	0.5147396
23430	-1167.465	-1293.742	126.2767	1.91839	0.3978639	0.462758	0.537242	0.5710432
23436	-1180.251	-1306.384	126.133	1.697707	0.6158528	0.568488	0.431512	0.5867615
23442	-1176.236	-1302.725	126.4889	1.767166	0.3716472	0.464223	0.535777	0.5084491
23448	-1170.536	-1297.212	126.6762	1.615695	0.354251	0.621972	0.378028	0.5084491
23454	-1175.211	-1301.917	126.7064	1.667999	0.3109545	0.497069	0.502931	0.5815806
23460	-1186.024	-1312.808	126.7835	1.555492	0.2678334	0.412394	0.587606	0.8263242
23466	-1200.99	-1327.577	126.5867	1.554777	0.2549606	0.344652	0.655348	1.071277
23472	-1186.02	-1311.979	125.9591	1.09917	0.4215704	0.601659	0.398341	1.646413
23478	-1175.325	-1301.602	126.2769	1.214656	0.4215704	0.581837	0.418163	1.318883
23484	-1179.611	-1305.75	126.1394	1.15259	0.4411196	0.444067	0.555933	1.447179
23490	-1165.539	-1291.751	126.2116	1.10615	0.450086	0.52712	0.47288	1.415054
23496	-1149.673	-1275.606	125.9335	1.013531	0.3363715	0.489477	0.510523	1.844046
23502	-1155.455	-1281.607	126.1522	0.9483404	0.2956556	0.445635	0.554365	1.801492
23508	-1160.688	-1286.977	126.2892	0.9724376	0.3568207	0.604693	0.395307	1.591347
23514	-1157.152	-1283.254	126.1022	1.459369	0.5878938	0.484454	0.515546	1.016212
23520	-1166.332	-1292.58	126.2485	1.394484	0.5069752	0.484454	0.515546	1.058915
23526	-1174.569	-1300.445	125.8765	1.250579	0.5067296	0.484454	0.515546	1.486785
23532	-1174.896	-1300.9	126.0045	0.8901541	0.29731	0.490315	0.509685	1.939395
23538	-1177.594	-1303.672	126.078	0.8236499	0.3776597	0.490315	0.509685	1.816182
23544	-1188.974	-1314.463	125.489	0.9088305	0.3936686	0.480293	0.519707	2.132541
23550	-1186.257	-1312.313	126.0558	1.041713	0.3936686	0.537363	0.462637	1.65634
23556	-1179.487	-1305.285	125.7979	1.042762	0.4308346	0.59297	0.40703	1.787923
23562	-1168.95	-1295.523	126.5725	1.078717	0.315868	0.601521	0.398479	1.363691
23568	-1174.063	-1300.28	126.2169	1.25319	0.315868	0.41539	0.58461	1.502855
23574	-1176.954	-1302.994	126.0404	0.9673345	0.3149104	0.508586	0.491414	1.834898
23580	-1185.399	-1312.088	126.6887	1.388064	0.3860837	0.460707	0.539293	0.8266853
23586	-1176.919	-1303.045	126.1266	1.486824	0.5854747	0.542433	0.457567	0.9674993
23592	-1173.661	-1299.936	126.2749	1.492918	0.5854747	0.542433	0.457567	0.7872353
23598	-1182.792	-1309.359	126.5668	1.463836	0.4259974	0.447796	0.552204	0.7872353
23604	-1188.011	-1314.766	126.7547	1.431163	0.2615795	0.40029	0.59971	1.012272
23610	-1182.716	-1309.014	126.2988	1.613565	0.5034349	0.55823	0.44177	0.7638262
23616	-1173.897	-1300.008	126.1106	1.614293	0.6614923	0.520018	0.479982	0.6862813
23622	-1178.899	-1305.672	126.7731	1.551608	0.3204718	0.517706	0.482294	0.6556286
23628	-1186.656	-1312.949	126.2929	1.672197	0.5130093	0.541947	0.458053	0.6454496
23634	-1181.883	-1308.467	126.5842	1.667935	0.3644811	0.541947	0.458053	0.6030276
23640	-1181.891	-1308.083	126.1922	1.581738	0.6537059	0.487909	0.512091	0.5993177
23646	-1180.499	-1306.831	126.3322	1.528585	0.4765435	0.488852	0.511148	0.8868233
23652	-1166.68	-1292.731	126.0518	1.759535	0.6323867	0.442495	0.557505	0.5720444
23658	-1174.769	-1300.894	126.1247	1.721798	0.5923594	0.442495	0.557505	0.6366959
23664	-1193.357	-1319.505	126.1484	1.552376	0.698389	0.442495	0.557505	0.6349549
23670	-1178.056	-1304.424	126.3683	1.715619	0.4634716	0.458568	0.541432	0.4989227
23676	-1180.146	-1306.487	126.3406	1.715619	0.4703248	0.470126	0.529874	0.5944816
23682	-1168.706	-1295.064	126.3581	1.665253	0.4738565	0.603646	0.396354	0.660602
23688	-1171.161	-1297.691	126.5295	1.645028	0.3002749	0.38234	0.61766	0.9267559
23694	-1170.62	-1296.033	125.4123	1.776418	1.125114	0.606434	0.393566	0.7282851
23700	-1174.907	-1301.277	126.3704	1.352971	0.5800363	0.427887	0.572113	0.8544579
