Iteration	Posterior	Likelihood	Prior	rate_log_sd	rate_neo	root_freqs[1]	root_freqs[2]	tree_length
0	-1166.362	-1292.514	126.152	1.210826	0.4200087	0.521772	0.478228	1.422479
6	-1170.241	-1296.273	126.0321	0.9532909	0.4448882	0.571194	0.428806	1.668122
12	-1167.523	-1292.816	125.2926	1.175627	0.6233332	0.494262	0.505738	1.831976
18	-1169.145	-1294.959	125.814	1.108976	0.7126994	0.595188	0.404812	1.415361
24	-1163.641	-1289.569	125.9284	1.287171	0.5614518	0.429464	0.570536	1.351658
30	-1171.779	-1298.417	126.6383	1.277453	0.4023306	0.435064	0.564936	0.9727324
36	-1177.818	-1303.996	126.178	1.247356	0.554671	0.454204	0.545796	1.186995
42	-1176.855	-1302.997	126.142	1.169233	0.3307745	0.493006	0.506994	1.595715
48	-1183.057	-1309.086	126.0284	0.8777071	0.4086068	0.542727	0.457273	1.77121
54	-1173.959	-1300.71	126.7506	0.9456088	0.3403457	0.52765	0.47235	1.284254
60	-1175.138	-1301.005	125.8664	1.146169	0.665092	0.401228	0.598772	1.394513
66	-1167.392	-1293.736	126.3438	1.164259	0.3861696	0.539111	0.460889	1.359822
72	-1170.866	-1296.698	125.8325	1.057922	0.2921216	0.431537	0.568463	1.9505
78	-1178.015	-1303.892	125.8767	0.9474541	0.5361253	0.452556	0.547444	1.673923
84	-1172.869	-1298.982	126.1132	0.8210176	0.4693324	0.405815	0.594185	1.673923
90	-1186.156	-1311.981	125.8244	0.908528	0.3682249	0.477027	0.522973	1.94411
96	-1170.978	-1296.793	125.8153	0.8545397	0.330894	0.433717	0.566283	2.038813
102	-1170.931	-1297.232	126.3008	0.9937876	0.3049403	0.499135	0.500865	1.649664
108	-1179.471	-1305.043	125.5717	0.924709	0.5195368	0.425929	0.574071	1.919399
114	-1176.921	-1302.958	126.0378	0.8259309	0.3238761	0.617414	0.382586	1.919399
120	-1168.15	-1294.585	126.4353	1.038744	0.3608187	0.576414	0.423586	1.426282
126	-1172.721	-1299.047	126.3263	1.104894	0.4047464	0.52131	0.47869	1.391808
132	-1168.797	-1294.823	126.0261	1.165045	0.5441926	0.52131	0.47869	1.391808
138	-1171.223	-1297.314	126.0908	1.165045	0.5037654	0.401336	0.598664	1.391808
144	-1173.032	-1299.396	126.364	1.056352	0.4886007	0.343589	0.656411	1.280483
150	-1172.836	-1299.186	126.3501	1.169262	0.4886007	0.546396	0.453604	1.197508
156	-1169.351	-1295.5	126.1486	1.231291	0.5627242	0.587644	0.412356	1.215405
162	-1174.863	-1301.221	126.3588	1.242709	0.4186318	0.620345	0.379655	1.232954
168	-1180.576	-1307.46	126.8845	1.143791	0.3441219	0.483445	0.516555	0.9780253
174	-1169.639	-1296.263	126.6246	1.221036	0.3709245	0.519264	0.480736	1.100469
180	-1170.37	-1296.573	126.2031	1.140248	0.4005461	0.521214	0.478786	1.465637
186	-1167.589	-1293.886	126.2964	1.037107	0.4022006	0.454478	0.545522	1.470675
192	-1176.749	-1302.468	125.7193	0.8155399	0.3612063	0.438974	0.561026	2.085399
198	-1185.068	-1310.708	125.6401	0.8328679	0.3920514	0.553311	0.446689	2.085399
204	-1175.53	-1301.315	125.7853	0.8115366	0.3018188	0.535226	0.464774	2.129912
210	-1177.727	-1303.447	125.7199	0.9080931	0.3620345	0.542943	0.457057	2.022746
216	-1178.749	-1304.829	126.0804	0.888764	0.2846203	0.458748	0.541252	1.909425
222	-1185.926	-1312.207	126.2811	1.083159	0.2596387	0.388098	0.611902	1.678347
228	-1181.921	-1307.818	125.897	1.052902	0.2338656	0.573163	0.426837	2.009577
234	-1184.232	-1310.238	126.0057	1.271808	0.5466859	0.573878	0.426122	1.320338
240	-1173.787	-1299.692	125.9046	1.277581	0.5392595	0.42844	0.57156	1.404799
246	-1181.15	-1307.578	126.4281	1.220723	0.3142132	0.430752	0.569248	1.368538
252	-1183.801	-1309.794	125.9926	1.172177	0.3389248	0.430752	0.569248	1.688317
258	-1196.494	-1322.367	125.873	0.8436029	0.3099843	0.594115	0.405885	2.038779
264	-1178.484	-1304.341	125.8569	1.406253	0.7645232	0.690743	0.309257	1.075626
270	-1182.723	-1308.946	126.2235	1.261892	0.4779004	0.591964	0.408036	1.24161
276	-1177.056	-1303.207	126.1507	1.168189	0.6366979	0.36775	0.63225	1.175304
282	-1179.853	-1305.421	125.568	0.8978126	0.5179283	0.418624	0.581376	1.941831
288	-1174.548	-1300.003	125.455	0.9887093	0.6839292	0.426988	0.573012	1.79165
294	-1180.363	-1305.933	125.5705	0.9607451	0.7240244	0.517701	0.482299	1.693785
300	-1181.619	-1307.943	126.3246	0.9431609	0.2783727	0.517701	0.482299	1.713635
306	-1185.557	-1312.238	126.6808	1.100393	0.3103617	0.446749	0.553251	1.268955
312	-1181.894	-1307.319	125.4249	0.795569	0.3098974	0.47255	0.52745	2.360122
318	-1188.208	-1312.974	124.7667	0.6481418	0.5114434	0.542905	0.457095	2.622849
324	-1177.679	-1303.662	125.9836	0.896094	0.4267661	0.399451	0.600549	1.765958
330	-1177.756	-1303.315	125.5591	0.9465794	0.4603825	0.634621	0.365379	1.979907
336	-1176.957	-1302.458	125.501	0.8450912	0.3311959	0.473181	0.526819	2.249516
342	-1178.422	-1304.083	125.6616	0.8450912	0.2933149	0.51281	0.48719	2.201465
348	-1176.743	-1301.901	125.1575	0.8157908	0.4048644	0.511322	0.488678	2.391253
354	-1177.473	-1302.692	125.2187	0.9375554	0.3165162	0.541851	0.458149	2.391253
360	-1182.921	-1308.416	125.4954	1.042596	0.7155499	0.572891	0.427109	1.696716
366	-1174.369	-1300.099	125.7295	0.9840029	0.5364552	0.572891	0.427109	1.751669
372	-1162.6	-1288.205	125.6058	1.012557	0.6621901	0.503389	0.496611	1.689554
378	-1160.461	-1286.308	125.8471	1.012557	0.4795054	0.556815	0.443185	1.714489
384	-1165.934	-1291.92	125.9864	0.9809734	0.581097	0.350534	0.649466	1.519536
390	-1164.822	-1291.047	126.2246	1.143521	0.3671765	0.53696	0.46304	1.496848
396	-1164.885	-1291.31	126.425	1.143521	0.3828156	0.593288	0.406712	1.316854
402	-1165.062	-1291.249	126.1871	1.019361	0.4242204	0.621986	0.378014	1.534736
408	-1167.148	-1292.689	125.5408	1.193883	0.4420514	0.488723	0.511277	1.846971
414	-1169.299	-1295.023	125.7231	0.9294653	0.5640361	0.413842	0.586158	1.76444
420	-1166.548	-1292.707	126.16	0.9213575	0.4818058	0.413842	0.586158	1.551819
426	-1159.959	-1286.008	126.0487	0.9213575	0.3185261	0.582931	0.417069	1.855203
432	-1171.675	-1297.669	125.9933	1.069895	0.4229773	0.39009	0.60991	1.641021
438	-1175.502	-1301.85	126.3482	1.078221	0.4237292	0.532904	0.467096	1.367549
444	-1177.291	-1303.937	126.6463	0.9836532	0.2854833	0.419777	0.580223	1.435259
450	-1166.316	-1292.269	125.9525	0.9731394	0.3966397	0.56411	0.43589	1.773594
456	-1177.783	-1304.114	126.3306	0.8611376	0.3588928	0.376639	0.623361	1.638903
462	-1196.51	-1322.538	126.0285	0.8902389	0.3266413	0.58723	0.41277	1.877935
468	-1180.136	-1306.199	126.0628	0.8416996	0.3331118	0.486208	0.513792	1.877935
474	-1178.733	-1304.56	125.8268	0.8109308	0.4929146	0.448734	0.551266	1.852931
480	-1173.471	-1298.488	125.017	0.8020982	0.5111982	0.551553	0.448447	2.370329
486	-1171.774	-1297.433	125.6584	0.813487	0.4217223	0.551553	0.448447	2.048815
492	-1180.713	-1306.388	125.6752	0.9601278	0.3183794	0.551553	0.448447	2.079865
498	-1184.013	-1309.573	125.5598	0.8061797	0.4541456	0.547229	0.452771	2.079865
504	-1165.176	-1291.442	126.266	1.108187	0.4534158	0.367571	0.632429	1.366371
510	-1172.118	-1298.456	126.3377	1.12483	0.4534158	0.445182	0.554818	1.295561
516	-1183.203	-1309.598	126.3944	1.195063	0.4877488	0.463558	0.536442	1.137401
522	-1180.259	-1306.712	126.4528	1.231365	0.4535481	0.625668	0.374332	1.105157
528	-1175.23	-1301.288	126.0582	1.405678	0.7253062	0.569539	0.430461	0.9233178
534	-1177.787	-1304.214	126.4269	1.447292	0.402359	0.513994	0.486006	1.0145
540	-1176.044	-1302.709	126.6651	1.447292	0.402359	0.546233	0.453767	0.7326905
546	-1178.989	-1305.741	126.7527	1.398812	0.3390853	0.454835	0.545165	0.8539368
552	-1187.768	-1314.13	126.3617	1.363038	0.5536246	0.549052	0.450948	0.8994499
558	-1186.196	-1312.512	126.3167	1.176126	0.4675716	0.396828	0.603172	1.250248
564	-1182.802	-1309.669	126.867	1.212397	0.277346	0.360569	0.639431	1.076687
570	-1177.114	-1303.471	126.3568	1.200196	0.284388	0.523985	0.476015	1.492656
576	-1162.886	-1288.745	125.859	1.168531	0.307375	0.405711	0.594289	1.833107
582	-1170.733	-1296.54	125.8075	1.166998	0.307375	0.699115	0.300885	1.869455
588	-1173.402	-1299.82	126.4175	1.133249	0.3398371	0.439716	0.560284	1.40106
594	-1173.041	-1299.003	125.9627	0.9814014	0.3132616	0.534633	0.465367	1.88104
600	-1173.303	-1299.589	126.286	0.9629358	0.4242684	0.458459	0.541541	1.502993
606	-1170.699	-1296.252	125.5524	1.09514	0.6311504	0.541924	0.458076	1.69919
612	-1184.292	-1310.23	125.938	1.031098	0.3759091	0.462974	0.537026	1.77186
618	-1183.413	-1309.75	126.3367	0.9454523	0.4079281	0.500772	0.499228	1.501099
624	-1188.421	-1314.821	126.4005	0.9454523	0.532391	0.473584	0.526416	1.282929
630	-1172.533	-1297.904	125.3704	0.9920831	0.5807087	0.536429	0.463571	1.945905
636	-1171.902	-1297.432	125.5292	0.8533981	0.3883451	0.595968	0.404032	2.149282
642	-1165.362	-1291.205	125.843	0.7528905	0.2896006	0.482931	0.517069	2.149282
648	-1169.418	-1294.563	125.1444	0.818166	0.5623114	0.482931	0.517069	2.227222
654	-1168.835	-1295.246	126.4109	0.9213488	0.3357811	0.459414	0.540586	1.572355
660	-1163.112	-1289.593	126.4812	1.041258	0.3357811	0.459414	0.540586	1.429693
666	-1163.547	-1289.091	125.544	1.128647	0.4206188	0.441013	0.558987	1.915908
672	-1155.295	-1281.251	125.9567	1.042703	0.4071666	0.490968	0.509032	1.707685
678	-1161.457	-1287.202	125.745	0.9717042	0.4078313	0.497194	0.502806	1.902359
684	-1162.945	-1288.821	125.8765	1.015699	0.3223927	0.530554	0.469446	1.902359
690	-1166.022	-1291.56	125.5385	0.9467699	0.6204408	0.471666	0.528334	1.823055
696	-1170.468	-1295.767	125.2998	1.184681	0.790376	0.405934	0.594066	1.66907
702	-1191.052	-1316.202	125.1504	0.8843125	0.3644589	0.462586	0.537414	2.402974
708	-1185.002	-1310.715	125.7132	1.102309	0.4734489	0.491769	0.508231	1.752745
714	-1181.983	-1308.899	126.916	1.264817	0.28708	0.420046	0.579954	0.9533736
720	-1177.772	-1303.527	125.7558	0.9646845	0.4955864	0.506587	0.493413	1.792876
726	-1176.928	-1303.574	126.6462	1.232226	0.3019735	0.447439	0.552561	1.203538
732	-1183.459	-1309.655	126.1966	1.247128	0.5084887	0.406067	0.593933	1.23373
738	-1177.337	-1303.885	126.5476	1.179008	0.3601212	0.419671	0.580329	1.224363
744	-1178.578	-1304.997	126.4193	1.266517	0.3802032	0.527653	0.472347	1.224363
750	-1175.855	-1301.561	125.7063	1.16036	0.4988689	0.531216	0.468784	1.68648
756	-1180.413	-1306.872	126.4594	1.205191	0.4988689	0.531216	0.468784	1.051075
762	-1174.729	-1300.798	126.0688	1.164132	0.4977297	0.464879	0.535121	1.417368
768	-1176.939	-1302.39	125.4511	1.473576	0.8718294	0.464879	0.535121	1.262706
774	-1178.612	-1304.779	126.167	1.186384	0.5583053	0.481619	0.518381	1.243473
780	-1176.6	-1302.712	126.1118	1.186384	0.5160827	0.591122	0.408878	1.342629
786	-1179.004	-1305.042	126.0379	1.186384	0.3760757	0.591122	0.408878	1.589881
792	-1176.59	-1302.71	126.1195	1.114529	0.4237075	0.529939	0.470061	1.514934
798	-1177.028	-1303.099	126.0713	1.189814	0.5486326	0.437507	0.562493	1.331052
804	-1164.08	-1290.456	126.3756	1.371859	0.5550978	0.553611	0.446389	0.8706743
810	-1165.882	-1292.258	126.376	1.286677	0.4160108	0.429014	0.570986	1.18494
816	-1168.357	-1294.887	126.5302	1.289312	0.3082777	0.526217	0.473783	1.241056
822	-1166.009	-1292.262	126.2532	1.289312	0.5209132	0.49301	0.50699	1.130636
828	-1170.923	-1296.973	126.0498	1.289312	0.4721343	0.5309	0.4691	1.368269
834	-1166.795	-1293.134	126.3399	1.052175	0.3520844	0.421742	0.578258	1.502274
840	-1177.743	-1303.752	126.0083	1.226529	0.3520844	0.477294	0.522706	1.618043
846	-1189.951	-1316.064	126.1128	1.15863	0.3970624	0.454179	0.545821	1.524686
852	-1180.931	-1307.546	126.6148	1.002859	0.3061938	0.467865	0.532135	1.407187
858	-1177.5	-1303.59	126.0908	1.071076	0.5185195	0.451971	0.548029	1.445862
864	-1173.733	-1300.18	126.4473	1.071076	0.313666	0.512365	0.487635	1.470199
870	-1172.011	-1298.085	126.074	1.024889	0.515728	0.636878	0.363122	1.496978
876	-1169.193	-1295.19	125.9969	1.090895	0.515728	0.486598	0.513402	1.505299
882	-1166.581	-1292.871	126.2901	1.351388	0.347029	0.486598	0.513402	1.317173
888	-1172.034	-1298.167	126.133	1.155239	0.4908042	0.609393	0.390607	1.383312
894	-1177.78	-1304.468	126.6881	1.189342	0.2845244	0.493592	0.506408	1.239281
900	-1169.894	-1296.269	126.3749	1.225836	0.4150314	0.565015	0.434985	1.239281
906	-1174.051	-1300.555	126.5033	1.150365	0.3534678	0.497762	0.502238	1.296302
912	-1177.274	-1303.362	126.088	1.279034	0.5090869	0.514891	0.485109	1.296302
918	-1171.096	-1297.311	126.215	1.197986	0.4829507	0.600172	0.399828	1.294317
924	-1162.498	-1288.869	126.3703	1.26386	0.4497086	0.485741	0.514259	1.156091
930	-1188.992	-1314.72	125.728	0.8822232	0.3134702	0.448097	0.551903	2.10366
936	-1181.577	-1306.295	124.7181	0.8412232	0.3938518	0.541554	0.458446	2.662604
942	-1190.579	-1315.951	125.3719	0.8082315	0.4354432	0.533894	0.466106	2.222813
948	-1185.268	-1311.604	126.3364	1.042896	0.3028932	0.503294	0.496706	1.591844
954	-1187.665	-1313.376	125.7104	1.036955	0.3028932	0.257653	0.742347	2.029172
960	-1174.052	-1300.437	126.3851	0.8828863	0.3051549	0.565003	0.434997	1.668357
966	-1190.68	-1316.242	125.5622	0.9507283	0.7100807	0.587279	0.412721	1.719355
972	-1194.857	-1321.09	126.2329	1.890795	0.4395295	0.427962	0.572038	0.464094
978	-1189.035	-1315.017	125.9827	1.890795	0.5626762	0.350382	0.649618	0.3593197
984	-1177.681	-1303.58	125.8989	0.8904703	0.3233967	0.550169	0.449831	1.970194
990	-1169.92	-1296.405	126.4845	0.8904703	0.3520125	0.362899	0.637101	1.515178
996	-1169.017	-1294.867	125.851	0.6926128	0.2784699	0.462117	0.537883	2.200655
1002	-1168.665	-1295.331	126.6661	0.9188095	0.3175096	0.474667	0.525333	1.412625
1008	-1164.338	-1289.897	125.559	1.050738	0.5712126	0.467726	0.532274	1.786734
1014	-1171.562	-1297.854	126.2919	0.9255281	0.3072158	0.467726	0.532274	1.700888
1020	-1173.502	-1299.511	126.0083	1.093041	0.2760107	0.453012	0.546988	1.833515
1026	-1173.835	-1300.045	126.2101	0.8243785	0.3769965	0.495799	0.504201	1.724511
1032	-1171.878	-1297.218	125.3401	0.9549409	0.5404395	0.528863	0.471137	2.031985
1038	-1172.02	-1297.739	125.7188	0.8532172	0.3828079	0.529006	0.470994	2.031985
1044	-1175.653	-1301.304	125.651	1.113025	0.435637	0.526113	0.473887	1.834783
1050	-1176.67	-1303.121	126.4505	1.041082	0.3348241	0.514898	0.485102	1.45492
1056	-1174.915	-1301.632	126.7169	1.113471	0.333768	0.565554	0.434446	1.183457
1062	-1179.43	-1305.715	126.2854	1.071063	0.443925	0.573997	0.426003	1.393484
1068	-1178.053	-1304.78	126.7268	0.9695823	0.3890132	0.320382	0.679618	1.200557
1074	-1176.423	-1302.618	126.1958	0.9556998	0.2873488	0.539133	0.460867	1.779879
1080	-1169.035	-1295.009	125.9741	0.8856675	0.3644653	0.418636	0.581364	1.863308
1086	-1173.565	-1299.21	125.6453	0.7539612	0.4460335	0.496668	0.503332	2.067446
1092	-1163.791	-1290.005	126.2143	1.083514	0.3478817	0.496668	0.503332	1.578615
1098	-1168.022	-1294.326	126.3041	1.139984	0.261347	0.496668	0.503332	1.617913
1104	-1170.138	-1296.764	126.626	1.291358	0.3608866	0.496668	0.503332	1.052664
1110	-1168.091	-1294.607	126.5161	1.365557	0.3784418	0.447039	0.552961	1.052664
1116	-1170.322	-1297.001	126.6792	1.245885	0.3895689	0.43916	0.56084	0.9884915
1122	-1163.465	-1289.833	126.3685	1.273201	0.5531441	0.485	0.515	0.9884915
1128	-1166.472	-1293.079	126.6066	1.263171	0.3807372	0.379667	0.620333	1.059576
1134	-1167.538	-1293.756	126.2176	1.197887	0.3807372	0.536569	0.463431	1.440159
1140	-1166.53	-1292.04	125.5097	1.093619	0.6278646	0.469836	0.530164	1.73363
1146	-1174.441	-1300.627	126.1861	1.170294	0.3517911	0.478573	0.521427	1.529396
1152	-1170.06	-1296.021	125.9607	1.278046	0.6082062	0.431844	0.568156	1.277102
1158	-1174.679	-1300.701	126.0222	0.9421659	0.4823176	0.560798	0.439202	1.636415
1164	-1168.922	-1294.545	125.6231	0.9005662	0.4107736	0.459565	0.540435	2.028126
1170	-1167.393	-1292.454	125.0608	0.906817	0.5624325	0.478003	0.521997	2.223841
1176	-1168.165	-1293.735	125.569	0.7663151	0.4025771	0.341193	0.658807	2.162048
1182	-1167.149	-1292.918	125.768	1.018184	0.335142	0.320262	0.679738	1.954987
1188	-1170.772	-1296.44	125.6684	1.252926	0.5220999	0.553802	0.446198	1.620135
1194	-1165.049	-1291.132	126.0835	1.226269	0.3988364	0.516951	0.483049	1.493441
1200	-1173.203	-1299.251	126.0474	1.205934	0.4643108	0.423732	0.576268	1.445286
1206	-1173.459	-1299.325	125.8659	1.223503	0.5571309	0.486105	0.513895	1.454865
1212	-1166.768	-1292.786	126.0182	1.002464	0.3687989	0.486105	0.513895	1.745866
1218	-1173.396	-1299.797	126.4011	1.132603	0.353293	0.548024	0.451976	1.392159
1224	-1169.165	-1295.32	126.155	1.354086	0.572473	0.512443	0.487557	1.088135
1230	-1171.989	-1298.812	126.8228	1.36658	0.3352288	0.512443	0.487557	0.8172321
1236	-1173.199	-1299.743	126.5441	1.586121	0.3238595	0.512443	0.487557	0.9166686
1242	-1157.814	-1284.098	126.2835	1.022651	0.4350038	0.44587	0.55413	1.4448
1248	-1162.075	-1288.647	126.5719	1.192063	0.3438684	0.570301	0.429699	1.221628
1254	-1167.614	-1293.978	126.3641	1.301553	0.5469774	0.497666	0.502334	0.9738104
1260	-1164.9	-1290.705	125.8047	1.301553	0.6523779	0.468858	0.531142	1.334242
1266	-1166.288	-1292.207	125.9191	1.354458	0.6727292	0.492068	0.507932	1.171895
1272	-1172.436	-1298.839	126.4027	1.325102	0.5516849	0.69377	0.30623	0.8992787
1278	-1165.592	-1291.572	125.9801	1.454617	0.7553854	0.450174	0.549826	0.9140764
1284	-1167.725	-1294.047	126.3218	1.160586	0.3224116	0.538742	0.461258	1.482607
1290	-1171.37	-1297.415	126.0445	1.13358	0.4027994	0.538881	0.461119	1.585312
1296	-1170.329	-1296.425	126.0961	1.166958	0.418333	0.408558	0.591442	1.500749
1302	-1175.269	-1300.611	125.342	0.9328602	0.418333	0.546455	0.453545	2.181946
1308	-1173.53	-1299.69	126.1601	0.9874995	0.4081073	0.52685	0.47315	1.600201
1314	-1181.872	-1307.761	125.8889	0.9274212	0.5285551	0.61287	0.38713	1.688013
1320	-1182.978	-1308.87	125.8926	0.7785152	0.3111072	0.61287	0.38713	2.067106
1326	-1190.097	-1315.693	125.5961	0.7736452	0.4630773	0.548456	0.451544	2.067106
1332	-1181.871	-1307.465	125.5943	0.7125963	0.4630773	0.559518	0.440482	2.108428
1338	-1165.99	-1291.769	125.7789	0.7666947	0.4618662	0.590623	0.409377	1.951442
1344	-1158.753	-1284.423	125.6695	0.9106221	0.4520355	0.460719	0.539281	1.939856
1350	-1160.493	-1286.38	125.8872	1.181704	0.2978003	0.495089	0.504911	1.819928
1356	-1173.287	-1299.129	125.8423	1.181704	0.4640818	0.509131	0.490869	1.616007
1362	-1183.184	-1309.164	125.9799	0.9340567	0.3566016	0.600282	0.399718	1.837313
1368	-1175.841	-1302.233	126.392	0.9521959	0.3174878	0.45617	0.54383	1.593149
1374	-1171.864	-1297.844	125.9799	1.187628	0.4069796	0.540251	0.459749	1.587179
1380	-1191.753	-1318.465	126.7121	1.117927	0.166339	0.624814	0.375186	1.536524
1386	-1189.19	-1315.701	126.5105	1.071626	0.2011769	0.468053	0.531947	1.637604
1392	-1195.365	-1321.042	125.6771	0.9238995	0.3385673	0.408787	0.591213	2.073253
1398	-1169.539	-1295.659	126.12	0.9251493	0.4019738	0.569814	0.430186	1.682257
1404	-1172.305	-1297.86	125.5557	0.9739991	0.5339075	0.570146	0.429854	1.881301
1410	-1166.432	-1292.288	125.8562	0.9904112	0.3580538	0.494964	0.505036	1.881301
1416	-1161.596	-1287.435	125.8391	1.074336	0.5111052	0.458325	0.541675	1.638647
1422	-1178.366	-1304.374	126.0083	1.105765	0.5245079	0.530388	0.469612	1.474904
1428	-1167.263	-1293.405	126.1418	1.075496	0.3626187	0.541419	0.458581	1.614884
1434	-1188.013	-1313.203	125.1897	0.6969893	0.493328	0.426362	0.573638	2.34615
1440	-1192.016	-1317.857	125.8411	0.9995186	0.4061974	0.441587	0.558413	1.819772
1446	-1175.657	-1301.704	126.0463	0.9836646	0.4137488	0.550606	0.449394	1.677103
1452	-1173.027	-1299.035	126.0081	1.14372	0.4137488	0.490782	0.509218	1.589279
1458	-1181.075	-1306.44	125.3645	0.9675797	0.747961	0.423524	0.576476	1.812115
1464	-1179.586	-1305.642	126.0565	0.8422057	0.4339746	0.652864	0.347136	1.743404
1470	-1181.398	-1307.654	126.2557	1.198696	0.2713254	0.578833	0.421167	1.592235
1476	-1180.849	-1307.421	126.5725	1.052431	0.4272901	0.438646	0.561354	1.199421
1482	-1167.773	-1294.197	126.4241	0.9621836	0.3109477	0.54525	0.45475	1.57323
1488	-1161.414	-1287.398	125.9843	1.017796	0.3177663	0.54525	0.45475	1.834389
1494	-1158.176	-1284.384	126.2074	1.014814	0.2794308	0.45838	0.54162	1.74387
1500	-1165.395	-1290.989	125.594	0.7113813	0.3092444	0.498512	0.501488	2.30704
1506	-1174.154	-1299.619	125.4653	0.9382095	0.3240311	0.498512	0.501488	2.222717
1512	-1161.452	-1287.005	125.5535	0.7877191	0.3672932	0.498512	0.501488	2.203544
1518	-1171.478	-1296.25	124.772	0.8799209	0.4272627	0.526499	0.473501	2.566252
1524	-1169.747	-1295.824	126.0764	0.8044159	0.388289	0.358765	0.641235	1.816002
1530	-1168.496	-1294.63	126.1346	1.219189	0.467099	0.432492	0.567508	1.36356
1536	-1164.634	-1291.198	126.5641	1.278404	0.4240667	0.659817	0.340183	1.005344
1542	-1166.538	-1292.978	126.4403	1.233178	0.3191047	0.476126	0.523874	1.340297
1548	-1177.656	-1303.871	126.2153	1.110188	0.5962041	0.388152	0.611848	1.21927
1554	-1172.191	-1297.957	125.7668	1.200641	0.7696491	0.388152	0.611848	1.324389
1560	-1172.404	-1298.735	126.331	1.268267	0.4486146	0.436648	0.563352	1.188204
1566	-1166.364	-1292.5	126.1358	1.132597	0.4545254	0.543691	0.456309	1.446893
1572	-1165.783	-1292.179	126.3964	1.267256	0.3632342	0.537722	0.462278	1.271524
1578	-1172.797	-1297.983	125.1865	0.9517639	0.5036689	0.537722	0.462278	2.173604
1584	-1167.205	-1292.829	125.6236	0.9268263	0.2571322	0.480893	0.519107	2.230721
1590	-1166.048	-1292.004	125.9556	1.073147	0.3881662	0.52548	0.47452	1.712945
1596	-1173.056	-1299.382	126.326	1.207238	0.3893957	0.412668	0.587332	1.334699
1602	-1166.477	-1292.505	126.0274	1.572307	0.6258917	0.410783	0.589217	0.9200073
1608	-1176.261	-1303.017	126.7568	1.396088	0.307285	0.616364	0.383636	0.9327111
1614	-1183.564	-1309.802	126.2385	1.378078	0.4943601	0.543242	0.456758	1.102945
1620	-1176.533	-1302.8	126.2669	1.254353	0.553918	0.526591	0.473409	1.102945
1626	-1180.298	-1306.476	126.1779	1.397603	0.5485541	0.526977	0.473023	1.060181
1632	-1183.291	-1309.36	126.0684	1.321188	0.6045705	0.481173	0.518827	1.153288
1638	-1173.376	-1299.382	126.0058	1.302529	0.3845316	0.481173	0.518827	1.515457
1644	-1172.518	-1298.811	126.2935	1.108815	0.4181758	0.500251	0.499749	1.394526
1650	-1177.254	-1303.186	125.9318	1.221957	0.4346156	0.352255	0.647745	1.559554
1656	-1166.914	-1292.849	125.9356	1.066776	0.4346156	0.50372	0.49628	1.669259
1662	-1174.648	-1300.675	126.0275	0.9801749	0.2224571	0.50372	0.49628	1.992089
1668	-1182.611	-1309.363	126.7521	1.227799	0.3440911	0.50372	0.49628	1.026352
1674	-1186.532	-1312.467	125.9352	1.679162	0.7869237	0.519389	0.480611	0.5614083
1680	-1187.943	-1314.21	126.2666	1.679162	0.5383998	0.476778	0.523222	0.5894656
1686	-1176.764	-1302.947	126.1828	1.627347	0.6364024	0.366194	0.633806	0.5521724
1692	-1176.654	-1302.578	125.9245	0.8241116	0.4129895	0.621892	0.378108	1.87403
1698	-1175.733	-1300.907	125.1735	0.8215698	0.3897247	0.596046	0.403954	2.396031
1704	-1183.532	-1309.351	125.8192	0.9072431	0.4614607	0.592958	0.407042	1.828967
1710	-1187.725	-1312.608	124.883	1.008164	0.5583199	0.598213	0.401787	2.277012
1716	-1171.482	-1297.223	125.7418	0.7249374	0.3938206	0.5227	0.4773	2.087227
1722	-1172.615	-1297.446	124.8316	0.7591111	0.5828007	0.387562	0.612438	2.444278
1728	-1175.126	-1301.6	126.4738	0.8018703	0.2353401	0.471474	0.528526	1.785566
1734	-1182.818	-1308.618	125.8002	0.9979206	0.3977392	0.542768	0.457232	1.860109
1740	-1184.381	-1310.691	126.3093	1.17585	0.5115963	0.542768	0.457232	1.194157
1746	-1176.244	-1302.686	126.4428	1.252038	0.4162741	0.542768	0.457232	1.156496
1752	-1180.727	-1306.478	125.7514	1.252456	0.5662716	0.524202	0.475798	1.508883
1758	-1174.179	-1300.638	126.4593	1.178582	0.4028867	0.589595	0.410405	1.227394
1764	-1175.775	-1301.93	126.1554	1.336138	0.4709153	0.530015	0.469985	1.246508
1770	-1179.063	-1305.247	126.1839	1.652621	0.4814198	0.563195	0.436805	0.9048155
1776	-1174.018	-1300.241	126.2228	1.466715	0.5305676	0.482936	0.517064	0.9758108
1782	-1182.254	-1308.653	126.3993	1.607519	0.445617	0.505851	0.494149	0.7706683
1788	-1189.418	-1316.103	126.6856	1.607519	0.3499574	0.446448	0.553552	0.5653017
1794	-1183.709	-1310.391	126.6822	1.319106	0.3279131	0.613695	0.386305	1.039506
1800	-1171.321	-1297.927	126.6065	1.30202	0.3795271	0.542575	0.457425	1.024681
1806	-1173.805	-1300.227	126.4218	1.25069	0.430953	0.542575	0.457425	1.152157
1812	-1168.164	-1294.631	126.4667	1.360422	0.4477163	0.508248	0.491752	0.9775381
1818	-1167.946	-1294.269	126.3228	1.365249	0.4316954	0.364732	0.635268	1.137126
1824	-1176.11	-1302.579	126.469	1.485977	0.3295276	0.52649	0.47351	1.080071
1830	-1181.659	-1308.029	126.3703	1.123394	0.3494276	0.629589	0.370411	1.429424
1836	-1169.82	-1296.317	126.4971	1.182146	0.3806861	0.480322	0.519678	1.229142
1842	-1166.141	-1292.533	126.3924	1.35226	0.3668541	0.471727	0.528273	1.197222
1848	-1172.955	-1299.017	126.0627	1.261551	0.4827374	0.595795	0.404205	1.365728
1854	-1165.577	-1292.173	126.5958	1.351235	0.4370843	0.616334	0.383666	0.8672576
1860	-1156.896	-1283.204	126.308	1.422048	0.5295481	0.444625	0.555375	0.9350024
1866	-1175.774	-1302.417	126.6429	1.182065	0.2763316	0.476616	0.523384	1.29897
1872	-1178.676	-1305.108	126.4317	1.283712	0.5243931	0.600187	0.399813	0.9591983
1878	-1172.589	-1299.38	126.791	1.628348	0.2732424	0.570962	0.429038	0.6873604
1884	-1173.374	-1299.981	126.6071	1.681417	0.3213421	0.499033	0.500967	0.7185574
1890	-1178.076	-1304.645	126.5686	1.681417	0.3314474	0.569453	0.430547	0.744224
1896	-1177.699	-1304.588	126.8886	1.373585	0.2604931	0.540555	0.459445	0.9366711
1902	-1175.146	-1301.347	126.2001	1.161207	0.3221149	0.508563	0.491437	1.573084
1908	-1164.885	-1290.936	126.0513	1.24179	0.5196472	0.501751	0.498249	1.3421
1914	-1165.539	-1291.664	126.1247	1.305475	0.6016194	0.417262	0.582738	1.120896
1920	-1173.183	-1299.635	126.4524	1.498194	0.4639912	0.651916	0.348084	0.8032461
1926	-1172.8	-1299.273	126.473	1.38966	0.4639912	0.550817	0.449183	0.909092
1932	-1180.771	-1307.281	126.5093	1.497848	0.4045522	0.600978	0.399022	0.8678189
1938	-1183.572	-1309.757	126.1849	1.497848	0.5267592	0.610427	0.389573	0.9888053
1944	-1174.224	-1300.244	126.0203	1.308177	0.4611199	0.562361	0.437639	1.391544
1950	-1182.482	-1308.746	126.2647	1.144778	0.3176259	0.562361	0.437639	1.545004
1956	-1171.475	-1297.822	126.3466	1.054032	0.4493339	0.544022	0.455978	1.351174
1962	-1176.509	-1302.775	126.2656	0.9635877	0.4562207	0.49767	0.50233	1.474474
1968	-1190.817	-1316.851	126.0344	1.107808	0.5074612	0.448253	0.551747	1.474474
1974	-1184.742	-1310.305	125.5634	0.9627295	0.4425568	0.437158	0.562842	1.987434
1980	-1173.831	-1299.961	126.1298	1.158621	0.2843909	0.422012	0.577988	1.688605
1986	-1177.426	-1303.328	125.9021	1.081553	0.4393716	0.474249	0.525751	1.676429
1992	-1170.609	-1297.022	126.4128	0.943213	0.4351243	0.554553	0.445447	1.406216
1998	-1169.709	-1296.114	126.4059	1.206964	0.3088323	0.54942	0.45058	1.406216
2004	-1175.934	-1302.261	126.327	1.264851	0.3180311	0.553268	0.446732	1.406341
2010	-1165.443	-1292.014	126.5709	1.1524	0.3755684	0.517479	0.482521	1.200347
2016	-1156.732	-1282.645	125.9134	1.053446	0.4443486	0.517479	0.482521	1.682009
2022	-1163.829	-1289.774	125.9453	1.194537	0.4468569	0.421976	0.578024	1.553524
2028	-1171.628	-1297.965	126.337	1.322777	0.4968855	0.642002	0.357998	1.058825
2034	-1175.477	-1301.721	126.2442	1.322777	0.5197711	0.551708	0.448292	1.110212
2040	-1170.594	-1297.337	126.7434	1.346523	0.3640293	0.422952	0.577048	0.8649114
2046	-1177.768	-1303.672	125.9043	1.183188	0.8503443	0.449984	0.550016	1.143912
2052	-1164.885	-1291.115	126.2297	1.218081	0.4125293	0.502653	0.497347	1.36722
2058	-1176.323	-1302.345	126.0216	1.574667	0.5071419	0.426948	0.573052	1.102169
2064	-1169.406	-1295.538	126.1321	1.141452	0.5071419	0.586557	0.413443	1.3736
2070	-1177.641	-1303.391	125.7507	1.130552	0.4988368	0.595418	0.404582	1.676129
2076	-1164.332	-1290.372	126.0401	1.083033	0.568731	0.455155	0.544845	1.41539
2082	-1168.329	-1294.926	126.5966	1.397648	0.427074	0.457956	0.542044	0.8321375
2088	-1170.166	-1296.751	126.5848	1.610792	0.3724218	0.401246	0.598754	0.69201
2094	-1175.837	-1301.932	126.0945	1.700291	0.5745658	0.582771	0.417229	0.7722337
2100	-1158.21	-1284.538	126.3283	1.619917	0.4867227	0.411249	0.588751	0.7520824
2106	-1174.826	-1300.752	125.9256	1.576573	0.7594963	0.477513	0.522487	0.8288751
2112	-1168.421	-1294.615	126.1937	1.729198	0.5115702	0.476443	0.523557	0.7276903
2118	-1167.458	-1293.647	126.1894	1.516952	0.5480031	0.474928	0.525072	0.9292231
2124	-1168.928	-1294.648	125.7199	1.473222	0.744603	0.47487	0.52513	1.161192
2130	-1164.271	-1290.52	126.2487	1.551322	0.5679589	0.548328	0.451672	0.7788789
2136	-1170.725	-1297.283	126.5588	1.613687	0.3572196	0.468598	0.531402	0.7772599
2142	-1186.685	-1312.97	126.2852	1.613687	0.5122294	0.468598	0.531402	0.7625742
2148	-1187.135	-1313.409	126.2734	1.601064	0.5215495	0.450423	0.549577	0.7758827
2154	-1183.689	-1310.001	126.3124	1.601064	0.4871192	0.511136	0.488864	0.7999201
2160	-1182.44	-1309.034	126.5938	1.322301	0.3974188	0.491613	0.508387	0.9821086
2166	-1175.919	-1302.566	126.647	1.413385	0.3974188	0.512958	0.487042	0.8194018
2172	-1185.39	-1311.603	126.2134	1.792233	0.4940459	0.587308	0.412692	0.6232357
2178	-1177.725	-1304.114	126.3895	1.691456	0.4144122	0.479817	0.520183	0.7458243
2184	-1168.624	-1295.264	126.6398	1.449899	0.3833156	0.522758	0.477242	0.8172126
2190	-1175.828	-1302.188	126.3599	1.449899	0.490393	0.46041	0.53959	0.917727
2196	-1167.785	-1294.189	126.4041	1.449899	0.490393	0.417166	0.582834	0.8673868
2202	-1173.159	-1299.617	126.4579	1.547279	0.4678615	0.483164	0.516836	0.713099
2208	-1167.503	-1294.103	126.6008	1.52808	0.3141564	0.483164	0.516836	0.9416711
2214	-1156.707	-1282.903	126.196	1.246104	0.3470487	0.541723	0.458277	1.472582
2220	-1174.743	-1300.497	125.7535	1.346755	0.6509848	0.557295	0.442705	1.340554
2226	-1169.688	-1295.98	126.2916	1.421625	0.5154935	0.390279	0.609721	0.9761858
2232	-1169.976	-1295.85	125.8744	1.449982	0.5563864	0.44877	0.55123	1.269934
2238	-1165.146	-1291.644	126.4975	1.177617	0.3233109	0.44877	0.55123	1.331501
2244	-1175.396	-1301.55	126.154	0.8977492	0.2430375	0.494314	0.505686	1.92471
2250	-1168.073	-1293.304	125.2305	0.9588715	0.4605961	0.389054	0.610946	2.187795
2256	-1168.174	-1294.484	126.3097	0.9320622	0.2718465	0.638903	0.361097	1.743189
2262	-1158.363	-1284.595	126.232	1.067667	0.4916034	0.485878	0.514122	1.37332
2268	-1175.653	-1301.526	125.8736	1.010774	0.4252245	0.550155	0.449845	1.764658
2274	-1176.653	-1302.344	125.691	0.9014922	0.6043953	0.448554	0.551446	1.764658
2280	-1170.237	-1296.257	126.0197	1.000604	0.4171283	0.490667	0.509333	1.679488
2286	-1175.789	-1302.192	126.4028	1.000604	0.2793341	0.490667	0.509333	1.614996
2292	-1174.561	-1300.463	125.9025	0.9855369	0.5125671	0.357925	0.642075	1.655184
2298	-1178.026	-1303.695	125.6688	0.877215	0.4900903	0.495702	0.504298	1.91856
2304	-1169.818	-1295.612	125.7941	0.6570409	0.3270614	0.471854	0.528146	2.187569
2310	-1163.93	-1289.587	125.6576	0.7506078	0.3270614	0.471854	0.528146	2.215363
2316	-1169.57	-1295.575	126.0055	0.9347007	0.2949852	0.484682	0.515318	1.912298
2322	-1166.583	-1293.122	126.5391	1.110329	0.3524541	0.457542	0.542458	1.301526
2328	-1175.673	-1301.717	126.0439	1.061384	0.5040434	0.635447	0.364553	1.506459
2334	-1170.548	-1296.671	126.1226	1.077677	0.3700248	0.553462	0.446538	1.616224
2340	-1164.866	-1290.878	126.0126	0.9541217	0.5064908	0.549141	0.450859	1.605567
2346	-1175.951	-1301.738	125.7863	1.053344	0.3819254	0.42901	0.57099	1.852927
2352	-1168.947	-1293.966	125.0188	0.8120983	0.3890491	0.42901	0.57099	2.500048
2358	-1167.117	-1292.222	125.1053	0.7993157	0.3473513	0.440678	0.559322	2.50709
2364	-1165.967	-1291.634	125.6671	0.8614061	0.51758	0.500941	0.499059	1.899839
2370	-1171.222	-1296.295	125.0732	0.7800694	0.3400372	0.444803	0.555197	2.548807
2376	-1168.924	-1294.81	125.8862	0.9496631	0.4054448	0.369851	0.630149	1.824064
2382	-1163.144	-1289.656	126.5113	0.9432513	0.3979228	0.405849	0.594151	1.383866
2388	-1176.199	-1302.152	125.9522	0.9432513	0.7026374	0.553675	0.446325	1.446515
2394	-1170.668	-1296.351	125.6838	1.170303	0.4875827	0.558639	0.441361	1.708737
2400	-1166.243	-1292.33	126.0867	1.267879	0.4247465	0.487881	0.512119	1.42204
2406	-1176.18	-1301.586	125.4054	0.9509929	0.4474819	0.599419	0.400581	2.093968
2412	-1162.137	-1287.977	125.8403	0.9863563	0.433276	0.52773	0.47227	1.794496
2418	-1161.418	-1287.544	126.1263	1.41272	0.433276	0.441742	0.558258	1.262473
2424	-1182.399	-1308.437	126.0376	1.582448	0.731637	0.515275	0.484725	0.7096161
2430	-1177.762	-1303.85	126.0878	1.083533	0.4490492	0.664284	0.335716	1.527312
2436	-1178.117	-1304.766	126.6489	1.166787	0.3246277	0.337637	0.662363	1.213245
2442	-1169.59	-1295.762	126.1718	1.118391	0.5597005	0.383008	0.616992	1.293803
2448	-1170.962	-1297.232	126.2701	1.215333	0.5378821	0.502906	0.497094	1.157422
2454	-1173.815	-1299.726	125.9115	1.062455	0.5789463	0.356964	0.643036	1.516993
2460	-1174.326	-1300.36	126.034	1.06225	0.3981962	0.551443	0.448557	1.650935
2466	-1180.891	-1306.423	125.5325	1.017854	0.2545103	0.47032	0.52968	2.235125
2472	-1187.563	-1313.075	125.5121	1.097213	0.4825535	0.451095	0.548905	1.884238
2478	-1174.179	-1300.612	126.4337	1.216533	0.4261478	0.594734	0.405266	1.179375
2484	-1174.556	-1301.255	126.6985	1.263256	0.3324458	0.348871	0.651129	1.067755
2490	-1165.388	-1291.512	126.1236	1.263256	0.4373527	0.602555	0.397445	1.378986
2496	-1173.546	-1298.615	125.0698	1.02873	0.9198167	0.638011	0.361989	1.837215
2502	-1166.281	-1292.102	125.8208	0.8617406	0.4519228	0.588232	0.411768	1.870541
2508	-1167.654	-1293.6	125.9455	0.8345017	0.3612434	0.487525	0.512475	1.921996
2514	-1176.234	-1302.108	125.8744	1.191706	0.6503047	0.517955	0.482045	1.368287
2520	-1164.31	-1290.328	126.0188	1.191706	0.6503047	0.517955	0.482045	1.251478
2526	-1160.74	-1286.773	126.0323	1.552178	0.5076155	0.379192	0.620808	1.112216
2532	-1168.017	-1294.6	126.5826	1.56881	0.3399365	0.382667	0.617333	0.8518311
2538	-1176.852	-1303.205	126.3523	1.606109	0.5291589	0.496419	0.503581	0.5957395
2544	-1178.824	-1305.265	126.4411	1.915115	0.3242855	0.417151	0.582849	0.5111493
2550	-1181.125	-1307.245	126.12	1.752921	0.5655357	0.542175	0.457825	0.6660173
2556	-1181.228	-1307.735	126.5069	1.64126	0.3745105	0.476253	0.523747	0.7614686
2562	-1180.273	-1306.907	126.6347	1.516483	0.3363707	0.574637	0.425363	0.8613652
2568	-1184.596	-1311.177	126.58	1.465038	0.3371255	0.462947	0.537053	0.97615
2574	-1184.725	-1310.922	126.1966	1.381978	0.561342	0.574252	0.425748	1.038484
2580	-1185.32	-1310.329	125.0093	0.7386198	0.5398583	0.574627	0.425373	2.386404
2586	-1179.268	-1305.852	126.5847	1.082065	0.3603868	0.538256	0.461744	1.273842
2592	-1172.63	-1298.162	125.5319	0.9506388	0.3582206	0.541026	0.458974	2.12373
2598	-1175.264	-1301.248	125.9842	0.9399478	0.3105444	0.515214	0.484786	1.898771
2604	-1182.908	-1308.206	125.2982	1.017317	0.7064894	0.515214	0.484786	1.859628
2610	-1173.546	-1299.718	126.1719	1.051184	0.389028	0.468842	0.531158	1.572
2616	-1167.527	-1293.419	125.8928	1.103669	0.5418114	0.511514	0.488486	1.542342
2622	-1164.896	-1290.739	125.8429	1.11613	0.5423009	0.63043	0.36957	1.569395
2628	-1167.717	-1293.611	125.893	1.255276	0.5962484	0.441027	0.558973	1.363828
2634	-1179.539	-1305.073	125.5338	1.162399	0.6555448	0.441027	0.558973	1.640323
2640	-1176.744	-1302.914	126.1694	1.013067	0.3817289	0.473684	0.526316	1.612091
2646	-1164.719	-1291.062	126.3429	1.013067	0.2966757	0.566601	0.433399	1.619292
2652	-1181.137	-1307.218	126.0806	0.8685085	0.354871	0.549756	0.450244	1.815553
2658	-1172.49	-1298.2	125.7097	0.9222542	0.4906961	0.507373	0.492627	1.859453
2664	-1178.021	-1304.314	126.2931	0.9365507	0.3216146	0.494478	0.505522	1.669089
2670	-1182.818	-1309.088	126.2698	0.9410885	0.3216146	0.522588	0.477412	1.682451
2676	-1182.265	-1308.544	126.2793	1.082077	0.3826068	0.467244	0.532756	1.478548
2682	-1187.633	-1313.772	126.1393	1.939277	0.4443419	0.568639	0.431361	0.3727514
2688	-1186.523	-1312.665	126.142	1.939277	0.4375569	0.506695	0.493305	0.359716
2694	-1179.871	-1305.982	126.1112	1.689674	0.6217695	0.506695	0.493305	0.6441758
2700	-1182.73	-1309.309	126.5792	1.563432	0.4198842	0.506695	0.493305	0.6063142
2706	-1175.048	-1301.429	126.3817	1.48405	0.5673249	0.568745	0.431255	0.6746568
2712	-1169.164	-1295.702	126.5381	1.399699	0.3872702	0.459836	0.540164	0.9801774
2718	-1178.841	-1305.199	126.3582	1.245014	0.3975385	0.447096	0.552904	1.264939
2724	-1172.647	-1298.713	126.0666	1.160236	0.6268922	0.487627	0.512373	1.264939
2730	-1176.32	-1302.964	126.6439	0.9827124	0.3342256	0.631639	0.368361	1.351003
2736	-1175.077	-1300.805	125.7279	1.018309	0.4890432	0.540412	0.459588	1.782608
2742	-1171.413	-1297.558	126.1451	1.185118	0.461824	0.540412	0.459588	1.389271
2748	-1163.275	-1289.393	126.1179	1.270171	0.5769616	0.344913	0.655087	1.190009
2754	-1159.93	-1286.573	126.6425	1.157192	0.3290306	0.517108	0.482892	1.218598
2760	-1164.587	-1290.788	126.2005	1.358169	0.4524722	0.539439	0.460561	1.217086
2766	-1167.899	-1294.8	126.9013	1.158974	0.2912244	0.522282	0.477718	1.063183
2772	-1181.754	-1308.227	126.4729	1.144378	0.2912244	0.553792	0.446208	1.434475
2778	-1177.948	-1304.278	126.33	1.186542	0.2933873	0.553792	0.446208	1.506878
2784	-1175.494	-1301.8	126.3065	0.9057209	0.2868628	0.451451	0.548549	1.738241
2790	-1179.693	-1306.044	126.3508	1.123806	0.5683867	0.438947	0.561053	1.125238
2796	-1173.13	-1299.538	126.4086	1.431618	0.4002899	0.368673	0.631327	1.051276
2802	-1175.012	-1301.53	126.5174	1.591023	0.4002899	0.417876	0.582124	0.7450086
2808	-1171.499	-1297.995	126.4961	1.58075	0.3826265	0.61273	0.38727	0.8351766
2814	-1172.538	-1298.853	126.3147	1.504681	0.4526572	0.558535	0.441465	0.9764329
2820	-1168.978	-1295.443	126.4657	1.568539	0.4102881	0.497559	0.502441	0.8212091
2826	-1170.225	-1296.223	125.9982	1.568539	0.7476206	0.529196	0.470804	0.7616444
2832	-1186.417	-1312.854	126.4366	1.65017	0.4539314	0.470713	0.529287	0.5882184
2838	-1180.295	-1306.822	126.5273	1.577998	0.4365172	0.464838	0.535162	0.6244515
2844	-1170.841	-1296.961	126.1201	1.735083	0.5597652	0.337128	0.662872	0.7141322
2850	-1167.943	-1294.201	126.2579	1.396995	0.6075208	0.430395	0.569605	0.887563
2856	-1171.598	-1297.922	126.3249	1.601745	0.4537658	0.401348	0.598652	0.8560573
2862	-1177.81	-1304.324	126.5142	1.539239	0.3943284	0.535245	0.464755	0.8357304
2868	-1168.935	-1295.219	126.2836	1.633311	0.50828	0.593645	0.406355	0.7452471
2874	-1170.418	-1296.84	126.4218	1.693317	0.4437048	0.585892	0.414108	0.5446294
2880	-1178.69	-1305.041	126.3519	1.677606	0.4437048	0.496063	0.503937	0.742178
2886	-1178.089	-1304.621	126.5317	1.692134	0.3708515	0.496063	0.503937	0.6418405
2892	-1173.537	-1299.607	126.07	1.753116	0.612404	0.433612	0.566388	0.6230155
2898	-1179.015	-1305.193	126.1782	1.888862	0.4731871	0.559246	0.440754	0.4955458
2904	-1175.674	-1302.123	126.4498	1.888862	0.3307099	0.425021	0.574979	0.4581752
2910	-1175.223	-1301.244	126.0205	1.888862	0.5400718	0.432672	0.567328	0.3604944
2916	-1172.811	-1298.931	126.1203	1.836551	0.5400718	0.449728	0.550272	0.4832895
2922	-1178.633	-1304.947	126.3134	1.662374	0.5272296	0.503638	0.496362	0.46945
2928	-1183.088	-1308.808	125.7198	1.9785	0.6877448	0.448316	0.551684	0.3614703
2934	-1174.994	-1301.091	126.0965	1.978547	0.438234	0.448316	0.551684	0.3535107
2940	-1165.206	-1291.428	126.222	1.926441	0.4213304	0.381028	0.618972	0.4283515
2946	-1169.032	-1295.405	126.373	1.845326	0.3827052	0.429581	0.570419	0.416648
2952	-1158.68	-1285.162	126.4816	1.845326	0.3305673	0.474239	0.525761	0.416648
2958	-1161.059	-1287.496	126.4375	1.829106	0.3654963	0.477735	0.522265	0.5334293
2964	-1178.654	-1305.048	126.394	1.453901	0.5740528	0.544194	0.455806	0.6891349
2970	-1165.146	-1291.482	126.3368	1.70524	0.4616543	0.521577	0.478423	0.6654728
2976	-1166.8	-1293.345	126.5447	1.453219	0.3621093	0.495859	0.504141	0.9704795
2982	-1162.09	-1288.319	126.2288	1.269884	0.612752	0.483654	0.516346	1.042282
2988	-1162.084	-1288.561	126.4769	1.390245	0.4112466	0.51834	0.48166	1.0047
2994	-1165.408	-1291.744	126.3361	1.520147	0.5323852	0.492047	0.507953	0.7771712
3000	-1167.42	-1293.643	126.2234	1.569308	0.6213876	0.461221	0.538779	0.6625359
3006	-1160.911	-1286.942	126.0307	1.382839	0.7391084	0.447023	0.552977	0.9584518
3012	-1154.814	-1280.663	125.8495	1.263365	0.5440168	0.495971	0.504029	1.452419
3018	-1160.794	-1286.704	125.9109	1.107211	0.5232117	0.623794	0.376206	1.548141
3024	-1165.091	-1291.166	126.0747	1.34228	0.4457969	0.633519	0.366481	1.343197
3030	-1169.631	-1295.892	126.2607	1.241158	0.3182958	0.513473	0.486527	1.474788
3036	-1176.348	-1302.333	125.9852	1.020347	0.4588078	0.456714	0.543286	1.63598
3042	-1179.8	-1305.839	126.0392	0.9528081	0.5329767	0.455675	0.544325	1.555921
3048	-1184.192	-1310.071	125.8783	1.028504	0.5773086	0.427817	0.572183	1.568474
3054	-1190.659	-1317.101	126.4426	1.339333	0.4471075	0.520513	0.479487	1.023791
3060	-1172.369	-1298.616	126.2464	1.154685	0.2855466	0.520513	0.479487	1.60576
3066	-1169.852	-1296.011	126.1598	1.185643	0.2815253	0.520513	0.479487	1.652909
3072	-1170.617	-1297.247	126.6297	1.048758	0.2386081	0.465835	0.534165	1.488909
3078	-1174.373	-1300.871	126.4978	1.041445	0.2678831	0.41705	0.58295	1.536201
3084	-1170.234	-1296.716	126.4819	1.088498	0.3164543	0.527674	0.472326	1.425678
3090	-1163.374	-1289.701	126.3277	1.29619	0.2540168	0.447248	0.552752	1.499415
3096	-1163.736	-1289.872	126.1357	1.146018	0.5244242	0.414919	0.585081	1.345073
3102	-1172.007	-1298.307	126.2997	1.092088	0.354906	0.378674	0.621326	1.49808
3108	-1168.329	-1294.021	125.6915	0.7288879	0.457705	0.471143	0.528857	2.039797
3114	-1175.378	-1301.391	126.0133	1.121316	0.4750563	0.48066	0.51934	1.520856
3120	-1183.669	-1310.101	126.4319	1.460937	0.447758	0.509527	0.490473	0.9073829
3126	-1182.536	-1309.321	126.7845	1.444356	0.3546508	0.537289	0.462711	0.697748
3132	-1167.093	-1293.679	126.5862	1.501337	0.3546508	0.468858	0.531142	0.8902506
3138	-1160.025	-1286.511	126.4856	1.677963	0.4126939	0.399412	0.600588	0.5830868
3144	-1156.91	-1283.367	126.4569	1.566326	0.4750505	0.474469	0.525531	0.6564554
3150	-1166.789	-1293.273	126.4845	1.568532	0.4600358	0.615072	0.384928	0.6485018
3156	-1169.006	-1295.7	126.6937	1.782883	0.2729451	0.540195	0.459805	0.5033478
3162	-1175.517	-1301.701	126.1842	1.865752	0.4826519	0.58489	0.41511	0.477564
3168	-1172.03	-1298.341	126.3113	1.878105	0.4053961	0.422027	0.577973	0.5155401
3174	-1179.401	-1305.257	125.856	1.727306	0.739115	0.423389	0.576611	0.7528866
3180	-1171.397	-1297.174	125.7768	1.859715	0.7709983	0.398013	0.601987	0.4570459
3186	-1163.278	-1289.698	126.4203	1.827705	0.3730899	0.495264	0.504736	0.450513
3192	-1187.33	-1313.772	126.4421	1.786707	0.3842145	0.417019	0.582981	0.5338752
3198	-1183.134	-1309.616	126.482	1.934992	0.2877294	0.480571	0.519429	0.3990162
3204	-1172.121	-1298.802	126.681	1.781902	0.2697649	0.540513	0.459487	0.4031068
3210	-1180.321	-1306.815	126.4936	1.542389	0.4649753	0.46043	0.53957	0.6659524
3216	-1182.114	-1308.188	126.0735	1.489537	0.6591427	0.409929	0.590071	0.9097328
3222	-1176.918	-1303.361	126.4429	1.306879	0.2978956	0.510751	0.489249	1.318034
3228	-1185.839	-1312.195	126.3552	1.099093	0.3547934	0.48202	0.51798	1.450948
3234	-1181.527	-1307.614	126.0863	0.9987877	0.4244442	0.491784	0.508216	1.623272
3240	-1178.329	-1304.119	125.7895	1.340935	0.6003837	0.597734	0.402266	1.373184
3246	-1182.957	-1309.707	126.7503	1.24425	0.3075725	0.597734	0.402266	1.089025
3252	-1177.236	-1303.551	126.315	1.131529	0.4378086	0.618553	0.381447	1.3311
3258	-1175.409	-1302.054	126.6456	1.214059	0.3636153	0.436959	0.563041	1.10123
3264	-1177.228	-1303.559	126.331	1.425684	0.4161284	0.436959	0.563041	1.10123
3270	-1178.672	-1305.338	126.6664	1.583156	0.3607262	0.488921	0.511079	0.6301872
3276	-1176.564	-1302.906	126.3418	1.447347	0.5983141	0.488921	0.511079	0.7281407
3282	-1172.325	-1298.72	126.3957	1.569678	0.5106671	0.521271	0.478729	0.6531483
3288	-1180.735	-1307.335	126.5998	1.52852	0.3255626	0.402003	0.597997	0.9146334
3294	-1178.097	-1304.722	126.6243	1.71852	0.3255626	0.479125	0.520875	0.5770428
3300	-1178.249	-1304.659	126.4095	1.706611	0.4441478	0.437116	0.562884	0.5323092
3306	-1175.897	-1302.837	126.9396	1.469001	0.2897384	0.437116	0.562884	0.6259658
3312	-1176.182	-1302.303	126.1219	1.504078	0.7015016	0.571884	0.428116	0.7606254
3318	-1168.25	-1294.458	126.2086	1.475601	0.4968384	0.59024	0.40976	1.035508
3324	-1170.046	-1296.046	126.0002	1.432927	0.5208266	0.496239	0.503761	1.225847
3330	-1159.457	-1285.826	126.3693	1.495568	0.5160917	0.400839	0.599161	0.8010297
3336	-1170.182	-1296.218	126.036	1.477359	0.6782741	0.520138	0.479862	0.9358991
3342	-1166.891	-1293.733	126.8423	1.571097	0.2873474	0.503705	0.496295	0.6282335
3348	-1172.043	-1298.62	126.5766	1.565349	0.3600865	0.519954	0.480046	0.8104384
3354	-1171.5	-1297.703	126.2024	1.720234	0.5621918	0.354605	0.645395	0.5179091
3360	-1172.052	-1298.656	126.6037	1.7224	0.3379998	0.461307	0.538693	0.4863834
3366	-1181.922	-1308.475	126.5531	1.508513	0.372584	0.476703	0.523297	0.877698
3372	-1173.05	-1299.334	126.2836	1.188828	0.4462578	0.481881	0.518119	1.297878
3378	-1177.848	-1304.296	126.4482	1.188175	0.3848914	0.420679	0.579321	1.257971
3384	-1177.715	-1303.94	126.2252	1.287981	0.4069543	0.471889	0.528111	1.323623
3390	-1173.502	-1299.912	126.4096	1.211499	0.4102559	0.472568	0.527432	1.229749
3396	-1172.738	-1298.943	126.2055	1.247613	0.4912073	0.396889	0.603111	1.249818
3402	-1170.659	-1296.38	125.7209	1.074262	0.4410791	0.55062	0.44938	1.806535
3408	-1179.036	-1304.926	125.8901	1.034297	0.4140828	0.421532	0.578468	1.751225
3414	-1167.228	-1293.492	126.2642	1.198447	0.3283957	0.542297	0.457703	1.487496
3420	-1172.251	-1297.774	125.523	1.085448	0.3283957	0.488664	0.511336	2.082931
3426	-1170.732	-1296.48	125.7477	1.089851	0.4739149	0.488664	0.511336	1.736723
3432	-1171.864	-1297.41	125.5468	1.230222	0.6536053	0.390401	0.609599	1.583678
3438	-1163.894	-1289.857	125.9631	1.114789	0.5287817	0.405657	0.594343	1.497032
3444	-1169.44	-1295.374	125.9343	1.281132	0.5252545	0.583031	0.416969	1.396145
3450	-1174.834	-1300.875	126.041	1.224998	0.6023857	0.668642	0.331358	1.261528
3456	-1181.787	-1307.413	125.6262	1.021124	0.6023857	0.587833	0.412167	1.728257
3462	-1168.599	-1294.759	126.1596	1.010571	0.3911334	0.488958	0.511042	1.607573
3468	-1158.51	-1284.708	126.1984	1.010571	0.3716048	0.475661	0.524339	1.607573
3474	-1165.887	-1291.912	126.0249	0.9391831	0.3319666	0.479768	0.520232	1.838899
3480	-1165.009	-1290.595	125.5856	0.9452513	0.3889629	0.500905	0.499095	2.05121
3486	-1162.346	-1288.761	126.4152	1.156282	0.3657668	0.486157	0.513843	1.341956
3492	-1169.075	-1295.541	126.4655	1.06048	0.3332138	0.365384	0.634616	1.431336
3498	-1165.266	-1291.404	126.1384	1.074138	0.4429906	0.365384	0.634616	1.504694
3504	-1165.266	-1291.9	126.6341	1.336318	0.3062271	0.365384	0.634616	1.113911
3510	-1183.376	-1309.561	126.1858	1.074039	0.3062271	0.382889	0.617111	1.672372
3516	-1175.112	-1301.309	126.1973	1.062545	0.3062271	0.679118	0.320882	1.672372
3522	-1177.136	-1302.893	125.7572	1.217898	0.6148841	0.486321	0.513679	1.476731
3528	-1171.869	-1298.088	126.2186	1.217898	0.3977593	0.48805	0.51195	1.398192
3534	-1169.773	-1295.248	125.4751	0.8165737	0.3981392	0.524254	0.475746	2.195961
3540	-1182.597	-1308.029	125.4318	0.787894	0.4302756	0.524254	0.475746	2.203348
3546	-1184.885	-1310.985	126.1002	1.077357	0.2556793	0.485373	0.514627	1.816305
3552	-1181.536	-1307.762	126.2255	1.171918	0.5000109	0.63841	0.36159	1.28371
3558	-1178.537	-1304.573	126.0361	1.052475	0.4587424	0.455501	0.544499	1.575771
3564	-1167.505	-1293.594	126.0891	1.272289	0.4587424	0.55954	0.44046	1.36902
3570	-1174.598	-1300.584	125.9863	1.161653	0.4397555	0.572254	0.427746	1.557018
3576	-1189.499	-1315.152	125.6531	1.037325	0.4397555	0.527672	0.472328	1.880015
3582	-1191.182	-1317.435	126.253	1.170257	0.4397555	0.47505	0.52495	1.346875
3588	-1178.695	-1305.047	126.3514	0.9863361	0.4397555	0.411192	0.588808	1.413881
3594	-1171.827	-1296.829	125.0025	1.311928	1.113103	0.445531	0.554469	1.547985
3600	-1169.836	-1295.946	126.1099	1.131505	0.5528965	0.484745	0.515255	1.341556
3606	-1171.645	-1297.575	125.9301	1.131505	0.5528965	0.484745	0.515255	1.480887
3612	-1172.588	-1299.013	126.4249	1.103434	0.4390191	0.475892	0.524108	1.262696
3618	-1169.227	-1295.537	126.3095	1.239885	0.4390191	0.369201	0.630799	1.245188
3624	-1167.327	-1293.72	126.3932	1.257085	0.4650892	0.483946	0.516054	1.117604
3630	-1167.759	-1293.952	126.1931	1.26522	0.4650892	0.497309	0.502691	1.282267
3636	-1168.165	-1294.532	126.3667	1.411538	0.4271277	0.57329	0.42671	1.062091
3642	-1173.965	-1300.706	126.7407	1.536808	0.2319702	0.395257	0.604743	0.9987545
3648	-1183.064	-1308.851	125.7866	1.339353	0.7101898	0.380634	0.619366	1.255663
3654	-1172.781	-1298.983	126.201	1.26772	0.477776	0.497814	0.502186	1.255663
3660	-1182.459	-1309.201	126.7419	1.389172	0.3149121	0.464901	0.535099	0.9374118
3666	-1175.775	-1302.267	126.4916	1.581556	0.3736831	0.580551	0.419449	0.861454
3672	-1186.596	-1312.661	126.0646	1.482119	0.6076249	0.455151	0.544849	1.002447
3678	-1176.106	-1302.861	126.7552	1.211272	0.3075998	0.475089	0.524911	1.114668
3684	-1180.404	-1306.031	125.6275	1.337764	0.8933506	0.474303	0.525697	1.208783
3690	-1176.615	-1302.547	125.9324	1.018263	0.4275637	0.474538	0.525462	1.715101
3696	-1179.165	-1305.651	126.4861	1.229752	0.3147109	0.260774	0.739226	1.314217
3702	-1184.056	-1310.141	126.085	1.205157	0.5821532	0.270878	0.729122	1.266133
3708	-1170.128	-1296.277	126.1496	1.153402	0.5821532	0.583599	0.416401	1.255496
3714	-1181.766	-1307.662	125.8958	1.294628	0.8019866	0.478123	0.521877	1.101326
3720	-1175.325	-1301.929	126.6038	1.294628	0.2973164	0.37665	0.62335	1.195635
3726	-1175.422	-1301.825	126.4029	1.189445	0.3290677	0.474242	0.525758	1.386894
3732	-1173.364	-1299.526	126.1616	1.189445	0.5479172	0.474242	0.525758	1.258683
3738	-1168.394	-1294.644	126.2496	1.326403	0.5479172	0.474242	0.525758	1.060633
3744	-1182.735	-1308.952	126.2168	1.298709	0.450737	0.423251	0.576749	1.255906
3750	-1167.966	-1293.339	125.3721	1.174843	0.6502122	0.45927	0.54073	1.751368
3756	-1168.003	-1294.025	126.022	0.9894351	0.5020497	0.470408	0.529592	1.578319
3762	-1180.662	-1306.352	125.6896	1.051325	0.4901629	0.604051	0.395949	1.784971
3768	-1163.166	-1289.728	126.5621	1.265766	0.3473279	0.403228	0.596772	1.160218
3774	-1166.078	-1292.396	126.3179	1.308579	0.5842744	0.336236	0.663764	0.9558508
3780	-1157.027	-1283.417	126.3898	1.330702	0.4757731	0.49258	0.50742	1.034713
3786	-1168.978	-1295.231	126.2535	1.309061	0.5859707	0.386831	0.613169	1.018086
3792	-1172.608	-1299.026	126.4174	1.253752	0.396211	0.52164	0.47836	1.210076
3798	-1169.689	-1295.814	126.1248	1.256338	0.6518135	0.595284	0.404716	1.101135
3804	-1172.01	-1298.116	126.1064	1.406555	0.5626897	0.58601	0.41399	1.098239
3810	-1166.128	-1292.888	126.7597	1.299128	0.2894032	0.503865	0.496135	1.068628
3816	-1164.582	-1290.718	126.1357	1.221756	0.470826	0.541987	0.458013	1.355546
3822	-1169.317	-1295.63	126.3131	1.334317	0.2575496	0.492159	0.507841	1.474793
3828	-1173.372	-1299.376	126.0037	0.8817004	0.3285255	0.498926	0.501074	1.897796
3834	-1179.323	-1305.56	126.2372	1.030167	0.4437104	0.441425	0.558575	1.462401
3840	-1170.311	-1296.261	125.9499	0.873553	0.4437104	0.441857	0.558143	1.783584
3846	-1175.557	-1302.054	126.4977	1.082715	0.2558015	0.65156	0.34844	1.528411
3852	-1171.24	-1297.297	126.0577	1.082715	0.3074578	0.447911	0.552089	1.754738
3858	-1170.27	-1296.843	126.5726	1.013332	0.3074578	0.495057	0.504943	1.429462
3864	-1169.358	-1295.276	125.9187	1.349431	0.5771174	0.44371	0.55629	1.290338
3870	-1171.738	-1297.492	125.7537	1.135418	0.7497256	0.424591	0.575409	1.405466
3876	-1175.808	-1301.738	125.9292	0.8312073	0.4302487	0.699504	0.300496	1.844008
3882	-1167.222	-1292.991	125.7693	0.7808706	0.4452512	0.504028	0.495972	1.968068
3888	-1178.157	-1303.212	125.0549	0.8924993	0.54341	0.459466	0.540534	2.255764
3894	-1176.567	-1301.787	125.22	0.9241399	0.3527997	0.671358	0.328642	2.349016
3900	-1175.737	-1301.6	125.8624	0.855803	0.2566068	0.599231	0.400769	2.122713
3906	-1172.463	-1298.215	125.7518	0.9905792	0.5727342	0.515681	0.484319	1.692018
3912	-1172.343	-1298.532	126.1893	1.103894	0.2804667	0.441041	0.558959	1.692018
3918	-1179.224	-1305.103	125.8792	0.7635296	0.4493294	0.381159	0.618841	1.900732
3924	-1162.846	-1289.163	126.3164	0.9500525	0.3470119	0.593499	0.406501	1.602816
3930	-1172.765	-1299.056	126.2912	1.156314	0.292584	0.47509	0.52491	1.559517
3936	-1168.169	-1294.586	126.4167	0.9128913	0.3115857	0.587701	0.412299	1.613423
3942	-1172.571	-1297.988	125.4173	0.8991038	0.5339478	0.619981	0.380019	2.024599
3948	-1157.5	-1283.712	126.2121	1.103806	0.3963143	0.475019	0.524981	1.492484
3954	-1163.882	-1289.537	125.6551	1.218953	0.5711794	0.590099	0.409901	1.599154
3960	-1166.317	-1292.553	126.2363	1.202856	0.2981639	0.576629	0.423371	1.556052
3966	-1166.201	-1291.732	125.5314	1.184952	0.3859368	0.576629	0.423371	1.9313
3972	-1175.744	-1301.97	126.2258	1.184952	0.2578745	0.550719	0.449281	1.648359
3978	-1184.387	-1310.588	126.2008	1.070045	0.5121727	0.378142	0.621858	1.369267
3984	-1180.934	-1307.222	126.2876	1.298576	0.3533998	0.484493	0.515507	1.350668
3990	-1173.417	-1299.823	126.406	1.124491	0.4285369	0.532445	0.467555	1.276713
3996	-1174.391	-1300.747	126.3563	1.50215	0.4285369	0.363949	0.636051	0.981038
4002	-1170.701	-1297.13	126.4292	1.50215	0.5263505	0.63436	0.36564	0.6709485
4008	-1172.447	-1298.692	126.2447	1.466084	0.4771859	0.513859	0.486141	1.04177
4014	-1172.738	-1299.4	126.662	1.343734	0.3253525	0.48228	0.51772	1.04068
4020	-1171.009	-1297.407	126.3977	1.30998	0.4891237	0.418305	0.581695	1.025184
4026	-1182.261	-1308.292	126.031	1.278868	0.6867931	0.539724	0.460276	1.123229
4032	-1180.781	-1307.091	126.3101	1.278868	0.3058782	0.50109	0.49891	1.429933
4038	-1173.046	-1299.592	126.5461	1.198792	0.4613267	0.519676	0.480324	1.035332
4044	-1171.403	-1297.803	126.3997	1.325131	0.3669467	0.484091	0.515909	1.213969
4050	-1166.438	-1293.179	126.7414	1.402022	0.2301493	0.440293	0.559707	1.13005
4056	-1165.605	-1292.189	126.5844	1.402022	0.4119765	0.440293	0.559707	0.8756791
4062	-1165.655	-1292.286	126.6313	1.240493	0.301746	0.418666	0.581334	1.209571
4068	-1165.205	-1291.287	126.0824	1.240493	0.342725	0.529825	0.470175	1.568262
4074	-1172.649	-1298.855	126.2059	0.9944521	0.4369836	0.445057	0.554943	1.521868
4080	-1170.578	-1296.952	126.3749	1.086418	0.3095165	0.542182	0.457818	1.520194
4086	-1176.534	-1301.772	125.2383	0.9374637	0.6896673	0.523384	0.476616	1.969037
4092	-1177.97	-1304.023	126.0537	2.0628	0.3821655	0.471211	0.528789	0.2943239
4098	-1173.547	-1299.41	125.863	2.055435	0.5115944	0.52662	0.47338	0.3216486
4104	-1172.198	-1298.286	126.0882	2.055435	0.3950003	0.52662	0.47338	0.339432
4110	-1169.278	-1294.807	125.5286	2.065701	0.7358502	0.492826	0.507174	0.3171471
4116	-1172.013	-1298.121	126.1085	2.065701	0.3829324	0.580762	0.419238	0.3468505
4122	-1183.197	-1310.024	126.8269	1.177384	0.351294	0.420786	0.579214	0.9869362
4128	-1181.969	-1308.35	126.3807	1.177384	0.5183738	0.477567	0.522433	1.12029
4134	-1180.964	-1307.338	126.3745	1.774541	0.4271341	0.512796	0.487204	0.5042003
4140	-1175.084	-1301.425	126.3411	1.20124	0.5519359	0.634162	0.365838	1.086317
4146	-1170.556	-1296.672	126.1164	1.068572	0.6527809	0.540543	0.459457	1.269838
4152	-1167.209	-1293.237	126.0287	1.290815	0.7097474	0.423697	0.576303	1.087098
4158	-1167.893	-1293.972	126.079	1.435643	0.660649	0.423697	0.576303	0.9596168
4164	-1182.946	-1309.335	126.3891	1.409575	0.5241252	0.424872	0.575128	0.8675985
4170	-1170.536	-1297.175	126.6385	1.423897	0.2892414	0.472513	0.527487	1.065688
4176	-1174.829	-1300.944	126.1154	1.443709	0.5848336	0.550043	0.449957	1.023072
4182	-1172.515	-1298.657	126.1422	1.508563	0.5188184	0.479139	0.520861	1.033075
4188	-1185.788	-1312.188	126.4003	1.311874	0.5523839	0.513625	0.486375	0.9155708
4194	-1180.075	-1306.584	126.5088	1.45126	0.406116	0.543202	0.456798	0.9180296
4200	-1170.465	-1296.592	126.1262	1.424057	0.6629951	0.451257	0.548743	0.9180296
4206	-1181.839	-1308.224	126.3842	1.305744	0.5654589	0.475551	0.524449	0.9180296
4212	-1173.645	-1300.116	126.4709	1.667884	0.3336346	0.591267	0.408733	0.8828836
4218	-1167.542	-1294.074	126.5322	1.583616	0.3633196	0.403502	0.596498	0.8352261
4224	-1168.866	-1295.77	126.9043	1.589824	0.2288528	0.56405	0.43595	0.7545685
4230	-1168.038	-1294.131	126.0925	1.629611	0.6594984	0.363913	0.636087	0.696224
4236	-1157.506	-1283.698	126.1915	1.487462	0.6254158	0.495464	0.504536	0.8281425
4242	-1168.91	-1295.108	126.1978	1.483449	0.5084253	0.426581	0.573419	1.019791
4248	-1171.835	-1298.271	126.4361	1.40623	0.4905785	0.551319	0.448681	0.8807451
4254	-1184.486	-1310.595	126.109	1.381745	0.4212562	0.475896	0.524104	1.320019
4260	-1170.297	-1296.699	126.4016	1.343161	0.2989699	0.475896	0.524104	1.320019
4266	-1183.697	-1309.855	126.1579	1.067558	0.460148	0.46702	0.53298	1.472053
4272	-1177.405	-1303.653	126.2486	0.9889287	0.4916495	0.481751	0.518249	1.421629
4278	-1179.584	-1305.338	125.7534	1.180076	0.7659241	0.459021	0.540979	1.355113
4284	-1173.204	-1299.315	126.111	1.057925	0.4245582	0.541567	0.458433	1.562017
4290	-1170.574	-1296.377	125.8037	1.057925	0.3691048	0.476182	0.523818	1.855542
4296	-1169.547	-1295.507	125.96	1.137264	0.5192694	0.476182	0.523818	1.493849
4302	-1172.992	-1298.88	125.8886	1.175548	0.5192694	0.379194	0.620806	1.518651
4308	-1178.865	-1305.156	126.2906	1.313703	0.5856135	0.417775	0.582225	0.9767462
4314	-1175	-1301.783	126.7833	1.42953	0.2497403	0.535545	0.464455	1.015794
4320	-1168.628	-1294.843	126.2152	1.481736	0.5275267	0.407503	0.592497	0.9731074
4326	-1175.938	-1302.477	126.5398	1.207524	0.3950936	0.526977	0.473023	1.145808
4332	-1170.566	-1296.687	126.1206	1.094679	0.4904846	0.485857	0.514143	1.440208
4338	-1172.696	-1298.783	126.0865	1.042288	0.3797762	0.559788	0.440212	1.65359
4344	-1168.102	-1294.135	126.0326	1.010153	0.424521	0.579958	0.420042	1.65359
4350	-1161.935	-1288.052	126.1173	1.031988	0.3469564	0.51671	0.48329	1.687078
4356	-1166.116	-1291.912	125.7964	1.051285	0.4901183	0.436792	0.563208	1.710235
4362	-1173.699	-1299.713	126.014	0.8863252	0.45659	0.492403	0.507597	1.713767
4368	-1171.552	-1297.35	125.7976	1.082647	0.4223126	0.547719	0.452281	1.771266
4374	-1169.154	-1295.794	126.64	1.317301	0.3615707	0.483166	0.516834	1.012582
4380	-1161.201	-1287.615	126.414	1.15066	0.3615707	0.517987	0.482013	1.354287
4386	-1167.421	-1293.248	125.8272	1.210023	0.5875531	0.441686	0.558314	1.459702
4392	-1170.084	-1296.333	126.2488	1.347232	0.4175537	0.584374	0.415626	1.239227
4398	-1162.274	-1288.781	126.5064	1.311533	0.437578	0.584374	0.415626	1.005213
4404	-1160.706	-1287.138	126.4316	1.230155	0.4275358	0.583854	0.416146	1.167111
4410	-1165.759	-1292.181	126.4225	1.198906	0.3340009	0.3984	0.6016	1.355533
4416	-1173.858	-1299.984	126.1252	1.069259	0.5237293	0.583076	0.416924	1.414366
4422	-1181.411	-1307.835	126.4233	1.263648	0.4415385	0.513828	0.486172	1.122101
4428	-1184.189	-1310.886	126.6971	1.24284	0.3156424	0.513828	0.486172	1.122101
4434	-1184.604	-1310.665	126.061	1.11066	0.4222477	0.528638	0.471362	1.563132
4440	-1175.141	-1300.861	125.7208	1.054952	0.63642	0.528638	0.471362	1.60189
4446	-1185.914	-1311.808	125.8933	0.8287365	0.4681012	0.528638	0.471362	1.824045
4452	-1187.469	-1313.734	126.2651	1.095359	0.3479252	0.502716	0.497284	1.532441
4458	-1177.128	-1303.098	125.9698	1.002874	0.4022696	0.502716	0.497284	1.733145
4464	-1168.244	-1293.996	125.7517	0.9074646	0.2935046	0.50791	0.49209	2.101848
4470	-1171.796	-1297.74	125.9439	0.9886718	0.4941071	0.50791	0.49209	1.645008
4476	-1171.312	-1297.461	126.1494	1.080113	0.4941071	0.50791	0.49209	1.424669
4482	-1173.166	-1299.626	126.4605	1.419259	0.3506952	0.515451	0.484549	1.107401
4488	-1179.762	-1306.26	126.4977	1.088397	0.3506952	0.458455	0.541545	1.355217
4494	-1180.831	-1306.996	126.1653	0.9928916	0.3019641	0.54628	0.45372	1.751175
4500	-1188	-1314.861	126.8609	1.448289	0.2565308	0.559737	0.440263	0.8961721
4506	-1183.889	-1310.162	126.273	1.356519	0.4438741	0.538954	0.461046	1.169313
4512	-1188.055	-1314.557	126.5029	1.140652	0.3313918	0.401924	0.598076	1.342497
4518	-1182.644	-1308.371	125.7269	1.222844	0.7125696	0.401924	0.598076	1.394772
4524	-1177.564	-1304.402	126.8375	1.166553	0.1990415	0.499152	0.500848	1.323305
4530	-1188.267	-1314.465	126.1979	1.251127	0.452016	0.567852	0.432148	1.308543
4536	-1184.808	-1311.166	126.3583	1.413031	0.4209915	0.344443	0.655557	1.079228
4542	-1175.383	-1301.845	126.4617	1.154751	0.2876601	0.443174	0.556826	1.441608
4548	-1177.678	-1303.637	125.9588	1.102997	0.4474061	0.534097	0.465903	1.609897
4554	-1178.563	-1304.601	126.0376	0.9418185	0.3773094	0.421418	0.578582	1.762656
4560	-1181.334	-1307.468	126.1337	1.102388	0.4953226	0.490695	0.509305	1.418029
4566	-1180.607	-1306.585	125.9778	1.015786	0.6567166	0.605814	0.394186	1.418029
4572	-1173.127	-1298.842	125.7158	1.174866	0.7354366	0.367387	0.632613	1.418029
4578	-1181.558	-1307.082	125.524	0.8717428	0.3977784	0.367387	0.632613	2.128698
4584	-1174.831	-1300.872	126.0408	0.9762277	0.358158	0.533636	0.466364	1.763709
4590	-1178.139	-1304.057	125.9173	0.9762277	0.3465128	0.442289	0.557711	1.865799
4596	-1171.486	-1298.096	126.6091	0.8800374	0.3015792	0.553411	0.446589	1.513051
4602	-1179.023	-1304.509	125.4855	0.9780867	0.6551608	0.441668	0.558332	1.804653
4608	-1172.351	-1297.514	125.1628	0.9962787	0.6165932	0.547403	0.452597	2.046773
4614	-1176.298	-1302.157	125.8599	0.862406	0.4404575	0.487207	0.512793	1.857381
4620	-1167.853	-1293.922	126.0688	0.8372065	0.2730681	0.487207	0.512793	1.970987
4626	-1176.722	-1302.284	125.5615	1.035285	0.4529612	0.458408	0.541592	1.927496
4632	-1171.928	-1297.597	125.6691	1.028867	0.4005786	0.566349	0.433651	1.924475
4638	-1167.384	-1292.667	125.2829	0.6062095	0.4250697	0.412364	0.587636	2.420406
4644	-1171.333	-1296.857	125.5243	0.6065549	0.4250697	0.373674	0.626326	2.266724
4650	-1175.987	-1301.038	125.0509	0.6530756	0.4557911	0.33842	0.66158	2.501773
4656	-1166.067	-1291.737	125.6703	0.7985943	0.4039804	0.371258	0.628742	2.072848
4662	-1167.742	-1293.282	125.5396	1.149696	0.6761701	0.371258	0.628742	1.625272
4668	-1168.299	-1294.54	126.2417	1.143954	0.3431215	0.420614	0.579386	1.521275
4674	-1174.609	-1300.691	126.0818	0.9744389	0.384298	0.420614	0.579386	1.698845
4680	-1171.893	-1298.265	126.3721	0.9481412	0.3001175	0.440297	0.559703	1.639258
4686	-1180.874	-1306.605	125.7302	0.7055116	0.3868119	0.43342	0.56658	2.116544
4692	-1178.589	-1304.829	126.2404	0.9416058	0.2602184	0.407991	0.592009	1.805169
4698	-1180.384	-1306.37	125.9861	0.9992165	0.3500274	0.407991	0.592009	1.797529
4704	-1181.514	-1308.063	126.5491	1.261013	0.3979913	0.389332	0.610668	1.083781
4710	-1175.798	-1301.55	125.7525	1.051571	0.4249945	0.538696	0.461304	1.820662
4716	-1170.336	-1296.396	126.0603	1.103874	0.4357772	0.555031	0.444969	1.550321
4722	-1173.53	-1299.824	126.293	1.243274	0.4037221	0.606683	0.393317	1.30992
4728	-1170.019	-1296.275	126.2555	1.185592	0.413223	0.444204	0.555796	1.371462
4734	-1173.534	-1299.963	126.4287	1.185592	0.3685365	0.444204	0.555796	1.303019
4740	-1175.325	-1301.361	126.0363	1.224038	0.4274501	0.489455	0.510545	1.49006
4746	-1167.934	-1294.205	126.2708	0.865337	0.3823051	0.587663	0.412337	1.644689
4752	-1176.408	-1302.095	125.6872	0.8168641	0.3983167	0.551671	0.448329	2.056848
4758	-1177.128	-1302.64	125.5122	0.814917	0.4972824	0.509235	0.490765	2.056848
4764	-1170.636	-1296.88	126.2436	0.9498674	0.3322133	0.542958	0.457042	1.678213
4770	-1172.003	-1298.204	126.201	0.995537	0.3322133	0.542958	0.457042	1.676027
4776	-1173.439	-1298.454	125.0153	0.8067169	0.5609077	0.390167	0.609833	2.318682
4782	-1159.948	-1285.481	125.5332	0.8447045	0.3691023	0.495097	0.504903	2.177344
4788	-1167.568	-1293.301	125.733	0.7428381	0.3691023	0.495097	0.504903	2.113507
4794	-1168.46	-1294.203	125.7434	0.8215979	0.2245829	0.485309	0.514691	2.277365
4800	-1167.082	-1292.496	125.4141	0.8217856	0.2512193	0.439241	0.560759	2.440656
4806	-1167.769	-1293.42	125.651	0.6923188	0.520593	0.318442	0.681558	2.020893
4812	-1165.23	-1291.056	125.8265	0.8630413	0.5067727	0.361919	0.638081	1.80151
4818	-1168.856	-1294.725	125.8692	0.8980743	0.3839043	0.587594	0.412406	1.899547
4824	-1163.535	-1289.072	125.537	0.9387919	0.4646122	0.556736	0.443264	1.994983
4830	-1167.653	-1293.562	125.9094	1.147541	0.3820646	0.495546	0.504454	1.701482
4836	-1158.321	-1284.294	125.9726	0.9726984	0.3746311	0.520659	0.479341	1.790196
4842	-1164.203	-1290.22	126.0173	1.158431	0.3973654	0.495969	0.504031	1.594704
4848	-1170.231	-1295.986	125.7543	1.186184	0.3973654	0.586757	0.413243	1.762261
4854	-1179.597	-1305.2	125.6028	1.137746	0.6892845	0.411552	0.588448	1.575339
4860	-1178.942	-1304.938	125.9961	1.048846	0.3464289	0.461781	0.538219	1.761351
4866	-1175.66	-1301.877	126.2169	1.043496	0.4623278	0.40016	0.59984	1.442555
4872	-1181.622	-1307.759	126.1367	1.029419	0.4149185	0.40016	0.59984	1.577239
4878	-1169.096	-1295.439	126.3432	1.129139	0.4895489	0.439318	0.560682	1.236068
4884	-1170.878	-1296.659	125.7815	0.8608955	0.3099245	0.407025	0.592975	2.087813
4890	-1171.599	-1297.675	126.0753	1.192848	0.3099245	0.404091	0.595909	1.660407
4896	-1177.009	-1303.694	126.685	1.21042	0.2725527	0.498847	0.501153	1.248689
4902	-1166.63	-1292.795	126.1649	1.300324	0.4945417	0.559043	0.440957	1.235023
4908	-1172.553	-1298.617	126.0643	1.430744	0.6467336	0.527881	0.472119	0.999012
4914	-1169.615	-1296.19	126.5751	1.430744	0.3626989	0.517147	0.482853	0.9610038
4920	-1167.522	-1294.16	126.6384	1.375044	0.4335565	0.521502	0.478498	0.7916806
4926	-1175.504	-1301.512	126.0072	1.197899	0.4798254	0.642793	0.357207	1.461694
4932	-1160.476	-1286.31	125.8345	1.21587	0.4984175	0.557039	0.442961	1.55415
4938	-1166.852	-1293.408	126.5558	1.275792	0.3540721	0.41313	0.58687	1.144436
4944	-1175.347	-1301.462	126.1147	1.295207	0.5630038	0.501338	0.498662	1.189351
4950	-1169.559	-1296.056	126.4962	1.211469	0.3273176	0.483002	0.516998	1.298042
4956	-1175.77	-1300.872	125.1016	1.166698	0.8673748	0.413124	0.586876	1.759134
4962	-1165.995	-1292.238	126.2427	1.069797	0.3136697	0.494863	0.505137	1.622429
4968	-1162.684	-1289.06	126.3762	1.069797	0.2311594	0.61638	0.38362	1.67379
4974	-1164.327	-1290.713	126.3855	1.103343	0.3304544	0.49258	0.50742	1.464255
4980	-1178.041	-1304.036	125.9955	1.021746	0.4688641	0.639009	0.360991	1.614853
4986	-1172.144	-1298.235	126.0916	1.13953	0.4688641	0.468418	0.531582	1.456202
4992	-1174.069	-1300.044	125.975	1.113099	0.4915148	0.623959	0.376041	1.534732
4998	-1182.362	-1307.97	125.608	1.102617	0.5228429	0.385938	0.614062	1.768821
5004	-1168.312	-1294.272	125.9602	1.094144	0.5083133	0.585567	0.414433	1.539194
5010	-1174.766	-1300.79	126.0243	1.169626	0.2868133	0.527402	0.472598	1.751117
5016	-1174.296	-1299.812	125.5154	0.9964892	0.7246914	0.5381	0.4619	1.706956
5022	-1167.244	-1293.09	125.8465	0.9871567	0.4293721	0.345106	0.654894	1.794584
5028	-1179.962	-1306.292	126.3307	1.047541	0.3639447	0.488512	0.511488	1.494182
5034	-1171.498	-1297.479	125.9808	1.228064	0.4528878	0.448876	0.551124	1.494182
5040	-1172.334	-1298.298	125.9645	1.255041	0.4528878	0.355475	0.644525	1.486153
5046	-1164.935	-1291.481	126.5468	1.311775	0.3664659	0.53017	0.46983	1.096931
5052	-1158.6	-1284.242	125.6422	1.208649	0.6540333	0.53017	0.46983	1.5289
5058	-1167.909	-1293.932	126.0232	1.10585	0.4720041	0.539279	0.460721	1.5289
5064	-1178.515	-1304.314	125.7992	0.8963496	0.3535653	0.385109	0.614891	1.989442
5070	-1175.899	-1301.349	125.4499	0.7052314	0.3821094	0.485948	0.514052	2.303888
5076	-1162.332	-1288.172	125.8394	0.9467726	0.5245866	0.550627	0.449373	1.713874
5082	-1170.806	-1296.785	125.9795	1.114839	0.4306284	0.550627	0.449373	1.608322
5088	-1175.837	-1301.915	126.078	1.056029	0.4093604	0.523298	0.476702	1.608322
5094	-1172.719	-1298.532	125.8133	1.041684	0.5754256	0.493688	0.506312	1.608322
5100	-1173.158	-1299.26	126.1021	1.141656	0.4037753	0.526985	0.473015	1.535649
5106	-1170.258	-1296.553	126.2947	0.9697698	0.4037753	0.558862	0.441138	1.520266
5112	-1173.058	-1299.527	126.4693	1.003795	0.3732664	0.502159	0.497841	1.407331
5118	-1183.016	-1309.717	126.7017	1.224149	0.2149621	0.502159	0.497841	1.348525
5124	-1174.998	-1301.418	126.4191	1.224149	0.3615826	0.502159	0.497841	1.291038
5130	-1161.315	-1287.433	126.118	1.225447	0.5404338	0.45274	0.54726	1.274588
5136	-1161.31	-1287.833	126.5224	1.389892	0.4428928	0.461578	0.538422	0.895386
5142	-1159.156	-1285.307	126.1509	1.632861	0.6208367	0.509741	0.490259	0.6817071
5148	-1169.564	-1296.29	126.7261	1.538582	0.3022012	0.429653	0.570347	0.8155427
5154	-1176.72	-1302.884	126.1645	1.645542	0.5319729	0.539118	0.460882	0.8387753
5160	-1174.755	-1300.637	125.8821	0.9531625	0.4694219	0.383231	0.616769	1.743762
5166	-1171.901	-1297.67	125.7688	0.9084805	0.4229666	0.409955	0.590045	1.909792
5172	-1169.815	-1296.333	126.5184	1.73502	0.350255	0.469532	0.530468	0.6691795
5178	-1160.032	-1286.607	126.5752	1.70858	0.336031	0.469532	0.530468	0.6691795
5184	-1174.175	-1300.464	126.289	1.70858	0.4588523	0.539954	0.460046	0.7498742
5190	-1169.537	-1295.626	126.089	1.667397	0.6668316	0.551265	0.448735	0.5983914
5196	-1172.397	-1298.85	126.4529	1.417953	0.506785	0.472294	0.527706	0.813083
5202	-1176.329	-1302.402	126.073	1.355572	0.6484698	0.492483	0.507517	1.061308
5208	-1182.035	-1308.567	126.5321	1.380503	0.3146237	0.594193	0.405807	1.148603
5214	-1170.978	-1296.697	125.7187	1.18881	0.7143054	0.438944	0.561056	1.425767
5220	-1172.35	-1298.818	126.4677	0.9977791	0.4314005	0.438944	0.561056	1.325212
5226	-1173.869	-1299.402	125.5333	0.8893072	0.5278645	0.413765	0.586235	1.960184
5232	-1168.395	-1293.98	125.5847	1.052903	0.4918546	0.523507	0.476493	1.854291
5238	-1172.809	-1298.859	126.0496	1.074919	0.3282753	0.459499	0.540501	1.733103
5244	-1182.513	-1307.992	125.4787	1.009494	0.433258	0.570218	0.429782	2.023926
5250	-1177.195	-1303.155	125.9596	1.061646	0.3906337	0.570218	0.429782	1.71476
5256	-1184.192	-1309.703	125.5116	0.9541172	0.424225	0.570424	0.429576	2.049793
5262	-1173.114	-1298.608	125.494	0.8163193	0.3534112	0.497619	0.502381	2.241968
5268	-1173.423	-1298.839	125.4161	0.9267061	0.3900889	0.577169	0.422831	2.172924
5274	-1177.688	-1303.273	125.585	1.014791	0.4572303	0.433171	0.566829	1.920397
5280	-1172.455	-1297.726	125.2716	1.014791	0.3324756	0.602509	0.397491	2.286039
5286	-1165.393	-1291.603	126.2107	1.295626	0.474633	0.533075	0.466925	1.228715
5292	-1167.487	-1293.962	126.4745	1.344185	0.2379315	0.533075	0.466925	1.382714
5298	-1178.254	-1304.37	126.1164	0.9885451	0.3845899	0.490896	0.509104	1.663782
5304	-1166.728	-1292.822	126.094	0.9299224	0.4270513	0.471281	0.528719	1.663782
5310	-1169.296	-1295.071	125.7755	1.009492	0.5707362	0.546942	0.453058	1.663782
5316	-1160.649	-1286.208	125.5592	0.9294241	0.5093711	0.400426	0.599574	1.935823
5322	-1167.714	-1292.891	125.1777	0.8601581	0.5093711	0.439731	0.560269	2.232491
5328	-1172.535	-1298.777	126.2422	0.9616071	0.3302778	0.412622	0.587378	1.673859
5334	-1173.444	-1299.503	126.0584	0.9805957	0.3358774	0.553982	0.446018	1.781307
5340	-1181.66	-1308.122	126.462	1.091998	0.3358774	0.51954	0.48046	1.405197
5346	-1174.809	-1301.205	126.3951	1.354396	0.390056	0.473559	0.526441	1.152621
5352	-1176.456	-1302.775	126.3194	1.274386	0.4756159	0.554041	0.445959	1.151845
5358	-1171.339	-1297.067	125.7284	1.034954	0.3744826	0.514693	0.485307	1.914972
5364	-1173.1	-1299.03	125.9298	1.011246	0.5835173	0.550923	0.449077	1.536388
5370	-1175.713	-1302.381	126.6681	1.001753	0.2997536	0.372866	0.627134	1.378126
5376	-1175.515	-1301.637	126.123	1.101126	0.5644475	0.439642	0.560358	1.341275
5382	-1164.315	-1290.367	126.0522	1.127245	0.3850048	0.525511	0.474489	1.609604
5388	-1176.352	-1302.38	126.0281	1.027703	0.4572815	0.525511	0.474489	1.601551
5394	-1178.862	-1305.386	126.5236	1.132861	0.3241069	0.494194	0.505806	1.344922
5400	-1171.574	-1297.29	125.7164	1.096191	0.5761639	0.606742	0.393258	1.638149
5406	-1175.117	-1300.711	125.5946	1.060922	0.4358103	0.43466	0.56534	1.908573
5412	-1175.361	-1301.091	125.7294	0.8265333	0.3832706	0.471233	0.528767	2.042039
5418	-1172.541	-1298.256	125.7145	0.9165032	0.4309235	0.549768	0.450232	1.931195
5424	-1158.163	-1283.793	125.63	0.9165032	0.5494602	0.475659	0.524341	1.853188
5430	-1158.695	-1284.357	125.6617	0.9769795	0.4769016	0.529541	0.470459	1.870824
5436	-1158.146	-1283.843	125.6971	0.9432511	0.4758932	0.483841	0.516159	1.870824
5442	-1160.975	-1286.737	125.7618	0.9177336	0.2850637	0.442873	0.557127	2.101695
5448	-1163.282	-1288.443	125.1613	0.9074433	0.4308713	0.468015	0.531985	2.299709
5454	-1158.237	-1284.235	125.9977	1.003554	0.3969574	0.410818	0.589182	1.720198
5460	-1170.359	-1295.992	125.6334	1.126238	0.5138923	0.452576	0.547424	1.744642
5466	-1162.828	-1288.833	126.0051	1.135661	0.3973417	0.531065	0.468935	1.620127
5472	-1178.917	-1305.349	126.4328	1.135661	0.4392528	0.434058	0.565942	1.228826
5478	-1167.89	-1294.314	126.4234	1.173201	0.4384551	0.509144	0.490856	1.206231
5484	-1172.287	-1298.729	126.4418	1.418738	0.4952663	0.509144	0.490856	0.8498983
5490	-1175.789	-1301.974	126.1855	1.563716	0.6336352	0.541919	0.458081	0.710865
5496	-1182.133	-1308.367	126.2339	1.63808	0.5109769	0.39407	0.60593	0.8026543
5502	-1177.37	-1304.104	126.7343	1.563563	0.2922365	0.483074	0.516926	0.8026543
5508	-1180.396	-1307.226	126.8307	1.588953	0.2470681	0.452596	0.547404	0.7904969
5514	-1172.551	-1299.459	126.9072	1.424685	0.244871	0.452596	0.547404	0.9048217
5520	-1166.981	-1293.412	126.4305	1.376506	0.4515347	0.480458	0.519542	0.9909969
5526	-1180.096	-1306.537	126.441	1.376506	0.4401337	0.468272	0.531728	1.00096
5532	-1174.811	-1301.048	126.2369	1.503405	0.5545614	0.453189	0.546811	0.8799649
5538	-1175.504	-1301.712	126.2082	1.070744	0.4117317	0.335329	0.664671	1.498094
5544	-1169.931	-1296.321	126.3896	1.134282	0.3334881	0.396164	0.603836	1.432439
5550	-1160.078	-1286.296	126.2175	1.152011	0.5677659	0.506944	0.493056	1.217731
5556	-1178.323	-1304.584	126.2613	1.30188	0.373111	0.534224	0.465776	1.33671
5562	-1167.499	-1293.827	126.3277	1.110376	0.2888601	0.501008	0.498992	1.572945
5568	-1171.469	-1298.136	126.6671	1.056454	0.2888601	0.570596	0.429404	1.356053
5574	-1166.364	-1293.287	126.9229	1.229568	0.3206127	0.492123	0.507877	0.8999642
5580	-1171.191	-1297.032	125.8411	1.337649	0.759337	0.457083	0.542917	1.1578
5586	-1186.933	-1313.087	126.154	1.807947	0.5367272	0.309134	0.690866	0.5198635
5592	-1173.794	-1300.457	126.6627	1.642956	0.3458447	0.463893	0.536107	0.5464658
5598	-1192.693	-1319.35	126.6571	1.642956	0.3458447	0.463893	0.536107	0.5727489
5604	-1171.349	-1297.929	126.5803	1.764879	0.296589	0.441981	0.558019	0.7184376
5610	-1171.212	-1297.52	126.3084	1.715883	0.4765983	0.435515	0.564485	0.6486317
5616	-1173.909	-1300.244	126.3352	1.710423	0.4782126	0.427848	0.572152	0.5845417
5622	-1181.212	-1307.704	126.4913	1.653491	0.4268115	0.522249	0.477751	0.5507399
5628	-1177.851	-1304.136	126.2851	1.714394	0.5129471	0.522249	0.477751	0.4750989
5634	-1179.068	-1305.365	126.297	1.739778	0.4864511	0.486946	0.513054	0.5648819
5640	-1180.049	-1305.771	125.7223	1.850676	0.8281209	0.486946	0.513054	0.4965072
5646	-1177.804	-1304.172	126.368	1.70208	0.4713055	0.482531	0.517469	0.512298
5652	-1176.658	-1303.08	126.4223	1.650395	0.4516204	0.409824	0.590176	0.6376091
5658	-1186.088	-1312.544	126.4561	1.519524	0.498417	0.439926	0.560074	0.6731727
5664	-1173.271	-1299.433	126.1628	1.290844	0.6281739	0.473721	0.526279	1.064314
5670	-1169.673	-1295.833	126.1602	1.159319	0.4026795	0.473721	0.526279	1.48057
5676	-1173.525	-1299.665	126.1398	1.187673	0.4026795	0.554466	0.445534	1.474525
5682	-1172.384	-1298.728	126.3442	1.065698	0.4026795	0.492573	0.507427	1.411444
5688	-1161.339	-1287.662	126.3237	1.184463	0.4026795	0.492573	0.507427	1.334206
5694	-1165.296	-1291.85	126.5537	1.312001	0.3890632	0.399738	0.600262	1.047802
5700	-1162.898	-1288.918	126.0194	1.251414	0.389397	0.510292	0.489708	1.536263
5706	-1171.064	-1297.503	126.4386	1.251414	0.3526021	0.458529	0.541471	1.267972
5712	-1171.821	-1298.336	126.5151	1.343395	0.5036803	0.417109	0.582891	0.8352758
5718	-1180.556	-1306.742	126.1856	1.343395	0.6065097	0.495869	0.504131	1.021571
5724	-1182.971	-1308.329	125.3579	0.6982626	0.4733824	0.407008	0.592992	2.259449
5730	-1174.214	-1300.1	125.886	1.23841	0.5425398	0.391263	0.608737	1.445348
5736	-1165.44	-1291.558	126.118	1.243791	0.4200751	0.604059	0.395941	1.423212
5742	-1166.72	-1293.122	126.4022	1.080641	0.3584575	0.536528	0.463472	1.423212
5748	-1185.047	-1311.03	125.983	0.9270087	0.3061682	0.480915	0.519085	1.91517
5754	-1180.08	-1305.945	125.8648	0.7524302	0.4030483	0.547403	0.452597	1.975519
5760	-1173.757	-1299.972	126.2142	1.039076	0.4290973	0.547403	0.452597	1.49311
5766	-1185.018	-1311.351	126.3333	1.12623	0.3196801	0.510988	0.489012	1.504378
5772	-1177.241	-1302.822	125.5807	0.9436228	0.4072312	0.463156	0.536844	2.032156
5778	-1170.291	-1296.242	125.9504	1.002919	0.29517	0.476953	0.523047	1.903164
5784	-1174.907	-1300.788	125.8805	1.158608	0.6022519	0.512365	0.487635	1.44191
5790	-1165.066	-1291.25	126.1839	1.283186	0.4891542	0.472005	0.527995	1.241007
5796	-1176.603	-1302.841	126.2384	1.280524	0.5618066	0.500631	0.499369	1.09393
5802	-1176.552	-1303.023	126.471	1.3231	0.4282748	0.500631	0.499369	1.045038
5808	-1176.18	-1302.066	125.8858	1.296462	0.6560471	0.516123	0.483877	1.268405
5814	-1174.744	-1300.793	126.0486	1.236516	0.6238698	0.460663	0.539337	1.219767
5820	-1180.476	-1306.943	126.4666	1.202793	0.3913007	0.375793	0.624207	1.219767
5826	-1177.133	-1303.531	126.3973	1.201803	0.4066812	0.578613	0.421387	1.253838
5832	-1166.792	-1292.877	126.0858	1.249028	0.5703022	0.472804	0.527196	1.243729
5838	-1169.225	-1295.186	125.9606	1.249028	0.5434178	0.499006	0.500994	1.378274
5844	-1172.091	-1298.612	126.5208	1.300487	0.3370318	0.540317	0.459683	1.185175
5850	-1169.034	-1295.482	126.4474	1.300487	0.3357734	0.540317	0.459683	1.249766
5856	-1162.881	-1289.366	126.4847	1.283223	0.3357734	0.432983	0.567017	1.232956
5862	-1169.379	-1295.713	126.3339	1.251377	0.4540206	0.425659	0.574341	1.192008
5868	-1165.039	-1290.961	125.9222	1.182272	0.5972275	0.539742	0.460258	1.397084
5874	-1161.953	-1288.003	126.0503	1.151387	0.5140114	0.539742	0.460258	1.420851
5880	-1161.132	-1287.111	125.9788	1.044411	0.5737212	0.539742	0.460258	1.485925
5886	-1175.228	-1300.173	124.9456	1.131416	0.6671289	0.57947	0.42053	2.054707
5892	-1171.55	-1297.496	125.9455	0.9394465	0.337051	0.425164	0.574836	1.885422
5898	-1181.396	-1306.737	125.3407	1.281441	0.6319077	0.473431	0.526569	1.716408
5904	-1173.477	-1299.871	126.3946	1.022896	0.2396489	0.542033	0.457967	1.677725
5910	-1162.927	-1289.416	126.4894	0.9994438	0.3557903	0.54462	0.45538	1.42286
5916	-1159.223	-1285.29	126.067	0.937547	0.3643491	0.517774	0.482226	1.763498
5922	-1162.237	-1287.92	125.6822	0.9143865	0.3672905	0.450651	0.549349	2.036424
5928	-1160.567	-1286.354	125.7876	0.8334637	0.4519428	0.342432	0.657568	1.912297
5934	-1166.086	-1292.41	126.3244	0.9092484	0.3729372	0.516345	0.483655	1.587693
5940	-1168.417	-1294.404	125.9868	1.106238	0.3225551	0.445535	0.554465	1.764022
5946	-1164.521	-1290.496	125.975	1.09783	0.5647521	0.452278	0.547722	1.458571
5952	-1177.707	-1303.942	126.2348	1.279394	0.5049883	0.364384	0.635616	1.178411
5958	-1169.305	-1295.621	126.3164	1.086548	0.3265477	0.562037	0.437963	1.535107
5964	-1159.414	-1285.369	125.9548	1.121532	0.5985031	0.515467	0.484533	1.417494
5970	-1172.211	-1298.614	126.4026	1.254784	0.4947694	0.427782	0.572218	1.064413
5976	-1164.673	-1290.788	126.1155	1.110137	0.4545923	0.427782	0.572218	1.479275
5982	-1163.328	-1289.466	126.1387	1.076921	0.3101896	0.4924	0.5076	1.69739
5988	-1173.948	-1299.555	125.6065	1.013579	0.4032544	0.4924	0.5076	1.973383
5994	-1176.413	-1302.619	126.2064	1.118854	0.4032671	0.588637	0.411363	1.475345
6000	-1177.068	-1302.988	125.9193	1.011407	0.4049722	0.479042	0.520958	1.758921
6006	-1183.863	-1310.108	126.2443	0.804564	0.3557728	0.479042	0.520958	1.744861
6012	-1184.627	-1310.769	126.1427	0.9062294	0.3557728	0.46352	0.53648	1.744861
6018	-1168.986	-1294.781	125.7951	0.8136207	0.386972	0.505193	0.494807	2.002088
6024	-1168.904	-1294.277	125.3731	0.8491172	0.4083538	0.544008	0.455992	2.228138
6030	-1163.28	-1289.048	125.7676	1.053813	0.4926217	0.544008	0.455992	1.72582
6036	-1165.653	-1291.98	126.3261	1.070161	0.3632167	0.335959	0.664041	1.48176
6042	-1173.117	-1298.846	125.7284	1.012911	0.5253278	0.553689	0.446311	1.744567
6048	-1165.719	-1291.486	125.7672	0.9507102	0.5401365	0.587641	0.412359	1.744567
6054	-1174.39	-1300.561	126.1718	0.9507102	0.3598771	0.510597	0.489403	1.686906
6060	-1181.759	-1308.305	126.5457	0.9233256	0.2918977	0.510597	0.489403	1.544866
6066	-1174.252	-1300.373	126.1211	0.8613713	0.3111123	0.510597	0.489403	1.858173
6072	-1166.742	-1292.234	125.4922	0.915702	0.3109549	0.510597	0.489403	2.238768
6078	-1164.121	-1290.525	126.4042	1.190245	0.2619381	0.555986	0.444014	1.506219
6084	-1168.238	-1293.863	125.6254	0.7595529	0.3234165	0.555986	0.444014	2.235536
6090	-1168.491	-1294.043	125.5519	0.7892286	0.5273346	0.555986	0.444014	2.015131
6096	-1173.081	-1298.599	125.5181	0.7637696	0.2648992	0.59558	0.40442	2.389523
6102	-1167.915	-1293.258	125.3433	0.8063435	0.3799044	0.529236	0.470764	2.310244
6108	-1174.726	-1300.134	125.4078	0.924977	0.4128727	0.54523	0.45477	2.150942
6114	-1176.034	-1301.538	125.5034	0.9531056	0.3362689	0.419499	0.580501	2.171029
6120	-1171.609	-1297.049	125.4403	0.7980335	0.2869621	0.419499	0.580501	2.382731
6126	-1173.591	-1298.924	125.3325	0.9630154	0.4002474	0.419499	0.580501	2.190787
6132	-1165.742	-1291.257	125.5147	0.8666957	0.4002474	0.394303	0.605697	2.134954
6138	-1170.041	-1295.801	125.7597	0.7978514	0.2560914	0.65061	0.34939	2.227886
6144	-1171.92	-1298.104	126.184	1.014135	0.4024365	0.480851	0.519149	1.571137
6150	-1170.696	-1296.933	126.2373	1.253989	0.4024365	0.480851	0.519149	1.348018
6156	-1170.353	-1296.637	126.2839	1.231683	0.3937445	0.480851	0.519149	1.342057
6162	-1167.979	-1294.422	126.4435	1.388497	0.3796756	0.487946	0.512054	1.09681
6168	-1169.245	-1295.464	126.2188	1.219516	0.3521928	0.487946	0.512054	1.467287
6174	-1174.952	-1301.174	126.2222	1.162152	0.3521928	0.416566	0.583434	1.507874
6180	-1175.294	-1301.811	126.5168	1.029406	0.3687239	0.534549	0.465451	1.357255
6186	-1176.737	-1303.254	126.5172	1.111921	0.3294887	0.590041	0.409959	1.357255
6192	-1168.613	-1294.312	125.6994	1.1534	0.6204111	0.432756	0.567244	1.562033
6198	-1178.206	-1304.345	126.139	1.113683	0.3277048	0.514472	0.485528	1.642905
6204	-1183.832	-1309.155	125.3229	0.951413	0.7358354	0.353433	0.646567	1.862193
6210	-1186.748	-1313.008	126.2594	0.9888028	0.43648	0.382908	0.617092	1.486783
6216	-1178.246	-1304.798	126.5529	0.9185192	0.330364	0.492949	0.507051	1.477594
6222	-1180.083	-1306.155	126.0722	1.41087	0.5102948	0.546018	0.453982	1.197779
6228	-1190.51	-1317.298	126.7885	1.287836	0.3381274	0.420599	0.579401	0.9412534
6234	-1168.167	-1294.158	125.9908	1.179903	0.6625176	0.548148	0.451852	1.270652
6240	-1184.056	-1310.558	126.5019	1.02174	0.2372154	0.531383	0.468617	1.606086
6246	-1182.864	-1308.668	125.8039	0.8009206	0.4425587	0.402364	0.597636	1.934598
6252	-1181.526	-1307.437	125.9112	1.016692	0.3394361	0.403288	0.596712	1.852651
6258	-1171.801	-1297.888	126.0868	1.12858	0.4287314	0.573719	0.426281	1.521948
6264	-1165.271	-1290.927	125.6558	1.154346	0.3301676	0.573719	0.426281	1.946212
6270	-1160.501	-1286.382	125.8807	0.9291308	0.4313036	0.578807	0.421193	1.80865
6276	-1164.708	-1290.844	126.1361	1.104037	0.4082409	0.568175	0.431825	1.532022
6282	-1168.022	-1294.371	126.349	1.307456	0.3653886	0.40226	0.59774	1.273814
6288	-1167.206	-1293.61	126.4039	1.290366	0.4695699	0.459996	0.540004	1.06994
6294	-1168.514	-1294.489	125.9742	0.9732514	0.4619044	0.487681	0.512319	1.673678
6300	-1168.195	-1293.243	125.048	0.9278918	0.4619044	0.463837	0.536163	2.323478
6306	-1169.021	-1295.219	126.1986	1.031684	0.3548804	0.463837	0.536163	1.617083
6312	-1165.537	-1291.34	125.8025	1.024524	0.703316	0.470553	0.529447	1.497656
6318	-1162.712	-1288.546	125.8341	1.20283	0.5543915	0.470553	0.529447	1.497656
6324	-1163.705	-1290.014	126.3083	1.20283	0.5105838	0.498853	0.501147	1.173164
6330	-1166.6	-1292.913	126.3129	1.404003	0.3985704	0.507698	0.492302	1.166708
6336	-1171.198	-1297.679	126.4806	1.428831	0.4528586	0.507698	0.492302	0.8782636
6342	-1175.956	-1302.171	126.2153	1.538461	0.578197	0.544778	0.455222	0.8201495
6348	-1175.52	-1302.128	126.6082	1.477012	0.3292811	0.524534	0.475466	0.9522071
6354	-1177.472	-1302.985	125.5128	1.369164	0.7626009	0.336671	0.663329	1.398703
6360	-1168.764	-1295.149	126.3844	1.096281	0.3096809	0.516281	0.483719	1.505446
6366	-1170.991	-1297.274	126.2821	1.198955	0.4035228	0.516281	0.483719	1.35443
6372	-1184.092	-1310.036	125.9438	1.173795	0.4016536	0.482908	0.517092	1.630842
6378	-1183.483	-1309.523	126.0403	1.245455	0.4231688	0.482908	0.517092	1.476817
6384	-1192.155	-1318.148	125.9925	1.248856	0.503316	0.423495	0.576505	1.403672
6390	-1188.772	-1314.585	125.8133	0.9565186	0.6226344	0.443001	0.556999	1.620244
6396	-1169.72	-1295.775	126.0558	1.05932	0.3328358	0.514307	0.485693	1.732717
6402	-1171.558	-1297.773	126.2149	0.9753904	0.440085	0.514307	0.485693	1.525204
6408	-1178.639	-1304.668	126.029	0.919573	0.4093205	0.535243	0.464757	1.740593
6414	-1168.204	-1294.432	126.2283	1.061605	0.5073085	0.502572	0.497428	1.360496
6420	-1172.907	-1299.484	126.5774	1.042012	0.297093	0.459225	0.540775	1.422205
6426	-1170.178	-1296.345	126.1666	0.9864931	0.5228841	0.459927	0.540073	1.447166
6432	-1172.217	-1298.258	126.0409	1.175179	0.6312115	0.379997	0.620003	1.268827
6438	-1177.889	-1304.123	126.2342	1.156976	0.3899948	0.632696	0.367304	1.444808
6444	-1177.04	-1303.527	126.4873	1.746515	0.3819581	0.615872	0.384128	0.529387
6450	-1195.627	-1321.867	126.2398	1.648743	0.5405273	0.445663	0.554337	0.7080402
6456	-1188.909	-1315.611	126.7017	1.433771	0.4012915	0.560607	0.439393	0.697721
6462	-1185.718	-1312.324	126.6067	1.320051	0.417298	0.506647	0.493353	0.9312732
6468	-1171.779	-1298.291	126.5125	1.320051	0.4874685	0.576183	0.423817	0.8978693
6474	-1173.846	-1299.875	126.0288	1.158101	0.4344304	0.500892	0.499108	1.535318
6480	-1175.726	-1301.32	125.5936	1.158101	0.5975003	0.476966	0.523034	1.659254
6486	-1173.048	-1298.788	125.7397	0.9357877	0.411529	0.420927	0.579073	1.925521
6492	-1185.661	-1311.766	126.1051	1.008483	0.411529	0.538014	0.461986	1.620096
6498	-1188.585	-1314.498	125.9131	0.9117795	0.4645888	0.558185	0.441815	1.756915
6504	-1184.409	-1310.381	125.9722	0.9506419	0.4105877	0.490921	0.509079	1.756915
6510	-1185.074	-1310.956	125.8824	1.108776	0.4213091	0.475216	0.524784	1.694639
6516	-1179.167	-1305.227	126.0605	0.8009409	0.4951068	0.543763	0.456237	1.694639
6522	-1171.654	-1297.13	125.4766	0.8077697	0.4951068	0.493474	0.506526	2.087354
6528	-1171.299	-1297.126	125.8268	0.9224958	0.4024797	0.555843	0.444157	1.887201
6534	-1173.901	-1299.857	125.9561	0.9640229	0.3693936	0.555843	0.444157	1.814936
6540	-1168.013	-1293.244	125.2309	0.7778105	0.3693936	0.555843	0.444157	2.413046
6546	-1179.046	-1304.303	125.2564	0.7778105	0.3845396	0.389864	0.610136	2.377755
6552	-1167.597	-1293.09	125.4932	0.7959333	0.4933296	0.464601	0.535399	2.086186
6558	-1172.769	-1298.731	125.9611	1.068393	0.4295819	0.550889	0.449111	1.656419
6564	-1168.065	-1294.324	126.2595	1.087049	0.3567455	0.474392	0.525608	1.528965
6570	-1164.764	-1290.961	126.1967	1.225882	0.4722648	0.516122	0.483878	1.301325
6576	-1172.553	-1298.454	125.9015	1.225882	0.665291	0.461449	0.538551	1.30306
6582	-1171.285	-1297.384	126.0992	1.188459	0.3406215	0.461449	0.538551	1.597314
6588	-1166.65	-1293.005	126.3543	1.413977	0.4536396	0.549347	0.450653	1.025768
6594	-1180.229	-1306.789	126.5609	1.239465	0.3829709	0.459599	0.540401	1.11967
6600	-1169.807	-1295.493	125.6855	1.077252	0.5677008	0.459599	0.540401	1.682966
6606	-1173.057	-1298.724	125.6667	1.02237	0.391981	0.576775	0.423225	1.941673
6612	-1171.644	-1297.501	125.8573	1.055871	0.3752093	0.372525	0.627475	1.811612
6618	-1174.114	-1300.238	126.1239	0.9360128	0.4697237	0.527828	0.472172	1.582714
6624	-1169.95	-1295.361	125.4106	0.7892434	0.4009016	0.49951	0.50049	2.251714
6630	-1180.325	-1305.309	124.9838	0.8743932	0.3985731	0.554838	0.445162	2.471325
6636	-1176.648	-1302.241	125.5928	0.9532067	0.4334763	0.478795	0.521205	1.985128
6642	-1189.72	-1315.485	125.7644	0.910327	0.3667406	0.428673	0.571327	1.985128
6648	-1177.531	-1302.783	125.2526	1.058461	0.430379	0.455063	0.544937	2.143874
6654	-1168.804	-1294.764	125.9605	1.189258	0.4404474	0.482528	0.517472	1.554708
6660	-1175.476	-1301.438	125.9622	1.001261	0.4926466	0.545929	0.454071	1.624521
6666	-1173.253	-1299.248	125.9945	0.9556318	0.5006946	0.53324	0.46676	1.624521
6672	-1171.185	-1296.861	125.6764	0.9025778	0.5006946	0.535135	0.464865	1.884246
6678	-1180.487	-1305.695	125.2081	1.139931	0.5906682	0.57809	0.42191	1.945753
6684	-1170.18	-1296.646	126.4663	1.031312	0.3806002	0.390608	0.609392	1.376765
6690	-1179.463	-1305.426	125.9636	1.247277	0.5297891	0.479396	0.520604	1.394088
6696	-1178.972	-1305.083	126.1114	1.061068	0.4008577	0.452174	0.547826	1.592154
6702	-1178.133	-1303.963	125.8301	0.9233254	0.4008577	0.452174	0.547826	1.886503
6708	-1183.659	-1309.453	125.7944	0.8981208	0.4568525	0.497124	0.502876	1.857795
6714	-1168.998	-1294.584	125.586	1.056449	0.6370543	0.540659	0.459341	1.696897
6720	-1169.246	-1295.405	126.1593	1.074054	0.3752027	0.618035	0.381965	1.584594
6726	-1167.455	-1293.505	126.05	1.196532	0.4774536	0.481092	0.518908	1.433183
6732	-1179.821	-1306.138	126.3164	1.277175	0.3020553	0.595862	0.404138	1.433183
6738	-1167.242	-1293.497	126.2545	1.053921	0.4011891	0.483132	0.516868	1.491059
6744	-1177.826	-1304.301	126.4749	1.337161	0.3328028	0.369152	0.630848	1.201033
6750	-1174.179	-1300.044	125.8648	1.303821	0.733797	0.553586	0.446414	1.194164
6756	-1177.364	-1303.679	126.3152	1.211249	0.4110797	0.424915	0.575085	1.306576
6762	-1180.456	-1306.852	126.3955	1.399943	0.3897167	0.559108	0.440892	1.112013
6768	-1177.398	-1303.978	126.5797	1.36767	0.3830955	0.678476	0.321524	0.9787898
6774	-1175.648	-1302.171	126.5235	1.351119	0.4034552	0.52752	0.47248	1.012046
6780	-1172.185	-1298.667	126.482	1.459114	0.4937626	0.423273	0.576727	0.7449953
6786	-1173.758	-1300.346	126.5873	1.336318	0.3926316	0.438765	0.561235	0.983856
6792	-1171.379	-1298.024	126.6451	1.308356	0.3201342	0.447382	0.552618	1.100638
6798	-1172.121	-1297.922	125.8005	1.149303	0.6092679	0.447382	0.552618	1.501864
6804	-1179.062	-1304.793	125.7312	1.38023	0.6092679	0.471405	0.528595	1.377995
6810	-1182.364	-1308.743	126.3791	1.156484	0.3706097	0.557091	0.442909	1.362678
6816	-1175.078	-1301.338	126.2597	1.187927	0.4407142	0.598978	0.401022	1.326012
6822	-1174.765	-1301.16	126.3954	1.035629	0.4020291	0.474175	0.525825	1.396044
6828	-1172.49	-1298.849	126.3592	1.066746	0.404645	0.474175	0.525825	1.396044
6834	-1181.639	-1308.32	126.6817	0.9597511	0.2431308	0.481273	0.518727	1.507623
6840	-1181.656	-1307.917	126.2612	1.203741	0.5118528	0.416247	0.583753	1.211156
6846	-1180.204	-1306.863	126.6582	1.277231	0.332104	0.390116	0.609884	1.09292
6852	-1176.871	-1302.938	126.0667	1.105441	0.5229312	0.378885	0.621115	1.432539
6858	-1175.559	-1301.889	126.3294	1.235786	0.4802025	0.423833	0.576167	1.17007
6864	-1168.706	-1294.971	126.2649	1.28578	0.3926837	0.461423	0.538577	1.315564
6870	-1157.835	-1283.719	125.8847	1.194045	0.417398	0.484843	0.515157	1.637282
6876	-1169.379	-1295.534	126.1551	1.255507	0.4076369	0.476325	0.523675	1.403529
6882	-1164.364	-1290.55	126.1862	1.207317	0.3518815	0.476325	0.523675	1.501562
6888	-1166.826	-1292.95	126.1232	1.188918	0.3920708	0.454657	0.545343	1.501562
6894	-1165.932	-1290.701	124.7698	1.093758	0.7713302	0.437278	0.562722	2.107584
6900	-1174.675	-1299.883	125.2084	0.9787733	0.6317765	0.459485	0.540515	2.013843
6906	-1167.046	-1292.643	125.5968	0.8468221	0.4181824	0.509494	0.490506	2.071831
6912	-1168.25	-1294.131	125.881	0.9598727	0.429793	0.543082	0.456918	1.789044
6918	-1163.02	-1289.132	126.1125	0.9331706	0.429793	0.443616	0.556384	1.644524
6924	-1165.989	-1292.024	126.0345	1.000542	0.4254273	0.437903	0.562097	1.657958
6930	-1179.636	-1306.042	126.4065	1.110868	0.368467	0.378683	0.621317	1.380386
6936	-1176.384	-1302.531	126.1475	0.9652149	0.3960773	0.565833	0.434167	1.642097
6942	-1169.693	-1295.534	125.841	1.040354	0.5280921	0.565833	0.434167	1.642097
6948	-1160.902	-1287.073	126.1711	1.029654	0.3524237	0.389374	0.610626	1.642097
6954	-1172.576	-1299.178	126.6022	1.131933	0.2097922	0.501235	0.498765	1.507625
6960	-1171.574	-1297.466	125.8921	0.937854	0.4729065	0.515085	0.484915	1.743266
6966	-1166.069	-1292.561	126.4914	1.104984	0.3773021	0.55168	0.44832	1.303233
6972	-1166.965	-1293.25	126.2851	1.066903	0.3773021	0.596417	0.403583	1.493527
6978	-1170.708	-1296.417	125.7083	1.213137	0.6377812	0.498756	0.501244	1.492857
6984	-1166.72	-1292.728	126.0079	1.131741	0.5147945	0.556501	0.443499	1.467313
6990	-1172.085	-1298.062	125.977	1.143492	0.6350858	0.574426	0.425574	1.341896
6996	-1170.855	-1297.474	126.6187	1.284938	0.2542217	0.574426	0.425574	1.280298
7002	-1169.069	-1294.769	125.7008	1.119551	0.4647139	0.486205	0.513795	1.759898
7008	-1163.901	-1290.139	126.2386	1.124022	0.481369	0.560436	0.439564	1.337122
7014	-1179.705	-1305.859	126.1546	1.302742	0.5045105	0.585034	0.414966	1.22777
7020	-1171.077	-1297.339	126.2616	1.390898	0.4247866	0.486971	0.513029	1.179582
7026	-1183.026	-1309.285	126.2591	1.462829	0.4226546	0.545851	0.454149	1.121685
7032	-1178.607	-1305.091	126.484	1.538131	0.4128873	0.422912	0.577088	0.8303294
7038	-1173.627	-1300.491	126.8643	1.36239	0.2797041	0.549004	0.450996	0.9233427
7044	-1168.115	-1294.503	126.3873	1.510968	0.4916957	0.374021	0.625979	0.8098421
7050	-1174.885	-1301.28	126.3949	1.666566	0.4678111	0.516125	0.483875	0.5915189
7056	-1178.197	-1304.62	126.4225	1.571077	0.4678111	0.527032	0.472968	0.7319844
7062	-1174.595	-1300.906	126.3115	1.521365	0.4669218	0.635541	0.364459	0.9361001
7068	-1165.447	-1291.843	126.3964	1.521365	0.4180834	0.436085	0.563915	0.9393071
7074	-1170.417	-1296.703	126.2858	1.535418	0.5598131	0.492308	0.507692	0.7663663
7080	-1183.289	-1309.774	126.4858	1.132326	0.3228727	0.369143	0.630857	1.377382
7086	-1177.089	-1303.466	126.3773	0.9847168	0.4383668	0.561381	0.438619	1.396996
7092	-1174.003	-1300.459	126.4556	1.680351	0.4160992	0.542927	0.457073	0.6411989
7098	-1174.397	-1300.898	126.5014	1.694326	0.3887076	0.635391	0.364609	0.6240671
7104	-1178.081	-1304.002	125.9214	1.947721	0.5956932	0.635375	0.364625	0.455496
7110	-1169.244	-1295.649	126.4059	1.883852	0.3537836	0.423896	0.576104	0.5408453
7116	-1161.303	-1287.774	126.4718	1.919472	0.308467	0.586906	0.413094	0.4799346
7122	-1164.248	-1290.506	126.2578	1.701228	0.5054624	0.462062	0.537938	0.6826578
7128	-1168.725	-1295.25	126.5244	1.701228	0.3865901	0.520213	0.479787	0.5196856
7134	-1171.917	-1298.067	126.1505	1.432625	0.5649495	0.52775	0.47225	1.028755
7140	-1175.837	-1302.47	126.6336	0.8701589	0.2996547	0.463259	0.536741	1.505451
7146	-1167.494	-1293.856	126.362	1.046734	0.2996547	0.485912	0.514088	1.575789
7152	-1175.338	-1301.581	126.2437	0.979776	0.4176135	0.537581	0.462419	1.531232
7158	-1179.374	-1305.02	125.6465	1.248878	0.741669	0.580869	0.419131	1.408392
7164	-1181.625	-1307.786	126.1612	1.881156	0.4857374	0.411488	0.588512	0.5422198
7170	-1170.346	-1296.936	126.5905	1.735471	0.3227551	0.336604	0.663396	0.6417243
7176	-1178.112	-1304.21	126.0988	1.76486	0.6013119	0.583528	0.416472	0.5281304
7182	-1171.597	-1297.74	126.1438	1.76486	0.5639491	0.578068	0.421932	0.5815545
7188	-1179.232	-1305.62	126.3874	1.76486	0.3854561	0.576611	0.423389	0.721538
7194	-1172.58	-1298.538	125.958	1.430489	0.8398658	0.391919	0.608081	0.8520683
7200	-1168.816	-1295.266	126.4501	1.276829	0.5265868	0.467517	0.532483	0.9433412
7206	-1170.408	-1296.92	126.5122	1.240889	0.4683872	0.470332	0.529668	1.015383
7212	-1174.217	-1300.011	125.7934	1.079854	0.7572781	0.470332	0.529668	1.41057
7218	-1173.004	-1299.039	126.0353	0.9162443	0.3916856	0.470332	0.529668	1.762276
7224	-1174	-1299.934	125.934	0.8944587	0.4063418	0.503998	0.496002	1.827947
7230	-1180.291	-1307.066	126.775	1.103163	0.2218248	0.53643	0.46357	1.37085
7236	-1172.236	-1298.77	126.5341	1.268363	0.3286227	0.508815	0.491185	1.216948
7242	-1167.56	-1294.084	126.5241	1.327343	0.3574499	0.439634	0.560366	1.120329
7248	-1169.966	-1296.404	126.4383	1.223315	0.4719737	0.549737	0.450263	1.096346
7254	-1169.047	-1295.411	126.3638	1.363972	0.4055733	0.45607	0.54393	1.14524
7260	-1164.964	-1291.141	126.1761	1.404591	0.5222028	0.45607	0.54393	1.094066
7266	-1166.406	-1293.218	126.812	0.94392	0.2929925	0.531463	0.468537	1.322364
7272	-1156.829	-1282.537	125.7079	1.103191	0.5212319	0.531463	0.468537	1.700003
7278	-1164.352	-1290.332	125.9799	1.044709	0.2974964	0.444606	0.555394	1.850793
7284	-1164.038	-1289.867	125.8282	0.8711201	0.3548772	0.506945	0.493055	1.985084
7290	-1164.08	-1290.414	126.3345	1.002781	0.4009793	0.521179	0.478821	1.469564
7296	-1166.534	-1292.823	126.2885	1.126076	0.5302267	0.445892	0.554108	1.22878
7302	-1160.987	-1287.434	126.4467	1.217537	0.3091285	0.445892	0.554108	1.36547
7308	-1162.548	-1288.722	126.1742	1.217537	0.3383998	0.495074	0.504926	1.524266
7314	-1159.905	-1286.117	126.2118	0.983387	0.3453393	0.467168	0.532832	1.656848
7320	-1169.495	-1295.291	125.7968	0.9310464	0.3453393	0.479803	0.520197	1.979459
7326	-1167.669	-1293.587	125.9177	1.050009	0.3486702	0.564168	0.435832	1.8117
7332	-1161.223	-1287.234	126.0108	0.93052	0.425883	0.490599	0.509401	1.723889
7338	-1156.08	-1282.243	126.1623	0.8025051	0.3767402	0.494048	0.505952	1.773625
7344	-1171.866	-1297.758	125.8919	0.6781999	0.3361183	0.550551	0.449449	2.09705
7350	-1159.534	-1285.028	125.4942	0.867036	0.3047873	0.533279	0.466721	2.277838
7356	-1162.491	-1288.387	125.8961	0.9834588	0.4065671	0.602603	0.397397	1.792357
7362	-1163.552	-1289.062	125.5094	1.082469	0.5973582	0.548075	0.451925	1.772184
7368	-1171.638	-1297.232	125.5934	1.094928	0.5773893	0.565853	0.434147	1.725276
7374	-1185.679	-1311.961	126.2824	0.7003101	0.4028499	0.679643	0.320357	1.725276
7380	-1166.814	-1293.026	126.2128	0.8441399	0.4028499	0.367275	0.632725	1.672694
7386	-1159.159	-1285.127	125.9679	1.018775	0.3881351	0.563449	0.436551	1.742553
7392	-1161.274	-1287.237	125.9635	1.103441	0.4831482	0.445751	0.554249	1.560796
7398	-1166.637	-1292.493	125.8557	0.9395931	0.427334	0.526379	0.473621	1.823733
7404	-1167.627	-1293.467	125.8407	0.9395931	0.3400354	0.396726	0.603274	1.951891
7410	-1165.463	-1290.761	125.2972	0.8273391	0.3168389	0.478335	0.521665	2.410802
7416	-1174.06	-1299.341	125.281	0.8436251	0.3168389	0.397585	0.602415	2.410802
7422	-1168.793	-1294.603	125.8098	1.048979	0.3344684	0.566959	0.433041	1.906992
7428	-1179.425	-1305.608	126.1829	1.103925	0.3344684	0.554136	0.445864	1.607606
7434	-1170.798	-1297.38	126.5819	1.282795	0.4232591	0.530008	0.469992	0.9845844
7440	-1175.631	-1301.721	126.0903	1.025574	0.3859921	0.581579	0.418421	1.653966
7446	-1167.224	-1293.393	126.169	1.123406	0.4002169	0.49404	0.50596	1.504485
7452	-1172.571	-1299.085	126.5147	0.9860948	0.3571974	0.510007	0.489993	1.411399
7458	-1169.141	-1294.914	125.7736	0.8905797	0.4696207	0.520583	0.479417	1.861944
7464	-1169.161	-1295.416	126.2552	1.047803	0.4231662	0.539164	0.460836	1.463755
7470	-1174.238	-1300.131	125.8935	0.9785201	0.3250926	0.354243	0.645757	1.911951
7476	-1169.04	-1295.106	126.0664	1.054683	0.4627887	0.554559	0.445441	1.546647
7482	-1175.068	-1301.076	126.0086	0.9707764	0.4657727	0.56973	0.43027	1.646071
7488	-1166.304	-1292.93	126.6264	1.481261	0.3865373	0.386776	0.613224	0.7848585
7494	-1171.999	-1298.714	126.7151	1.460402	0.3865373	0.386776	0.613224	0.6770143
7500	-1168.537	-1295.123	126.5858	1.317045	0.3865373	0.442414	0.557586	1.016592
7506	-1173.485	-1300.289	126.8041	1.316826	0.2929218	0.611922	0.388078	1.000435
7512	-1177.969	-1304.571	126.6025	1.264495	0.3405368	0.603811	0.396189	1.138363
7518	-1173.08	-1299.887	126.8072	1.293459	0.2425047	0.468137	0.531863	1.138363
7524	-1173.834	-1300.275	126.4411	1.197257	0.3806593	0.468137	0.531863	1.263335
7530	-1167.993	-1294.268	126.2751	1.095805	0.3806593	0.468137	0.531863	1.474219
7536	-1173.836	-1299.703	125.8663	1.066672	0.5406518	0.531358	0.468642	1.590367
7542	-1166.603	-1292.982	126.3789	0.8471048	0.3677167	0.388551	0.611449	1.600998
7548	-1163.689	-1289.862	126.1723	1.022601	0.3942268	0.528411	0.471589	1.585174
7554	-1166.788	-1292.646	125.8572	1.141658	0.4366236	0.470292	0.529708	1.669135
7560	-1166.497	-1292.602	126.1049	0.9357765	0.3734844	0.470292	0.529708	1.725136
7566	-1167.84	-1293.646	125.8056	0.7857373	0.4175199	0.543816	0.456184	1.974519
7572	-1164.4	-1290.173	125.7735	0.8965988	0.3768679	0.510807	0.489193	1.974519
7578	-1173.498	-1298.821	125.3228	1.027882	0.5602708	0.580079	0.419921	1.974519
7584	-1169.816	-1295.827	126.0109	0.9839874	0.4002605	0.578097	0.421903	1.720169
7590	-1169.503	-1295.329	125.826	0.9831433	0.4332984	0.457208	0.542792	1.806616
7596	-1177.788	-1304.17	126.3818	1.02225	0.4297246	0.457208	0.542792	1.37642
7602	-1179.671	-1305.407	125.7361	0.9283906	0.4297246	0.628513	0.371487	1.910029
7608	-1184.167	-1309.928	125.761	0.9962433	0.3097559	0.549944	0.450056	2.012127
7614	-1166.774	-1292.021	125.2469	0.9323808	0.5289109	0.54899	0.45101	2.120226
7620	-1166.692	-1292.465	125.7733	0.9157193	0.3544495	0.542244	0.457756	1.992547
7626	-1169.379	-1295.357	125.9774	1.046891	0.3935255	0.539147	0.460853	1.708643
7632	-1165.342	-1291.398	126.0558	1.19141	0.4824274	0.472661	0.527339	1.426125
7638	-1162.531	-1288.792	126.2606	1.302096	0.4388083	0.491536	0.508464	1.234347
7644	-1169.7	-1296.009	126.3089	1.324255	0.5296793	0.476205	0.523795	1.033277
7650	-1164.764	-1290.186	125.4222	1.09199	0.6781765	0.476205	0.523795	1.747868
7656	-1172.882	-1299.061	126.1794	0.98695	0.3569591	0.550475	0.449525	1.659991
7662	-1175.842	-1301.962	126.1198	1.010991	0.4771286	0.479892	0.520108	1.521067
7668	-1169.337	-1295.67	126.3332	1.037137	0.3605084	0.440916	0.559084	1.505453
7674	-1172.221	-1298.445	126.2246	1.027968	0.3711169	0.494478	0.505522	1.576543
7680	-1164.732	-1290.878	126.1458	1.16492	0.3711169	0.452065	0.547935	1.533705
7686	-1174.659	-1300.696	126.0369	0.9735371	0.5403345	0.51434	0.48566	1.533705
7692	-1167.084	-1292.743	125.6598	0.9792799	0.4702572	0.485221	0.514779	1.87831
7698	-1167.674	-1293.998	126.3244	0.9336874	0.3590976	0.521022	0.478978	1.590486
7704	-1170.364	-1296.667	126.303	0.9725699	0.3590976	0.641718	0.358282	1.577709
7710	-1166.261	-1292.702	126.4413	1.18888	0.2430343	0.549544	0.450456	1.516265
7716	-1165.719	-1291.301	125.5814	1.142128	0.4523375	0.549544	0.450456	1.841999
7722	-1165.571	-1291.531	125.9607	0.8249018	0.2320477	0.537332	0.462668	2.121209
7728	-1173.822	-1299.72	125.8978	0.8774928	0.480846	0.500578	0.499422	1.772019
7734	-1176.276	-1301.75	125.4738	1.105445	0.5597999	0.500578	0.499422	1.819821
7740	-1180.704	-1305.984	125.2796	0.7862456	0.4433767	0.422745	0.577255	2.287007
7746	-1163.038	-1288.978	125.9394	0.7196477	0.3239942	0.533176	0.466824	2.055999
7752	-1163.609	-1289.582	125.9731	1.022486	0.3345257	0.463054	0.536946	1.813361
7758	-1169.863	-1295.818	125.9554	1.022486	0.5466479	0.352848	0.647152	1.550505
7764	-1171.846	-1298.019	126.1733	0.9672704	0.4201909	0.402827	0.597173	1.588697
7770	-1174.456	-1300.25	125.7932	1.2118	0.5508415	0.591923	0.408077	1.525667
7776	-1167.641	-1293.915	126.2737	1.449037	0.5682579	0.485373	0.514627	0.8761249
7782	-1172.201	-1298.76	126.5593	1.55434	0.3865412	0.434856	0.565144	0.7764636
7788	-1175.813	-1302.302	126.4894	1.647128	0.3897318	0.517446	0.482554	0.7332638
7794	-1179.937	-1306.338	126.4013	1.509497	0.5535071	0.500886	0.499114	0.6222766
7800	-1174.115	-1300.559	126.4435	1.509497	0.4137265	0.522647	0.477353	0.9099179
7806	-1190.168	-1316.911	126.7424	1.483107	0.3689187	0.477054	0.522946	0.6468685
7812	-1177.869	-1303.605	125.7359	0.8238261	0.5683241	0.569086	0.430914	1.82431
7818	-1177.296	-1302.228	124.9315	0.7666473	0.5242532	0.581229	0.418771	2.433394
7824	-1167.766	-1293.988	126.2218	0.9138606	0.3900844	0.43143	0.56857	1.63396
7830	-1177.193	-1302.828	125.6348	0.9829378	0.5419528	0.484416	0.515584	1.812233
7836	-1179.345	-1305.211	125.8669	0.8718929	0.4676594	0.42851	0.57149	1.813002
7842	-1183.25	-1309.38	126.1298	0.8640447	0.3355665	0.615015	0.384985	1.813002
7848	-1176.135	-1301.799	125.664	0.9532424	0.3549204	0.49297	0.50703	2.039622
7854	-1181.344	-1307.54	126.1966	0.9213915	0.4174487	0.49297	0.50703	1.608851
7860	-1188.507	-1315.306	126.7989	1.494349	0.3164108	0.347086	0.652914	0.7287104
7866	-1175.983	-1302.387	126.404	1.516492	0.4682034	0.313372	0.686628	0.8326275
7872	-1179.034	-1305.802	126.768	1.496142	0.2849	0.337642	0.662358	0.8666145
7878	-1170.015	-1296.289	126.2745	1.496142	0.4252189	0.532147	0.467853	1.072577
7884	-1167.342	-1293.963	126.6206	1.277869	0.4252189	0.532147	0.467853	0.9457454
7890	-1170.262	-1296.494	126.2321	1.488873	0.5237175	0.532147	0.467853	0.9544612
7896	-1177.361	-1303.964	126.603	1.542862	0.3023863	0.564512	0.435488	0.9521428
7902	-1176.096	-1302.313	126.2176	1.265721	0.358702	0.433248	0.566752	1.422496
7908	-1179.327	-1305.695	126.3685	1.460404	0.2922053	0.433248	0.566752	1.26442
7914	-1178.441	-1305.156	126.7152	1.487909	0.3227509	0.412226	0.587774	0.8344317
7920	-1174.003	-1299.893	125.8897	1.626954	0.7805396	0.613333	0.386667	0.7757515
7926	-1169.89	-1296.238	126.3486	1.785604	0.4342504	0.403468	0.596532	0.5304897
7932	-1171.236	-1297.972	126.7363	1.63533	0.3112901	0.601591	0.398409	0.5883707
7938	-1167.384	-1293.838	126.4541	1.454302	0.3486325	0.501808	0.498192	1.085099
7944	-1174.038	-1300.145	126.1064	1.507111	0.6140418	0.381645	0.618355	0.9233254
7950	-1170.762	-1297.346	126.5842	1.497819	0.3539114	0.339153	0.660847	0.8982212
7956	-1175.914	-1301.889	125.9749	1.421869	0.7187924	0.41911	0.58089	1.001827
7962	-1175.16	-1301.783	126.6232	1.317606	0.3879255	0.505055	0.494945	0.9757144
7968	-1170.119	-1296.783	126.664	1.398812	0.3067773	0.505055	0.494945	1.025959
7974	-1179.897	-1305.805	125.9081	1.669857	0.7981583	0.513082	0.486918	0.6327308
7980	-1172.386	-1298.621	126.2358	1.520358	0.6403017	0.55284	0.44716	0.6822266
7986	-1173.116	-1299.698	126.5823	1.520358	0.4149787	0.553036	0.446964	0.7094494
7992	-1184.866	-1311.495	126.6297	1.693474	0.3369025	0.35141	0.64859	0.4485955
7998	-1178.074	-1304.421	126.3468	1.82715	0.411963	0.493577	0.506423	0.4597864
8004	-1190.801	-1317.393	126.5925	1.780247	0.3154866	0.434895	0.565105	0.4597864
8010	-1178.739	-1304.835	126.0964	1.926613	0.4862049	0.445374	0.554626	0.402347
8016	-1184.696	-1310.661	125.9649	1.926613	0.5709424	0.425757	0.574243	0.409846
8022	-1185.331	-1311.144	125.8133	2.041064	0.5709424	0.651623	0.348377	0.351137
8028	-1175.32	-1301.327	126.0072	1.850984	0.6047237	0.425226	0.574774	0.4691058
8034	-1188.385	-1314.701	126.3166	1.887885	0.3955202	0.582692	0.417308	0.454458
8040	-1196.226	-1322.755	126.529	1.597761	0.4344612	0.480245	0.519755	0.5697392
8046	-1186.665	-1313.441	126.7757	1.597761	0.2877313	0.50666	0.49334	0.7062557
8052	-1177.188	-1302.792	125.6036	0.8209742	0.3086779	0.498564	0.501436	2.231416
8058	-1191.724	-1317.963	126.2387	0.9880077	0.3263402	0.532451	0.467549	1.663669
8064	-1177.377	-1303.248	125.8715	0.9456803	0.5132138	0.452839	0.547161	1.704882
8070	-1166.712	-1292.85	126.1378	0.9768976	0.5051412	0.467037	0.532963	1.49805
8076	-1160.144	-1286.405	126.2605	1.150906	0.3267685	0.518817	0.481183	1.528482
8082	-1169.904	-1296.095	126.1913	1.083058	0.386408	0.435509	0.564491	1.538002
8088	-1178.226	-1303.688	125.4619	0.9967065	0.4955974	0.435509	0.564491	1.971228
8094	-1177.452	-1303.522	126.0701	0.8082109	0.3690397	0.421214	0.578786	1.844187
8100	-1178.51	-1304.616	126.1054	0.9940688	0.3301041	0.421214	0.578786	1.74785
8106	-1169.681	-1295.657	125.9763	1.011588	0.5407848	0.437957	0.562043	1.549893
8112	-1175.176	-1301.468	126.292	0.8750483	0.2883161	0.427933	0.572067	1.767442
8118	-1171.282	-1297.078	125.7958	1.051973	0.4610858	0.455192	0.544808	1.745133
8124	-1168.75	-1294.513	125.7635	0.90575	0.5038212	0.550943	0.449057	1.818849
8130	-1165.494	-1291.342	125.8477	1.04221	0.4918593	0.5812	0.4188	1.678253
8136	-1177.067	-1303.613	126.5462	0.8970681	0.276665	0.452729	0.547271	1.590773
8142	-1169.022	-1295.208	126.1861	1.024739	0.396206	0.452729	0.547271	1.570691
8148	-1161.025	-1287.028	126.0036	0.9822527	0.3491066	0.452729	0.547271	1.798529
8154	-1171.215	-1296.898	125.6833	1.051382	0.4765745	0.521136	0.478864	1.805245
8160	-1175.623	-1301.632	126.0086	1.051382	0.3660151	0.521136	0.478864	1.722249
8166	-1158.198	-1283.967	125.7699	0.9047749	0.4054309	0.639653	0.360347	1.933875
8172	-1161.299	-1287.135	125.8359	1.031339	0.3772772	0.546261	0.453739	1.840352
8178	-1169.803	-1296.186	126.3828	1.402385	0.4251465	0.475451	0.524549	1.058995
8184	-1169.217	-1295.512	126.2944	1.444847	0.5297089	0.372009	0.627991	0.9246858
8190	-1171.718	-1297.818	126.1003	1.317804	0.5236396	0.561884	0.438116	1.234692
8196	-1169.226	-1295.111	125.885	1.207983	0.8338583	0.542829	0.457171	1.155583
8202	-1174.378	-1300.252	125.8743	1.11259	0.3711982	0.555867	0.444133	1.76604
8208	-1169.728	-1296.08	126.3523	1.066274	0.3884254	0.622391	0.377609	1.426118
8214	-1170.314	-1296.44	126.1262	1.066274	0.4163889	0.622391	0.377609	1.555879
8220	-1167.257	-1293.421	126.164	1.195327	0.4163889	0.500891	0.499109	1.430404
8226	-1177.477	-1303.672	126.1951	1.177084	0.393795	0.466649	0.533351	1.453596
8232	-1183.917	-1310.406	126.4897	1.087286	0.4036226	0.459769	0.540231	1.276958
8238	-1181.338	-1306.99	125.6519	0.9989353	0.7902316	0.468865	0.531135	1.548448
8244	-1174.298	-1300.665	126.3667	1.072864	0.3448242	0.618951	0.381049	1.478121
8250	-1179.479	-1305.667	126.1874	0.9424315	0.2973095	0.346903	0.653097	1.778529
8256	-1180.553	-1306.858	126.3051	1.037409	0.4374407	0.520963	0.479037	1.413447
8262	-1176.407	-1302.195	125.7888	1.049802	0.4643717	0.506421	0.493579	1.747543
8268	-1178.789	-1304.552	125.763	0.6633074	0.4508008	0.506421	0.493579	2.043962
8274	-1174.251	-1299.262	125.0111	0.7465749	0.5844173	0.506421	0.493579	2.337164
8280	-1178.031	-1303.444	125.4137	0.7881209	0.4015545	0.615169	0.384831	2.249673
8286	-1183.402	-1309.316	125.9143	0.913804	0.5989618	0.407711	0.592289	1.602657
8292	-1178.652	-1305.059	126.4068	0.9261956	0.1800706	0.514021	0.485979	1.857636
8298	-1171.195	-1297.499	126.304	0.9976293	0.349631	0.378685	0.621315	1.573139
8304	-1175.635	-1301.625	125.9902	1.030975	0.5004428	0.446487	0.553513	1.573139
8310	-1183.859	-1309.369	125.5104	1.162226	0.5953663	0.496269	0.503731	1.717658
8316	-1170.965	-1296.732	125.767	1.173843	0.5953663	0.608573	0.391427	1.523603
8322	-1173.632	-1299.925	126.2933	1.186101	0.4774013	0.411052	0.588948	1.247299
8328	-1178.228	-1304.522	126.2931	1.17585	0.4774013	0.411052	0.588948	1.256054
8334	-1179.106	-1305.382	126.2755	1.17585	0.503495	0.435019	0.564981	1.234183
8340	-1177.299	-1303.104	125.8049	0.8498733	0.4019968	0.479886	0.520114	1.951747
8346	-1166.539	-1292.423	125.8849	0.9396631	0.3984814	0.488644	0.511356	1.841046
8352	-1174.706	-1300.571	125.8649	0.9637443	0.4556038	0.400946	0.599054	1.765261
8358	-1168.825	-1294.863	126.0375	0.8163186	0.4569084	0.415562	0.584438	1.746054
8364	-1173.017	-1299.22	126.2033	0.9390269	0.2412437	0.52207	0.47793	1.866439
8370	-1168.227	-1294.484	126.2567	1.126713	0.2653806	0.50672	0.49328	1.654292
8376	-1167.848	-1294.154	126.3063	1.078178	0.3576305	0.399618	0.600382	1.499339
8382	-1164.198	-1290.759	126.5608	1.202318	0.3268429	0.532857	0.467143	1.253334
8388	-1165.804	-1292.33	126.5263	1.349858	0.3206011	0.462119	0.537881	1.168856
8394	-1170.928	-1296.818	125.8907	1.295063	0.473137	0.342495	0.657505	1.485046
8400	-1169.963	-1296.459	126.4957	1.295063	0.3580406	0.468594	0.531406	1.173009
8406	-1172.555	-1299.41	126.8558	1.042322	0.2674916	0.424662	0.575338	1.256891
8412	-1176.289	-1302.773	126.4832	1.379316	0.4004233	0.461903	0.538097	1.029603
8418	-1177.425	-1304.38	126.955	1.274679	0.2468546	0.475023	0.524977	1.006626
8424	-1174.748	-1301.322	126.5742	1.338559	0.4100833	0.543171	0.456829	0.9604763
8430	-1185.27	-1311.345	126.0759	1.268901	0.602381	0.553974	0.446026	1.195107
8436	-1179.146	-1305.256	126.1101	1.072577	0.4252898	0.553974	0.446026	1.550865
8442	-1190.656	-1316.842	126.1859	1.058609	0.3835834	0.51595	0.48405	1.564092
8448	-1179.536	-1305.722	126.1859	1.058609	0.3835834	0.469567	0.530433	1.564092
8454	-1176.473	-1302.809	126.336	1.226671	0.4620949	0.469567	0.530433	1.199291
8460	-1191.093	-1316.826	125.7326	0.8179648	0.5129998	0.444818	0.555182	1.889886
8466	-1189.895	-1315.266	125.3713	0.9261496	0.4914547	0.555454	0.444546	2.082794
8472	-1171.751	-1297.794	126.0431	1.173972	0.5006517	0.457303	0.542697	1.42586
8478	-1171.826	-1298.065	126.2383	1.270084	0.4816353	0.535452	0.464548	1.216887
8484	-1175.14	-1301.009	125.8691	1.363818	0.834518	0.572792	0.427208	1.025565
8490	-1170.62	-1297.081	126.4602	1.26237	0.4235824	0.420235	0.579765	1.119563
8496	-1168.506	-1294.957	126.4507	1.344472	0.2634739	0.350946	0.649054	1.348716
8502	-1166.945	-1293.215	126.2697	1.284389	0.5819472	0.506489	0.493511	1.03212
8508	-1167.917	-1294.126	126.2088	1.284389	0.588583	0.597798	0.402202	1.080691
8514	-1176.708	-1302.776	126.0682	1.369098	0.6439987	0.506323	0.493677	1.058915
8520	-1174.318	-1300.552	126.2336	1.537544	0.6440898	0.493839	0.506161	0.6407687
8526	-1169.238	-1295.405	126.1668	1.631471	0.6212977	0.54309	0.45691	0.6511815
8532	-1189.412	-1314.96	125.548	1.270375	0.9670606	0.429153	0.570847	1.266694
8538	-1188.314	-1313.958	125.6436	1.224069	0.6492437	0.444239	0.555761	1.521252
8544	-1177.308	-1303.689	126.3801	1.442045	0.5566154	0.519763	0.480237	0.7721266
8550	-1173.211	-1299.702	126.4913	1.53768	0.4333019	0.550038	0.449962	0.7708112
8556	-1161.108	-1287.701	126.5929	1.548073	0.2744927	0.458201	0.541799	1.024625
8562	-1175.1	-1301.246	126.1458	1.441574	0.6329811	0.534769	0.465231	0.9226344
8568	-1168.674	-1295.27	126.5956	1.575186	0.3583609	0.50357	0.49643	0.7763027
8574	-1175.056	-1301.85	126.7949	1.58817	0.2847913	0.507478	0.492522	0.70192
8580	-1178.039	-1304.122	126.0835	1.653003	0.6552544	0.507478	0.492522	0.6804179
8586	-1178.414	-1304.859	126.4452	1.442858	0.4843551	0.548698	0.451302	0.8386139
8592	-1169.035	-1295.246	126.2113	1.588813	0.6182411	0.478957	0.521043	0.6566281
8598	-1168.117	-1294.593	126.4757	1.588813	0.4199702	0.374454	0.625546	0.7549619
8604	-1168.171	-1294.242	126.0715	1.588813	0.7005222	0.527749	0.472251	0.7088695
8610	-1177.093	-1303.514	126.4204	1.568424	0.4780816	0.457221	0.542779	0.7109862
8616	-1186.428	-1313.177	126.7492	1.690263	0.2824352	0.551931	0.448069	0.5878705
8622	-1177.031	-1303.121	126.09	1.780103	0.5793072	0.434527	0.565473	0.6264237
8628	-1184.57	-1310.516	125.9462	1.869941	0.6357802	0.537962	0.462038	0.4990499
8634	-1172.343	-1298.118	125.7747	1.8794	0.7598049	0.53365	0.46635	0.4990499
8640	-1165.716	-1292.091	126.3756	1.594538	0.4844818	0.461192	0.538808	0.7238626
8646	-1169.911	-1296.094	126.1826	1.605741	0.5798981	0.451038	0.548962	0.7700887
8652	-1174.765	-1300.718	125.9521	1.681532	0.7129806	0.502661	0.497339	0.7262977
8658	-1180.35	-1306.892	126.5426	1.561601	0.419474	0.441167	0.558833	0.6921126
8664	-1172.796	-1299.453	126.657	1.561601	0.3639824	0.541644	0.458356	0.6813401
8670	-1180.358	-1306.898	126.5404	0.9501276	0.4823939	0.563061	0.436939	1.230888
8676	-1172.342	-1298.996	126.6534	1.252259	0.3222255	0.515977	0.484023	1.139606
8682	-1163.349	-1289.798	126.4482	1.089721	0.4132059	0.478818	0.521182	1.293993
8688	-1166.364	-1292.358	125.9942	1.261972	0.5993077	0.407728	0.592272	1.273353
8694	-1155.01	-1281.437	126.4269	1.275307	0.4098874	0.568076	0.431924	1.160591
8700	-1166.545	-1293.061	126.5157	1.382034	0.3925795	0.547246	0.452754	1.00996
8706	-1164.852	-1291.229	126.377	1.231901	0.3570886	0.547246	0.452754	1.326356
8712	-1166.254	-1292.519	126.2651	0.9694046	0.3789171	0.547246	0.452754	1.578277
8718	-1172.219	-1298.139	125.9209	0.8834518	0.3789171	0.506935	0.493065	1.881125
8724	-1164.288	-1290.346	126.0575	0.9500343	0.3005135	0.365194	0.634806	1.857709
8730	-1157.475	-1282.828	125.3531	0.7925785	0.4805551	0.531026	0.468974	2.193835
8736	-1167.821	-1293.334	125.5134	0.8405416	0.4138663	0.460771	0.539229	2.135922
8742	-1173.194	-1298.699	125.5048	0.7769341	0.4534688	0.419883	0.580117	2.135922
8748	-1169.589	-1295.351	125.7623	0.5914294	0.3640654	0.487534	0.512466	2.199676
8754	-1167.798	-1292.557	124.7595	0.6667959	0.4921556	0.521303	0.478697	2.635415
8760	-1171.476	-1296.627	125.1507	0.8761707	0.520247	0.359375	0.640625	2.2282
8766	-1169.311	-1295.649	126.3385	1.001412	0.2790264	0.380186	0.619814	1.661214
8772	-1168.121	-1293.676	125.555	1.105759	0.5192041	0.552169	0.447831	1.807437
8778	-1165.304	-1291.236	125.9313	1.100644	0.4424909	0.513251	0.486749	1.637806
8784	-1163.813	-1289.651	125.8383	1.110465	0.374741	0.489973	0.510027	1.787586
8790	-1172.47	-1298.512	126.0423	1.198796	0.5166764	0.599723	0.400277	1.386902
8796	-1179.432	-1306.203	126.7715	1.176751	0.2655615	0.508189	0.491811	1.21893
8802	-1181.518	-1307.796	126.2773	1.234039	0.5779056	0.508189	0.491811	1.078471
8808	-1171.795	-1298.339	126.5438	1.088558	0.2803353	0.463243	0.536757	1.443
8814	-1179.896	-1305.846	125.9503	1.163546	0.4187922	0.410212	0.589788	1.610076
8820	-1171.541	-1297.951	126.4106	1.141093	0.3560603	0.443731	0.556269	1.373512
8826	-1182.454	-1309.056	126.6025	0.9792269	0.3012932	0.423854	0.576146	1.443553
8832	-1171.125	-1297.116	125.9907	1.081107	0.465401	0.507834	0.492166	1.579539
8838	-1172.601	-1298.396	125.7955	0.9681087	0.6307816	0.474917	0.525083	1.616452
8844	-1181.311	-1307.227	125.9155	0.7882419	0.2637254	0.474917	0.525083	2.120306
8850	-1169.312	-1295.426	126.1148	1.105407	0.2305579	0.474917	0.525083	1.832928
8856	-1171.325	-1297.828	126.5031	1.177091	0.2305579	0.494027	0.505973	1.504102
8862	-1171.325	-1297.796	126.4713	1.248345	0.3059831	0.494027	0.505973	1.327195
8868	-1174.301	-1300.361	126.0602	1.284991	0.4991381	0.512374	0.487626	1.327195
8874	-1184.347	-1310.716	126.3695	1.140128	0.4991381	0.461351	0.538649	1.190693
8880	-1168.633	-1295.171	126.5379	1.241974	0.2888727	0.446037	0.553963	1.310926
8886	-1165.236	-1291.181	125.9442	1.496489	0.6323967	0.446037	0.553963	1.070901
8892	-1175.795	-1301.84	126.0442	1.450595	0.491123	0.347988	0.652012	1.214824
8898	-1175.122	-1301.292	126.1696	1.285331	0.5599958	0.540365	0.459635	1.154109
8904	-1173.951	-1300.053	126.1013	1.261086	0.5148889	0.424268	0.575732	1.292399
8910	-1181.381	-1308.162	126.7815	1.293734	0.2012175	0.516745	0.483255	1.259942
8916	-1182.905	-1308.23	125.3249	1.289492	0.7898507	0.396209	0.603791	1.575584
8922	-1174.372	-1300.685	126.3135	1.136733	0.2605305	0.508828	0.491172	1.61503
8928	-1176.628	-1302.964	126.3358	1.366406	0.6054847	0.441211	0.558789	0.8347006
8934	-1173.77	-1299.754	125.9841	0.8958243	0.3923251	0.495757	0.504243	1.81116
8940	-1178.079	-1303.932	125.8523	0.9945721	0.5361705	0.644829	0.355171	1.657619
8946	-1173.43	-1299.756	126.3257	1.14795	0.3590866	0.495198	0.504802	1.429302
8952	-1172.184	-1298.285	126.1016	1.246594	0.5428274	0.375314	0.624686	1.26767
8958	-1187.997	-1313.942	125.9447	0.7621016	0.4456378	0.43111	0.56889	1.86161
8964	-1177.299	-1303.493	126.1945	0.9086645	0.330208	0.534149	0.465851	1.745081
8970	-1170.883	-1296.656	125.773	0.9919104	0.4088256	0.534149	0.465851	1.868315
8976	-1175.219	-1301.503	126.284	0.9634345	0.2605776	0.389287	0.610713	1.759077
8982	-1163.476	-1289.352	125.8761	0.9859851	0.4383225	0.406492	0.593508	1.7635
8988	-1160.615	-1286.479	125.8639	1.183871	0.4795858	0.474253	0.525747	1.579228
8994	-1166.287	-1292.49	126.203	1.383839	0.4753429	0.427181	0.572819	1.15834
9000	-1171.616	-1298.144	126.5284	1.385333	0.4770468	0.513495	0.486505	0.8218924
9006	-1177.892	-1304.183	126.2908	1.250701	0.4770468	0.404116	0.595884	1.195227
9012	-1183.741	-1310.035	126.2944	0.9710815	0.433653	0.387409	0.612591	1.477609
9018	-1182.433	-1307.952	125.5189	0.8159256	0.665222	0.642776	0.357224	1.883632
9024	-1184.551	-1310.562	126.011	0.8975846	0.3470727	0.394872	0.605128	1.854674
9030	-1175.113	-1300.744	125.6308	0.7452177	0.3470727	0.634993	0.365007	2.208198
9036	-1181.2	-1306.916	125.7161	0.8844796	0.3684433	0.514234	0.485766	2.032187
9042	-1175.288	-1300.84	125.5515	0.8576868	0.4707459	0.514234	0.485766	2.032187
9048	-1172.325	-1297.773	125.4487	0.9718627	0.4641839	0.421028	0.578972	2.032187
9054	-1168.5	-1295.013	126.5128	1.099447	0.3223284	0.421028	0.578972	1.382943
9060	-1177.735	-1303.738	126.003	0.9129734	0.3223284	0.421028	0.578972	1.886324
9066	-1176.057	-1301.554	125.4966	0.8858889	0.4350101	0.368694	0.631306	2.091603
9072	-1180.043	-1305.861	125.8178	0.9376735	0.5656525	0.378367	0.621633	1.690343
9078	-1182.887	-1309.179	126.2922	1.074938	0.4677401	0.510907	0.489093	1.352128
9084	-1182.025	-1308.027	126.0014	1.062765	0.4459255	0.510907	0.489093	1.610075
9090	-1183.788	-1310.248	126.4598	1.126307	0.5512356	0.588053	0.411947	1.04609
9096	-1180.352	-1306.555	126.2037	1.126307	0.3453879	0.385619	0.614381	1.558908
9102	-1175.848	-1302.313	126.4657	1.221903	0.4855455	0.48266	0.51734	1.050384
9108	-1180.388	-1306.791	126.4032	1.257244	0.268996	0.508282	0.491718	1.442882
9114	-1178.478	-1304.97	126.4926	1.421954	0.5217453	0.531398	0.468602	0.7144641
9120	-1169.545	-1296.132	126.5877	1.421954	0.4154399	0.524626	0.475374	0.8399661
9126	-1172.542	-1298.911	126.3687	1.357541	0.5642864	0.550487	0.449513	0.8790983
9132	-1170.587	-1297.137	126.55	1.228725	0.4571456	0.4339	0.5661	1.009363
9138	-1159.77	-1286.272	126.5023	1.325049	0.4571456	0.483505	0.516495	0.9599588
9144	-1156.505	-1282.679	126.1744	0.9888828	0.4571456	0.457377	0.542623	1.522659
9150	-1171.16	-1297.304	126.1443	0.8395086	0.3848387	0.511458	0.488542	1.749093
9156	-1183.088	-1309.071	125.9832	0.8395086	0.3830979	0.511458	0.488542	1.862935
9162	-1183.773	-1310.003	126.2303	0.7122226	0.3210326	0.477132	0.522868	1.870143
9168	-1179.738	-1305.365	125.6267	0.5993639	0.2844286	0.477132	0.522868	2.394396
9174	-1191.595	-1317.281	125.6859	0.7330795	0.5056474	0.490117	0.509883	1.986647
9180	-1176.063	-1302.851	126.7882	1.531349	0.2877764	0.469938	0.530062	0.7877502
9186	-1177.046	-1303.476	126.4299	1.336643	0.3920928	0.422348	0.577652	1.133939
9192	-1170.116	-1296.387	126.2712	1.175712	0.5914436	0.466251	0.533749	1.11924
9198	-1177.326	-1302.961	125.6347	0.9487099	0.3990744	0.455178	0.544822	2.003275
9204	-1165.505	-1291.755	126.2507	0.9957512	0.3022318	0.597155	0.402845	1.688487
9210	-1166.216	-1291.695	125.4796	1.029469	0.3551424	0.617081	0.382919	2.110594
9216	-1167.917	-1293.717	125.7992	0.9488829	0.3491049	0.477166	0.522834	1.960569
9222	-1174.232	-1300.475	126.2425	1.183122	0.3240979	0.492584	0.507416	1.522291
9228	-1175.363	-1301.414	126.0513	1.163925	0.363756	0.478958	0.521042	1.614703
9234	-1167.319	-1293.709	126.39	1.17095	0.3381646	0.495435	0.504565	1.395963
9240	-1165.821	-1292.173	126.3521	1.251544	0.3694708	0.495435	0.504565	1.310097
9246	-1160.157	-1286.066	125.9092	1.387648	0.5257992	0.54615	0.45385	1.331218
9252	-1172.427	-1298.645	126.2173	1.39342	0.5257992	0.398553	0.601447	1.060652
9258	-1171.933	-1298.153	126.2204	1.276714	0.4742843	0.493769	0.506231	1.23699
9264	-1175.079	-1300.254	125.1746	1.298644	0.7651903	0.393625	0.606375	1.698602
9270	-1177.599	-1302.892	125.2928	1.08425	0.5951337	0.525109	0.474891	1.921762
9276	-1163.065	-1289.377	126.3119	1.275381	0.3190389	0.576198	0.423802	1.408146
9282	-1171.1	-1297.039	125.9393	1.127329	0.6445952	0.573802	0.426198	1.37409
9288	-1180.445	-1305.876	125.4313	1.287226	0.6283131	0.39646	0.60354	1.651406
9294	-1173.862	-1300.28	126.4182	1.40211	0.4783494	0.610232	0.389768	0.9284367
9300	-1173.253	-1299.668	126.4146	1.562503	0.4718269	0.55307	0.44693	0.7467333
9306	-1167.992	-1294.446	126.454	1.364241	0.4251929	0.440009	0.559991	1.027168
9312	-1172.037	-1298.287	126.2496	1.282683	0.4548899	0.597595	0.402405	1.235795
9318	-1171.179	-1296.948	125.7697	1.009432	0.4404742	0.597595	0.402405	1.818308
9324	-1173.061	-1299.028	125.9664	0.9841819	0.3522848	0.459497	0.540503	1.818308
9330	-1169.972	-1295.948	125.9766	0.9851015	0.4049406	0.424385	0.575615	1.737216
9336	-1175.203	-1300.982	125.7784	1.077275	0.5476472	0.612852	0.387148	1.638441
9342	-1179.549	-1306.112	126.5633	1.333721	0.4992609	0.444738	0.555262	0.7948745
9348	-1175.617	-1302.015	126.3982	1.043302	0.4175244	0.611524	0.388476	1.364765
9354	-1176.099	-1302.482	126.3832	1.043302	0.4083233	0.691047	0.308953	1.390148
9360	-1181.907	-1308.707	126.7997	1.15639	0.311751	0.577155	0.422845	1.115426
9366	-1167.192	-1293.562	126.3705	1.110289	0.3678742	0.470898	0.529102	1.40987
9372	-1172.439	-1298.508	126.0692	1.097114	0.5729809	0.441429	0.558571	1.376788
9378	-1176.726	-1302.906	126.1797	1.133404	0.5841074	0.525724	0.474276	1.244662
9384	-1174.93	-1301.095	126.1652	1.211287	0.5841074	0.496095	0.503905	1.190858
9390	-1173.556	-1299.454	125.8976	0.9352722	0.2991372	0.496095	0.503905	1.977978
9396	-1179.505	-1305.429	125.9239	0.9338526	0.2873977	0.479875	0.520125	1.979934
9402	-1178.21	-1304.029	125.8192	1.083657	0.3858474	0.479875	0.520125	1.804068
9408	-1175.696	-1302.067	126.3712	1.154109	0.3440016	0.489596	0.510404	1.413899
9414	-1181.2	-1307.62	126.4194	1.154109	0.4980851	0.489596	0.510404	1.136242
9420	-1175.114	-1301.214	126.1002	1.154109	0.4980851	0.622013	0.377987	1.400321
9426	-1171.362	-1297.964	126.6016	1.255361	0.4123026	0.581419	0.418581	1.012808
9432	-1165.151	-1291.369	126.2185	1.187403	0.4851781	0.542917	0.457083	1.297036
9438	-1168.612	-1295.132	126.5206	1.315858	0.3698463	0.540807	0.459193	1.110816
9444	-1168.792	-1295.128	126.3364	1.120909	0.5054632	0.404301	0.595699	1.226444
9450	-1166.715	-1293.081	126.3663	1.203641	0.4136262	0.623182	0.376818	1.267053
9456	-1165.673	-1291.659	125.986	0.9350734	0.4337799	0.35073	0.64927	1.727913
9462	-1165.379	-1291.352	125.9734	1.082485	0.4699182	0.35073	0.64927	1.585451
9468	-1184.598	-1310.529	125.931	1.002083	0.5764127	0.629831	0.370169	1.550091
9474	-1183.187	-1309.421	126.2339	1.2395	0.5152812	0.475765	0.524235	1.199175
9480	-1181.115	-1307.426	126.3117	1.127205	0.4907045	0.570741	0.429259	1.262333
9486	-1176.035	-1302.039	126.0043	0.9931323	0.3158186	0.56896	0.43104	1.840581
9492	-1169.072	-1294.695	125.6232	1.038733	0.3114293	0.519873	0.480127	2.072671
9498	-1170.343	-1296.635	126.2916	1.007914	0.425592	0.558711	0.441289	1.463014
9504	-1170.569	-1296.402	125.8329	1.12779	0.5268873	0.392189	0.607811	1.585962
9510	-1163.679	-1289.668	125.9888	1.247493	0.5988905	0.479652	0.520348	1.290113
9516	-1175.03	-1300.821	125.7911	1.324959	0.5201188	0.440668	0.559332	1.478708
9522	-1168.683	-1295.145	126.4616	1.420073	0.3571048	0.473621	0.526379	1.093359
9528	-1162.262	-1288.948	126.6864	1.368967	0.2798367	0.473621	0.526379	1.093359
9534	-1174.287	-1301.136	126.8483	1.411958	0.312348	0.49423	0.50577	0.7905309
9540	-1177.697	-1304.298	126.601	1.271472	0.2369651	0.603239	0.396761	1.342298
9546	-1181.999	-1307.849	125.8498	1.271472	0.812794	0.473469	0.526531	1.152127
9552	-1174.742	-1301.236	126.4941	1.316935	0.4671419	0.473469	0.526531	0.9587638
9558	-1175.858	-1302.277	126.4186	1.301969	0.4920501	0.473469	0.526531	1.007749
9564	-1174.817	-1300.925	126.1077	1.49581	0.6523491	0.493566	0.506434	0.8742698
9570	-1172.057	-1298.783	126.7265	1.378223	0.3197525	0.493566	0.506434	0.9538447
9576	-1172.152	-1298.862	126.7099	1.098137	0.2167846	0.493566	0.506434	1.436389
9582	-1178.247	-1304.646	126.3997	1.484818	0.2167846	0.567839	0.432161	1.377073
9588	-1169.649	-1296.053	126.404	1.057146	0.3952031	0.399458	0.600542	1.382784
9594	-1168.044	-1294.38	126.3361	1.078278	0.2596097	0.466431	0.533569	1.642539
9600	-1168.269	-1294.499	126.2309	1.223795	0.5856551	0.397578	0.602422	1.119921
9606	-1166.682	-1293.237	126.5549	0.902477	0.3081491	0.447332	0.552668	1.525434
9612	-1166.577	-1293.025	126.448	1.107972	0.3081491	0.458288	0.541712	1.45119
9618	-1167.472	-1293.746	126.2737	1.082981	0.317599	0.404835	0.595165	1.583866
9624	-1177.893	-1304.092	126.1993	1.260488	0.4852084	0.516292	0.483708	1.252596
9630	-1170.724	-1296.64	125.9162	1.081104	0.3434879	0.598174	0.401826	1.798855
9636	-1166.803	-1293.218	126.4149	1.403197	0.4949179	0.552616	0.447384	0.9000371
9642	-1174.132	-1301.051	126.9193	1.2254	0.2536172	0.707368	0.292632	1.071501
9648	-1182.202	-1308.518	126.3155	1.492737	0.3929504	0.337012	0.662988	1.094562
9654	-1173.697	-1300.282	126.5854	1.415473	0.3688787	0.566177	0.433823	0.9529116
9660	-1166.515	-1292.813	126.2982	1.361309	0.5115424	0.46936	0.53064	1.036022
9666	-1171.05	-1297.506	126.4553	1.392002	0.4488071	0.46936	0.53064	0.9546128
9672	-1173.155	-1299.63	126.4755	1.459651	0.384062	0.415723	0.584277	0.9892412
9678	-1169.236	-1295.825	126.5885	1.354772	0.3639762	0.457669	0.542331	1.021465
9684	-1168.732	-1295.039	126.3069	1.553499	0.5327758	0.540187	0.459813	0.7704279
9690	-1187.117	-1313.351	126.2343	1.29593	0.5667142	0.620595	0.379405	1.076577
9696	-1181.882	-1308.072	126.1895	1.190458	0.4473545	0.673932	0.326068	1.370292
9702	-1180.381	-1306.993	126.6123	1.154193	0.4881696	0.40594	0.59406	0.9678115
9708	-1167.398	-1293.694	126.2963	1.225328	0.4734609	0.488642	0.511358	1.217469
9714	-1165.981	-1292.669	126.6884	1.107611	0.3690964	0.491878	0.508122	1.148446
9720	-1173.654	-1300.07	126.4157	1.352029	0.3392868	0.461803	0.538197	1.226795
9726	-1171.521	-1297.7	126.179	1.365462	0.4222205	0.431081	0.568919	1.27485
9732	-1165.936	-1292.562	126.6258	1.129642	0.325191	0.529273	0.470727	1.262725
9738	-1163.548	-1289.446	125.8979	0.8539168	0.3004131	0.309303	0.690697	2.030029
9744	-1167.72	-1293.331	125.6102	0.8516127	0.442701	0.51935	0.48065	2.030029
9750	-1160.898	-1286.427	125.529	0.8893022	0.464773	0.349634	0.650366	2.032991
9756	-1154.278	-1280.597	126.3189	0.9091941	0.3369262	0.43695	0.56305	1.646127
9762	-1173.012	-1298.583	125.5706	0.8341308	0.2948974	0.402334	0.597666	2.264714
9768	-1171.051	-1296.951	125.9002	0.8568203	0.3289616	0.583582	0.416418	1.983579
9774	-1153.93	-1280.205	126.2751	1.105397	0.3289616	0.515979	0.484021	1.54785
9780	-1169.718	-1295.72	126.0022	0.9065332	0.4557293	0.641689	0.358311	1.70886
9786	-1169.721	-1295.457	125.736	0.9149499	0.4171023	0.399685	0.600315	1.934977
9792	-1172.976	-1299.107	126.1311	1.105167	0.4567419	0.510158	0.489842	1.468384
9798	-1173.701	-1299.24	125.5387	0.9862023	0.5228602	0.437711	0.562289	1.896485
9804	-1183.868	-1310.193	126.325	1.076079	0.3201275	0.514262	0.485738	1.547075
9810	-1184.434	-1310.141	125.7073	1.032064	0.5840962	0.446021	0.553979	1.682093
9816	-1186.012	-1311.214	125.2019	1.210395	1.094859	0.510696	0.489304	1.487598
9822	-1165.108	-1291.602	126.4941	1.179339	0.2888973	0.468982	0.531018	1.395293
9828	-1180.923	-1306.64	125.7174	0.9881668	0.3468834	0.543776	0.456224	1.992177
9834	-1179.528	-1306.231	126.7032	1.085706	0.3460916	0.483021	0.516979	1.196309
9840	-1181.665	-1306.607	124.942	0.9607877	0.6432156	0.561259	0.438741	2.190012
9846	-1183.758	-1309.388	125.6306	0.8944197	0.5331293	0.275788	0.724212	1.885287
9852	-1170.951	-1296.405	125.4545	1.061031	0.5617659	0.56599	0.43401	1.861481
9858	-1180.494	-1307.071	126.577	1.061031	0.3597731	0.460577	0.539423	1.29839
9864	-1169.814	-1296.322	126.5088	1.188892	0.5011431	0.48848	0.51152	1.015391
9870	-1178.654	-1305.338	126.6837	1.208384	0.1850795	0.48848	0.51152	1.444445
9876	-1168.535	-1294.849	126.3144	1.106439	0.3752761	0.563954	0.436046	1.444445
9882	-1169.358	-1295.368	126.0102	1.141008	0.3825748	0.553121	0.446879	1.633433
9888	-1168.752	-1294.844	126.0917	0.8916931	0.4259816	0.536266	0.463734	1.694022
9894	-1173.776	-1298.791	125.0151	0.8332947	0.4731491	0.45659	0.54341	2.392045
9900	-1168.257	-1293.391	125.134	0.7892335	0.430945	0.45659	0.54341	2.392045
9906	-1168.52	-1294.267	125.7464	1.015483	0.283721	0.557664	0.442336	2.049599
9912	-1160.964	-1287.411	126.4471	0.9741469	0.3009616	0.474134	0.525866	1.564365
9918	-1157.593	-1283.677	126.0844	1.097632	0.415813	0.480846	0.519154	1.564365
9924	-1169.131	-1295.144	126.0136	1.12874	0.4687475	0.593504	0.406496	1.523194
9930	-1170.2	-1296.563	126.3622	1.147853	0.3124756	0.484089	0.515911	1.478562
9936	-1163.769	-1289.709	125.9404	1.207095	0.5497786	0.379965	0.620035	1.418995
9942	-1171.047	-1297.625	126.5782	1.209146	0.429443	0.51408	0.48592	1.049425
9948	-1167.423	-1293.556	126.1328	1.212291	0.4360435	0.474938	0.525062	1.413439
9954	-1165.731	-1291.166	125.4351	1.121874	0.4238568	0.536167	0.463833	1.989609
9960	-1176.136	-1300.939	124.8029	1.181143	0.8154755	0.511695	0.488305	1.993229
9966	-1166.69	-1292.452	125.7619	0.9112209	0.4397346	0.598687	0.401313	1.891821
9972	-1168.911	-1294.239	125.3287	1.076622	0.4397346	0.376868	0.623132	2.070951
9978	-1169.417	-1295.859	126.4419	1.056973	0.4347872	0.499155	0.500845	1.293222
9984	-1176.821	-1302.658	125.8371	0.8473786	0.5446725	0.489966	0.510034	1.762952
9990	-1167.577	-1293.477	125.8997	0.9302386	0.5446725	0.578386	0.421614	1.66024
9996	-1171.75	-1297.243	125.4929	0.8091177	0.417417	0.45444	0.54556	2.165434
10002	-1169.859	-1295.905	126.046	1.164113	0.4212862	0.442915	0.557085	1.536106
10008	-1172.503	-1298.837	126.3343	1.164113	0.3518243	0.442915	0.557085	1.421866
10014	-1185.232	-1311.623	126.3906	1.499614	0.4564267	0.576269	0.423731	0.8930796
10020	-1185.954	-1311.836	125.8817	1.184112	0.6671137	0.594921	0.405079	1.350505
10026	-1185.286	-1310.64	125.3536	1.112413	1.027031	0.470785	0.529215	1.496007
10032	-1183.643	-1309.944	126.3007	1.173176	0.5013143	0.470785	0.529215	1.218255
10038	-1172.128	-1298.275	126.1477	1.243759	0.5541662	0.37495	0.62505	1.216681
10044	-1183.886	-1310.117	126.2319	1.042084	0.5133476	0.430464	0.569536	1.365283
10050	-1180.16	-1306.58	126.4201	1.077124	0.3011078	0.433303	0.566697	1.507789
10056	-1167.648	-1293.989	126.3409	0.9960743	0.3506338	0.51946	0.48054	1.545538
10062	-1171.581	-1297.725	126.1433	1.00789	0.4466036	0.498872	0.501128	1.545538
10068	-1170.16	-1296.531	126.371	1.208989	0.4244615	0.498872	0.501128	1.24189
10074	-1169.086	-1295.584	126.498	1.440156	0.3757441	0.607177	0.392823	1.002869
10080	-1175.798	-1302.02	126.222	1.292603	0.5789224	0.400527	0.599473	1.073983
10086	-1177.674	-1303.915	126.2416	1.292603	0.5202994	0.428994	0.571006	1.138962
10092	-1176.907	-1302.797	125.8902	1.142863	0.327498	0.546323	0.453677	1.798078
10098	-1174.588	-1301.192	126.6035	1.211109	0.240294	0.546323	0.453677	1.380944
10104	-1163.381	-1289.554	126.1735	1.210193	0.4229302	0.546517	0.453483	1.402183
10110	-1169.912	-1296.246	126.3339	1.081237	0.3817321	0.418851	0.581149	1.438967
10116	-1171.449	-1297.953	126.5038	1.241126	0.4154056	0.345268	0.654732	1.113167
10122	-1172.058	-1297.998	125.9395	0.9332739	0.4283536	0.469103	0.530897	1.768745
10128	-1178.59	-1303.89	125.3001	0.8661611	0.2748283	0.54347	0.45653	2.446797
10134	-1178.955	-1304.429	125.4741	0.8661611	0.4364775	0.335766	0.664234	2.117572
10140	-1177.245	-1303.365	126.1207	0.9882353	0.5217647	0.53507	0.46493	1.482105
10146	-1169.536	-1295.49	125.9549	1.246844	0.4242517	0.437429	0.562571	1.538232
10152	-1173.599	-1300.052	126.4527	0.9611611	0.2885047	0.462144	0.537856	1.591256
10158	-1167.664	-1293.414	125.7491	1.20971	0.5122212	0.432805	0.567195	1.604513
10164	-1159.801	-1285.85	126.0491	1.250677	0.5122212	0.578067	0.421933	1.346332
10170	-1170.91	-1296.239	125.3293	1.261192	0.5677441	0.459337	0.540663	1.803696
10176	-1180.551	-1305.985	125.4345	0.9620342	0.4578563	0.534123	0.465877	2.055451
10182	-1166.567	-1291.838	125.2709	0.8836809	0.5406568	0.498416	0.501584	2.124285
10188	-1172.176	-1298.631	126.4548	1.176135	0.483808	0.540686	0.459314	1.105956
10194	-1169.945	-1296.073	126.1286	1.261586	0.359237	0.411655	0.588345	1.492525
10200	-1170.142	-1295.764	125.6226	1.021286	0.4668091	0.416309	0.583691	1.879066
10206	-1176.233	-1301.81	125.5769	0.9526608	0.4221204	0.44518	0.55482	2.010066
10212	-1171.049	-1296.942	125.8926	1.103873	0.5568878	0.540353	0.459647	1.525085
10218	-1165.714	-1291.665	125.9512	1.148206	0.5220807	0.513907	0.486093	1.48884
10224	-1171.736	-1297.444	125.708	1.053315	0.6333635	0.424386	0.575614	1.615489
10230	-1175.208	-1301.553	126.3453	1.086736	0.4676274	0.519058	0.480942	1.300134
10236	-1175.554	-1301.686	126.1318	1.19192	0.5331281	0.49433	0.50567	1.300134
10242	-1178.498	-1305.461	126.963	1.041245	0.2537086	0.511427	0.488573	1.197015
10248	-1178.972	-1305.225	126.2529	1.16978	0.5489119	0.446053	0.553947	1.197015
10254	-1183.866	-1310.202	126.3359	0.9057177	0.2873418	0.500929	0.499071	1.716781
10260	-1172.017	-1298.572	126.5542	1.035831	0.3699223	0.500929	0.499071	1.320392
10266	-1176.049	-1302.646	126.5969	1.337908	0.4600702	0.554261	0.445739	0.8324028
10272	-1178.362	-1305.107	126.7448	1.365425	0.3717124	0.4233	0.5767	0.8207407
10278	-1171.974	-1298.352	126.3781	1.315313	0.498503	0.566257	0.433743	1.02383
10284	-1167.234	-1293.514	126.28	1.182181	0.478129	0.479521	0.520479	1.260589
10290	-1174.475	-1300.424	125.9488	1.129297	0.4611453	0.501334	0.498666	1.580336
10296	-1176.651	-1302.936	126.2845	1.110922	0.4378236	0.548425	0.451575	1.371615
10302	-1170.14	-1296.291	126.1511	1.217382	0.4631289	0.402553	0.597447	1.357359
10308	-1177.63	-1303.781	126.1503	1.278341	0.6320232	0.575142	0.424858	1.08265
10314	-1178.197	-1304.578	126.3806	1.278341	0.5145073	0.575142	0.424858	1.031895
10320	-1169.508	-1295.115	125.6069	0.9920903	0.6586734	0.477209	0.522791	1.706657
10326	-1173.316	-1298.678	125.3615	0.88296	0.2940619	0.47824	0.52176	2.368176
10332	-1179.558	-1305.269	125.7108	0.8139668	0.3811075	0.606641	0.393359	2.065483
10338	-1171.435	-1297.184	125.7486	0.7761159	0.3811075	0.525963	0.474037	2.065483
10344	-1171.287	-1296.822	125.535	0.7053168	0.3811075	0.466663	0.533337	2.250632
10350	-1180.127	-1305.588	125.4611	0.8794619	0.3329359	0.453188	0.546812	2.250632
10356	-1178.468	-1304.252	125.7842	0.8638663	0.4700277	0.530834	0.469166	1.872442
10362	-1179.821	-1305.007	125.1853	0.7504539	0.5648646	0.530834	0.469166	2.242005
10368	-1174.422	-1300.014	125.5925	0.9752462	0.3498265	0.485179	0.514821	2.079365
10374	-1167.393	-1292.7	125.3064	1.020789	0.4342313	0.507973	0.492027	2.128749
10380	-1174.421	-1300.748	126.3273	1.103153	0.3730091	0.45432	0.54568	1.440593
10386	-1166.65	-1293.332	126.6816	1.171064	0.2943694	0.548945	0.451055	1.240319
10392	-1168.186	-1294.968	126.782	1.144376	0.3278512	0.463322	0.536678	1.109785
10398	-1165.256	-1291.595	126.3393	1.143733	0.4965976	0.545433	0.454567	1.217042
10404	-1169.382	-1295.849	126.4677	1.097949	0.3849706	0.506528	0.493472	1.315714
10410	-1167.235	-1293.244	126.0081	1.085056	0.5110222	0.48709	0.51291	1.506951
10416	-1172.344	-1298.701	126.3574	1.029437	0.3953526	0.398085	0.601915	1.440118
10422	-1167.796	-1293.916	126.1192	1.057802	0.396811	0.398085	0.601915	1.59454
10428	-1169.108	-1295.32	126.2121	0.985905	0.3860913	0.516355	0.483645	1.59454
10434	-1167.437	-1293.408	125.9711	1.095045	0.4912012	0.463387	0.536613	1.551353
10440	-1172.421	-1298.642	126.2215	1.199207	0.5049939	0.507826	0.492174	1.257712
10446	-1164.054	-1290.108	126.0541	1.075506	0.4815436	0.497213	0.502787	1.516321
10452	-1157.46	-1283.387	125.9269	0.9491177	0.4815436	0.497213	0.502787	1.700439
10458	-1156.929	-1283.042	126.113	1.283176	0.536977	0.442084	0.557916	1.235343
10464	-1164.889	-1291.465	126.5765	1.283176	0.3967092	0.46467	0.53533	1.039258
10470	-1162.751	-1288.928	126.1769	1.111381	0.3729979	0.512812	0.487188	1.547482
10476	-1166.982	-1293.426	126.4438	1.369176	0.3283689	0.328159	0.671841	1.208513
10482	-1174.217	-1300.422	126.2055	1.491452	0.6122797	0.527331	0.472669	0.8290118
10488	-1175.912	-1301.679	125.7672	1.486269	0.9831059	0.502178	0.497822	0.8290118
10494	-1180.072	-1306.301	126.2293	1.577572	0.6058013	0.502178	0.497822	0.6785695
10500	-1169.882	-1296.181	126.2988	1.484491	0.5295518	0.490203	0.509797	0.8754063
10506	-1171.202	-1296.943	125.7406	1.545593	0.9785028	0.54681	0.45319	0.7923771
10512	-1176.514	-1302.916	126.4012	1.637449	0.4592508	0.509	0.491	0.6803188
10518	-1179.409	-1305.542	126.1329	1.937301	0.4714005	0.537286	0.462714	0.5033442
10524	-1166.416	-1292.754	126.3379	1.61964	0.4755702	0.469865	0.530135	0.7661795
10530	-1165.474	-1292.04	126.5653	1.767729	0.2884898	0.442016	0.557984	0.766447
10536	-1166.629	-1292.636	126.0064	1.767729	0.6118385	0.426299	0.573701	0.7207569
10542	-1164.71	-1291.327	126.6169	1.294193	0.334322	0.3164	0.6836	1.110754
10548	-1176.191	-1302.558	126.3661	1.210122	0.2885321	0.689899	0.310101	1.470661
10554	-1170.523	-1296.956	126.4329	1.286432	0.4612976	0.468591	0.531409	1.059826
10560	-1181.023	-1307.159	126.1358	1.587061	0.5747189	0.532452	0.467548	0.8645995
10566	-1181.078	-1307.548	126.4698	1.346021	0.3531939	0.524792	0.475208	1.159948
10572	-1176.892	-1303.628	126.7368	1.369496	0.3077977	0.593368	0.406632	0.9802598
10578	-1170.445	-1296.814	126.3692	1.502502	0.3948642	0.593368	0.406632	1.031087
10584	-1172.016	-1298.331	126.3154	1.502502	0.2990516	0.39358	0.60642	1.260155
10590	-1176.289	-1302.353	126.0639	1.506914	0.6145686	0.462325	0.537675	0.9678646
10596	-1170.285	-1296.157	125.8719	1.511869	0.7227533	0.614073	0.385927	1.009677
10602	-1168.935	-1295.455	126.5197	1.500622	0.3702638	0.614073	0.385927	0.9291967
10608	-1168.145	-1293.996	125.8512	1.347221	0.6826342	0.507208	0.492792	1.225102
10614	-1164.962	-1291.399	126.4366	1.04594	0.3807564	0.543445	0.456555	1.388328
10620	-1171.641	-1297.586	125.9442	0.8945128	0.2719561	0.421245	0.578755	2.017686
10626	-1169.836	-1295.624	125.7872	0.9133107	0.3530966	0.451067	0.548933	1.986763
10632	-1173.093	-1298.58	125.4868	0.9882012	0.6303695	0.421836	0.578164	1.820441
10638	-1178.499	-1304.459	125.9602	1.231202	0.5132738	0.407938	0.592062	1.4297
10644	-1182.928	-1309.222	126.2934	1.344683	0.5016975	0.456753	0.543247	1.071779
10650	-1174.046	-1300.397	126.3508	1.344683	0.5092346	0.456753	0.543247	1.004434
10656	-1177.354	-1303.92	126.5669	1.344683	0.2558327	0.463788	0.536212	1.270313
10662	-1170.774	-1297.074	126.3	1.301152	0.294472	0.485938	0.514062	1.44097
10668	-1167.716	-1293.976	126.2602	1.346639	0.3672921	0.568818	0.431182	1.311097
10674	-1176.997	-1303.152	126.1554	1.321666	0.3349425	0.530841	0.469159	1.465785
10680	-1171.447	-1297.059	125.6123	0.894666	0.4719668	0.505156	0.494844	1.965588
10686	-1182.056	-1308.128	126.0722	0.7825829	0.3894028	0.625978	0.374022	1.832364
10692	-1176.66	-1302.622	125.962	0.7840507	0.3054533	0.340089	0.659911	2.026087
10698	-1177.418	-1303.324	125.9068	0.9457011	0.442108	0.340089	0.659911	1.765397
10704	-1168.454	-1294.869	126.4148	1.076244	0.3862595	0.575863	0.424137	1.373045
10710	-1163.838	-1290.357	126.5184	1.056206	0.3100979	0.552949	0.447051	1.433542
10716	-1174.711	-1301.101	126.3901	1.140889	0.3325077	0.501689	0.498311	1.428645
10722	-1172.243	-1298.621	126.3787	0.9973096	0.336234	0.505411	0.494589	1.539412
10728	-1169.512	-1295.638	126.1257	0.9074738	0.3149289	0.503308	0.496692	1.817412
10734	-1174.037	-1299.861	125.8237	0.7676861	0.4140968	0.503308	0.496692	1.978774
10740	-1176.381	-1301.979	125.5978	0.9337012	0.3583913	0.439696	0.560304	2.091416
10746	-1172.687	-1298.854	126.1676	0.8427862	0.3398224	0.551469	0.448531	1.79524
10752	-1177.936	-1304.345	126.4091	1.140186	0.3659613	0.58508	0.41492	1.359271
10758	-1176.296	-1302.828	126.5317	1.231177	0.3989388	0.364323	0.635677	1.12531
10764	-1194.385	-1320.832	126.447	1.518342	0.4517223	0.442647	0.557353	0.8121331
10770	-1186.187	-1312.818	126.6315	1.250282	0.3914329	0.515888	0.484112	1.027765
10776	-1183.359	-1309.297	125.9389	1.15794	0.575386	0.391422	0.608578	1.427995
10782	-1180.682	-1307.002	126.3208	0.9976663	0.4957138	0.529334	0.470666	1.353011
10788	-1182.28	-1308.549	126.2695	1.119196	0.4932729	0.594949	0.405051	1.299987
10794	-1186.016	-1312.5	126.4836	1.119196	0.4538129	0.532152	0.467848	1.177206
10800	-1183.073	-1309.202	126.1288	1.462189	0.619447	0.644496	0.355504	0.9393527
10806	-1180.674	-1306.716	126.0416	1.560348	0.7003394	0.422279	0.577721	0.7962964
10812	-1190.439	-1315.859	125.4198	1.41301	1.008576	0.460061	0.539939	1.219607
10818	-1179.651	-1306.162	126.5114	1.377194	0.4725588	0.484604	0.515396	0.8623004
10824	-1185.819	-1312.503	126.6844	1.307714	0.3039354	0.484604	0.515396	1.098908
10830	-1165.585	-1291.925	126.3408	1.275542	0.4679708	0.503443	0.496557	1.143518
10836	-1179.953	-1305.986	126.0327	1.197963	0.6507643	0.397552	0.602448	1.234115
10842	-1180.081	-1306.221	126.1405	1.198419	0.5752054	0.411769	0.588231	1.234115
10848	-1179.463	-1305.432	125.9683	0.9244152	0.4817519	0.411769	0.588231	1.688331
10854	-1170.381	-1296.524	126.1433	0.9872283	0.4717583	0.531303	0.468697	1.528089
10860	-1164.549	-1290.871	126.3215	1.037673	0.3539487	0.531303	0.468697	1.52392
10866	-1166.943	-1293.344	126.4013	1.048566	0.3962822	0.591587	0.408413	1.389981
10872	-1172.277	-1298.461	126.1848	0.9240774	0.3854073	0.560406	0.439594	1.659824
10878	-1173.059	-1299.263	126.2041	1.113639	0.3854073	0.546102	0.453898	1.507178
10884	-1168.278	-1294.097	125.8192	0.9981189	0.5765383	0.441351	0.558649	1.634381
10890	-1169.464	-1296.045	126.5807	1.287944	0.2850465	0.546944	0.453056	1.245592
10896	-1180.967	-1307.036	126.0682	1.188241	0.2946201	0.533518	0.466482	1.694002
10902	-1170.866	-1296.898	126.0311	1.232614	0.5611059	0.358033	0.641967	1.313588
10908	-1161.989	-1287.917	125.9278	1.295017	0.5611059	0.444685	0.555315	1.346376
10914	-1160.638	-1287.204	126.566	1.357455	0.3283602	0.340229	0.659771	1.111374
10920	-1165.724	-1292.128	126.4036	1.418509	0.5095861	0.417543	0.582457	0.8676635
10926	-1171.042	-1297.548	126.506	1.431143	0.4773768	0.532688	0.467312	0.7903572
10932	-1171.251	-1297.31	126.0588	1.569385	0.5301661	0.532688	0.467312	1.037399
10938	-1172.239	-1298.873	126.6331	1.32453	0.3719124	0.442342	0.557658	0.9911169
10944	-1162.8	-1288.941	126.1404	1.3143	0.5247394	0.403492	0.596508	1.202144
10950	-1166.79	-1293.281	126.4913	1.148805	0.3575836	0.39064	0.60936	1.300348
10956	-1169.599	-1296.125	126.5258	1.289196	0.2665811	0.374055	0.625945	1.326585
10962	-1170.711	-1296.786	126.0756	1.313402	0.4561631	0.374055	0.625945	1.3508
10968	-1166.883	-1293.369	126.4852	1.148064	0.3138663	0.374055	0.625945	1.381412
10974	-1169.029	-1295.662	126.6326	1.181299	0.3200327	0.463281	0.536719	1.223406
10980	-1167.568	-1293.437	125.8684	1.340889	0.7355583	0.538863	0.461137	1.156888
10986	-1167.654	-1294.216	126.5622	1.398383	0.3951339	0.538863	0.461137	0.9402822
10992	-1170.238	-1296.38	126.1421	1.442746	0.623185	0.538863	0.461137	0.9402822
10998	-1172.921	-1299.072	126.1511	1.136025	0.5230268	0.523324	0.476676	1.342549
11004	-1164.811	-1291.139	126.3281	1.37476	0.4614725	0.486456	0.513544	1.075057
11010	-1172.227	-1298.991	126.7633	1.26965	0.3290107	0.482648	0.517352	1.006255
11016	-1165.039	-1291.755	126.7156	1.454561	0.3290107	0.529051	0.470949	0.8578755
11022	-1173.526	-1299.673	126.147	1.382361	0.6861462	0.466919	0.533081	0.9069636
11028	-1164.825	-1291.302	126.477	1.25999	0.3807571	0.453546	0.546454	1.179595
11034	-1167.367	-1293.351	125.9831	1.414509	0.6330454	0.600507	0.399493	1.109877
11040	-1170.342	-1296.596	126.2538	1.467076	0.5306065	0.492332	0.507668	0.942923
11046	-1177.635	-1303.012	125.3771	0.9440326	0.6658878	0.536525	0.463475	1.892313
11052	-1179.471	-1304.895	125.4238	0.6503982	0.3678232	0.476094	0.523906	2.37366
11058	-1174.205	-1299.837	125.6319	0.8145312	0.4580106	0.620706	0.379294	2.022171
11064	-1175.599	-1301.351	125.7519	0.6894152	0.3937951	0.390163	0.609837	2.103943
11070	-1166.751	-1292.018	125.2676	1.015754	0.3937951	0.575368	0.424632	2.206782
11076	-1164.24	-1290.704	126.4638	1.110281	0.3930508	0.545424	0.454576	1.295983
11082	-1180.001	-1305.974	125.973	1.194933	0.6420017	0.380326	0.619674	1.295983
11088	-1183.851	-1309.488	125.6371	1.265659	0.8505468	0.460026	0.539974	1.300206
11094	-1176.029	-1302.584	126.5557	1.254479	0.3338669	0.564931	0.435069	1.200594
11100	-1177.882	-1304.787	126.905	1.207542	0.3050607	0.452615	0.547385	0.980325
11106	-1170.044	-1296.673	126.6283	1.490193	0.3427646	0.455648	0.544352	0.8835645
11112	-1167.96	-1293.919	125.9593	1.450022	0.6857961	0.423644	0.576356	1.031592
11118	-1170.508	-1297.364	126.8562	1.212941	0.2962375	0.504017	0.495983	1.043527
11124	-1182.505	-1308.821	126.3155	1.170141	0.5066098	0.475155	0.524845	1.200733
11130	-1175.015	-1300.477	125.4615	0.838196	0.402174	0.547245	0.452755	2.185685
11136	-1162.016	-1287.768	125.7525	0.9772626	0.5190035	0.584114	0.415886	1.759752
11142	-1170.578	-1296.18	125.6013	0.8553519	0.3873459	0.427206	0.572794	2.102124
11148	-1167.797	-1293.468	125.671	0.8435235	0.3560284	0.433518	0.566482	2.105805
11154	-1167.582	-1293.595	126.0128	0.8522192	0.440516	0.5477	0.4523	1.7587
11160	-1167.038	-1293.237	126.1983	0.79124	0.3750868	0.309959	0.690041	1.7587
11166	-1171.289	-1298.179	126.8903	1.014372	0.2113695	0.472924	0.527076	1.373471
11172	-1175.095	-1301.182	126.0872	1.134327	0.5009058	0.422748	0.577252	1.42212
11178	-1180.658	-1307.223	126.565	1.199927	0.4238475	0.436351	0.563649	1.080257
11184	-1177.702	-1304.237	126.5343	1.130013	0.3601972	0.455729	0.544271	1.276153
11190	-1172.778	-1299.596	126.8183	1.360315	0.351816	0.438595	0.561405	0.7844081
11196	-1186.158	-1312.333	126.175	1.407574	0.6322309	0.475795	0.524205	0.9289609
11202	-1166.88	-1293.476	126.5968	1.44744	0.3951825	0.495892	0.504108	0.8450239
11208	-1167.461	-1293.925	126.4645	1.516763	0.401349	0.674886	0.325114	0.9046704
11214	-1171.966	-1298.521	126.5555	1.470358	0.3869229	0.498477	0.501523	0.8858829
11220	-1168.717	-1295.151	126.4342	1.261922	0.4538728	0.532925	0.467075	1.093727
11226	-1163.402	-1289.736	126.3337	1.288968	0.4966895	0.532925	0.467075	1.093727
11232	-1178.393	-1304.334	125.9407	1.778838	0.7075366	0.540434	0.459566	0.513083
11238	-1174.471	-1300.931	126.4596	1.630342	0.4583289	0.610038	0.389962	0.5396551
11244	-1170.965	-1297.197	126.2315	1.691003	0.5421723	0.545387	0.454613	0.6365138
11250	-1179.958	-1306.232	126.2744	1.074391	0.3722884	0.446972	0.553028	1.503568
11256	-1172.092	-1298.596	126.5033	1.183019	0.3637462	0.545958	0.454042	1.251935
11262	-1168.741	-1294.708	125.9669	1.14601	0.5351078	0.599756	0.400244	1.462968
11268	-1183.743	-1309.612	125.8691	0.8566839	0.4635129	0.396075	0.603925	1.826962
11274	-1183.668	-1309.554	125.8859	1.031499	0.4661428	0.455435	0.544565	1.689865
11280	-1180.678	-1306.8	126.1216	1.413562	0.5543091	0.521454	0.478546	1.089565
11286	-1172.439	-1298.326	125.8874	1.353901	0.6394844	0.525596	0.474404	1.238291
11292	-1163.932	-1290.329	126.3966	1.353901	0.3254182	0.501504	0.498496	1.26638
11298	-1153.822	-1280.124	126.3015	1.16966	0.3464697	0.477808	0.522192	1.451477
11304	-1172.814	-1299.484	126.6696	1.338247	0.2759437	0.477808	0.522192	1.144861
11310	-1178.795	-1305.445	126.6507	0.9060812	0.3398327	0.651028	0.348972	1.396439
11316	-1170.435	-1296.96	126.5256	1.091086	0.3147604	0.57105	0.42895	1.392728
11322	-1169.315	-1295.425	126.1103	1.473685	0.4519242	0.405015	0.594985	1.196373
11328	-1166.735	-1293.229	126.4941	1.473685	0.4826399	0.378615	0.621385	0.7326777
11334	-1157.936	-1284.473	126.5364	1.323796	0.4304186	0.581478	0.418522	0.9756925
11340	-1162.244	-1288.351	126.1075	1.33303	0.6534199	0.481217	0.518783	1.043479
11346	-1165.455	-1292.072	126.6163	1.33303	0.3529784	0.419936	0.580064	1.037773
11352	-1170.996	-1297.661	126.6641	1.33303	0.3879782	0.470445	0.529555	0.9158796
11358	-1173.273	-1300.094	126.8211	1.312973	0.2619347	0.552826	0.447174	1.061426
11364	-1176.393	-1302.621	126.2279	1.287523	0.3408707	0.49884	0.50116	1.426679
11370	-1174.659	-1300.583	125.9241	1.284113	0.753801	0.539644	0.460356	1.137699
11376	-1170.339	-1296.561	126.222	1.274774	0.4949279	0.449716	0.550284	1.207725
11382	-1173.021	-1299.605	126.5833	1.253994	0.3808851	0.375833	0.624167	1.089735
11388	-1172.398	-1298.615	126.2174	1.351271	0.461489	0.528269	0.471731	1.19506
11394	-1181.104	-1307.829	126.7254	1.424187	0.3489129	0.596884	0.403116	0.8305333
11400	-1171.769	-1298.009	126.2399	1.424187	0.4167714	0.452354	0.547646	1.182467
11406	-1174.044	-1299.697	125.6528	1.158354	0.4945505	0.598994	0.401006	1.730764
11412	-1168.988	-1295.381	126.3936	0.9608248	0.444808	0.562495	0.437505	1.393899
11418	-1169.727	-1295.568	125.8417	1.107619	0.5296539	0.562495	0.437505	1.591047
11424	-1162.932	-1288.764	125.8326	1.165208	0.5343862	0.496749	0.503251	1.54998
11430	-1167.081	-1293.114	126.034	1.160483	0.406537	0.408787	0.591213	1.568113
11436	-1168.387	-1294.627	126.2396	1.090325	0.3395534	0.469035	0.530965	1.568113
11442	-1174.188	-1300.355	126.1677	1.092382	0.4463584	0.333114	0.666886	1.464312
11448	-1182.132	-1308.334	126.2022	1.071906	0.4463584	0.502213	0.497787	1.453662
11454	-1174.899	-1301.411	126.5123	1.116872	0.4928159	0.502213	0.497787	1.093731
11460	-1172.389	-1298.668	126.2782	1.250464	0.4928159	0.502213	0.497787	1.183363
11466	-1170.376	-1296.804	126.4281	1.280689	0.3676075	0.458711	0.541289	1.226473
11472	-1171.053	-1297.03	125.9772	1.112145	0.569661	0.555223	0.444777	1.440306
11478	-1164.234	-1290.72	126.4855	1.126564	0.3727448	0.452279	0.547721	1.297921
11484	-1159.318	-1284.782	125.4649	1.01846	0.4189842	0.502186	0.497814	2.044609
11490	-1159.756	-1284.978	125.2223	0.710863	0.3249529	0.417002	0.582998	2.519544
11496	-1170.213	-1295.629	125.4167	0.7063564	0.322422	0.482369	0.517631	2.403898
11502	-1168.162	-1293.533	125.3708	0.8888476	0.4149186	0.502476	0.497524	2.195945
11508	-1166.998	-1293.052	126.0535	0.8257123	0.3519081	0.510512	0.489488	1.867796
11514	-1177.391	-1303.088	125.6975	0.810726	0.1942532	0.535157	0.464843	2.369777
11520	-1174.099	-1299.986	125.8876	1.131314	0.3601396	0.418044	0.581956	1.759472
11526	-1165.521	-1291.973	126.4521	1.224706	0.384657	0.517418	0.482582	1.224525
11532	-1166.76	-1293.005	126.2447	1.166767	0.43147	0.452187	0.547813	1.368124
11538	-1179.287	-1304.93	125.6431	1.066326	0.3706126	0.619172	0.380828	1.956623
11544	-1180.43	-1307.14	126.7097	1.124891	0.3079402	0.472181	0.527819	1.229002
11550	-1172.132	-1298.165	126.0325	1.010695	0.3079402	0.502514	0.497486	1.821439
11556	-1178.511	-1304.105	125.5944	0.8266564	0.5017164	0.467963	0.532037	1.98957
11562	-1179.133	-1304.412	125.2796	0.7925158	0.6777718	0.543718	0.456282	2.048499
11568	-1174.142	-1299.656	125.5142	0.8306097	0.4941986	0.422255	0.577745	2.048499
11574	-1169.369	-1295.489	126.1203	1.029023	0.449724	0.497975	0.502025	1.542791
11580	-1173.261	-1299.762	126.5006	1.280088	0.3549753	0.551089	0.448911	1.187292
11586	-1173.787	-1300.285	126.4982	1.257929	0.3549753	0.59469	0.40531	1.20838
11592	-1172.554	-1298.712	126.1578	1.378426	0.5525185	0.568648	0.431352	1.091152
11598	-1170.507	-1297.06	126.5533	1.182789	0.3654497	0.444234	0.555766	1.207042
11604	-1171.842	-1298.13	126.2881	1.214976	0.4694512	0.56368	0.43632	1.238949
11610	-1171.471	-1297.905	126.4341	1.306715	0.3431145	0.456035	0.543965	1.242502
11616	-1175.186	-1301.241	126.0544	1.271816	0.6899092	0.411209	0.588791	1.104639
11622	-1164.365	-1290.651	126.2859	1.271816	0.6004112	0.549036	0.450964	1.001902
11628	-1165.251	-1291.475	126.2239	1.266592	0.515141	0.497032	0.502968	1.184609
11634	-1170.738	-1296.438	125.6998	1.319228	0.6749838	0.524557	0.475443	1.379081
11640	-1176.443	-1302.862	126.4194	1.105224	0.5401492	0.341269	0.658731	1.119272
11646	-1178.553	-1305.163	126.6101	1.138746	0.3415395	0.538475	0.461525	1.23857
11652	-1174.355	-1300.588	126.2331	1.240041	0.3600923	0.373515	0.626485	1.428111
11658	-1163.286	-1289.507	126.2209	0.9996967	0.3953974	0.51432	0.48568	1.564687
11664	-1168.248	-1293.751	125.5032	0.8025039	0.270193	0.51432	0.48568	2.366023
11670	-1188.863	-1314.881	126.0185	1.143375	0.5676169	0.604756	0.395244	1.386609
11676	-1181.609	-1307.462	125.8534	1.175916	0.5839018	0.47796	0.52204	1.469834
11682	-1180.059	-1306.24	126.1818	0.8846855	0.2501116	0.462485	0.537515	1.902131
11688	-1176.269	-1302.509	126.2394	0.9539663	0.3191944	0.513217	0.486783	1.698748
11694	-1179.502	-1305.671	126.1695	1.02099	0.3096274	0.564198	0.435802	1.71607
11700	-1173.857	-1300.381	126.5241	1.038922	0.4324157	0.593684	0.406316	1.243821
11706	-1178.742	-1305.172	126.4299	1.027838	0.3035817	0.464652	0.535348	1.532975
11712	-1184.097	-1310.013	125.9159	1.249523	0.6402162	0.634353	0.365647	1.300044
11718	-1192.997	-1319.418	126.4212	1.114554	0.3300837	0.592352	0.407648	1.429067
11724	-1183.177	-1309.911	126.7335	1.155823	0.2580227	0.61766	0.38234	1.283976
11730	-1184.308	-1310.714	126.4053	1.092423	0.2550528	0.524791	0.475209	1.590678
11736	-1184.962	-1311.194	126.232	1.090896	0.4677071	0.629295	0.370705	1.387011
11742	-1182.059	-1307.875	125.8163	1.097424	0.5694994	0.517063	0.482937	1.571978
11748	-1175.706	-1302.064	126.3581	1.108303	0.3323077	0.481358	0.518642	1.478185
11754	-1184.784	-1311.134	126.3492	1.142858	0.2450715	0.455929	0.544071	1.613802
11760	-1206.566	-1332.54	125.9736	0.8399724	0.6837561	0.533525	0.466475	1.526861
11766	-1190.582	-1315.991	125.4083	0.7874453	0.366249	0.579594	0.420406	2.298399
11772	-1177.531	-1303.146	125.6154	0.8953827	0.2323183	0.462432	0.537568	2.298399
11778	-1185.099	-1311.269	126.1703	0.9879688	0.3298352	0.462432	0.537568	1.706901
11784	-1184.171	-1309.708	125.5372	0.9053735	0.349294	0.618958	0.381042	2.16198
11790	-1174.347	-1299.573	125.2252	0.9033768	0.3089789	0.51004	0.48996	2.419551
11796	-1177.976	-1304.023	126.0476	1.047031	0.3309591	0.51004	0.48996	1.749913
11802	-1173.103	-1298.296	125.1929	0.7333417	0.4216399	0.320626	0.679374	2.400999
11808	-1176.876	-1302.606	125.7298	0.7956078	0.3237812	0.419924	0.580076	2.143971
11814	-1166.871	-1292.472	125.6008	0.6182987	0.4824887	0.416667	0.583333	2.143971
11820	-1173.447	-1298.319	124.8722	0.6563898	0.4770243	0.580899	0.419101	2.58797
11826	-1165.434	-1291.32	125.8861	0.808206	0.264898	0.524476	0.475524	2.124562
11832	-1165.662	-1291.959	126.2973	1.109507	0.2746988	0.524476	0.475524	1.620736
11838	-1168.871	-1294.755	125.884	1.035942	0.4786973	0.462165	0.537835	1.672673
11844	-1171.956	-1298.455	126.4993	0.8723749	0.3562838	0.629048	0.370952	1.51099
11850	-1169.545	-1295.856	126.3117	0.8176252	0.2802482	0.559671	0.440329	1.807123
11856	-1171.475	-1297.054	125.5794	0.8156564	0.3419146	0.535137	0.464863	2.203026
11862	-1165.382	-1291.222	125.8394	0.7969723	0.405784	0.393478	0.606522	1.959224
11868	-1169.3	-1295.337	126.0368	0.8033475	0.2617971	0.443785	0.556215	2.033682
11874	-1166.57	-1292.906	126.3359	1.107816	0.4023842	0.550132	0.449868	1.385557
11880	-1171.745	-1297.566	125.8207	0.9585137	0.4023842	0.471241	0.528759	1.866946
11886	-1169.661	-1295.821	126.1601	0.8959032	0.3120139	0.517366	0.482634	1.806171
11892	-1178.628	-1304.961	126.3327	1.40473	0.38542	0.451311	0.548689	1.171183
11898	-1173.398	-1299.959	126.561	1.260502	0.3233117	0.560048	0.439952	1.210782
11904	-1175.92	-1302.132	126.212	1.250202	0.5137666	0.550386	0.449614	1.210782
11910	-1172.334	-1298.398	126.0634	1.295959	0.5513877	0.550386	0.449614	1.247325
11916	-1176.964	-1302.321	125.3575	0.9360634	0.3689742	0.550386	0.449614	2.232059
11922	-1164.931	-1290.735	125.8044	1.1039	0.30738	0.512228	0.487772	1.914413
11928	-1163.257	-1289.827	126.57	1.303374	0.4198644	0.524108	0.475892	0.9821719
11934	-1159.111	-1285.035	125.9241	0.8988966	0.4176597	0.468916	0.531084	1.816996
11940	-1160.85	-1286.886	126.0359	1.009611	0.3947395	0.468916	0.531084	1.691929
11946	-1164.055	-1289.685	125.6301	1.153326	0.4043301	0.568314	0.431686	1.861508
11952	-1170.444	-1295.6	125.1561	0.6915326	0.4043301	0.646578	0.353422	2.47098
11958	-1164.274	-1289.591	125.3171	0.8577354	0.5358521	0.488576	0.511424	2.11598
11964	-1163.23	-1289.61	126.3795	1.084365	0.3456748	0.454337	0.545663	1.458284
11970	-1172.482	-1298.753	126.271	1.07945	0.3507556	0.502998	0.497002	1.535388
11976	-1171.85	-1298.011	126.1608	0.914062	0.2950088	0.465318	0.534682	1.820323
11982	-1172.64	-1298.936	126.2965	0.914062	0.4670023	0.434855	0.565145	1.474261
11988	-1175.18	-1301.148	125.9684	0.9769223	0.3284269	0.448909	0.551091	1.857107
11994	-1179.554	-1305.46	125.9059	0.9223023	0.6192736	0.53105	0.46895	1.581275
12000	-1170.992	-1296.691	125.6982	1.097372	0.6425614	0.47051	0.52949	1.581275
12006	-1177.782	-1303.771	125.9887	1.078685	0.5706439	0.535343	0.464657	1.455994
12012	-1173.905	-1300.086	126.1818	1.159803	0.5068024	0.458899	0.541101	1.319932
12018	-1181.089	-1307.246	126.1573	1.248681	0.5374525	0.532724	0.467276	1.226418
12024	-1179.884	-1306.445	126.5615	1.069646	0.3208926	0.41807	0.58193	1.370613
12030	-1189.749	-1315.742	125.9928	1.117156	0.6134486	0.416318	0.583682	1.374459
12036	-1174.267	-1300.337	126.0703	1.184887	0.5420119	0.46542	0.53458	1.34406
12042	-1182.365	-1308.376	126.0107	0.7845453	0.4690003	0.408023	0.591977	1.772236
12048	-1172.678	-1298.581	125.9026	0.8398779	0.3542562	0.58658	0.41342	1.957062
12054	-1175.802	-1301.64	125.8385	1.121535	0.7019723	0.548303	0.451697	1.397409
12060	-1172.957	-1298.799	125.8424	1.121535	0.6433035	0.41692	0.58308	1.454941
12066	-1171.761	-1298.233	126.4728	1.309589	0.4471918	0.484259	0.515741	1.023175
12072	-1179.466	-1305.346	125.8803	0.7838637	0.3920547	0.539468	0.460532	1.958318
12078	-1177.645	-1303.777	126.1328	0.9722855	0.3920547	0.368817	0.631183	1.6532
12084	-1180.527	-1305.825	125.2979	0.8128732	0.4977914	0.48328	0.51672	2.19766
12090	-1183.031	-1309.135	126.104	1.217021	0.5433218	0.494629	0.505371	1.28934
12096	-1187.67	-1314.358	126.6878	1.113046	0.4177155	0.637163	0.362837	1.057247
12102	-1183.015	-1309.184	126.1699	1.123255	0.3398133	0.378214	0.621786	1.594609
12108	-1169.612	-1295.76	126.1486	1.053975	0.4110692	0.378214	0.621786	1.555809
12114	-1179.615	-1305.976	126.3605	1.235897	0.4041299	0.325667	0.674333	1.260067
12120	-1168.75	-1294.584	125.8331	1.212521	0.5918737	0.35425	0.64575	1.448482
12126	-1172.439	-1298.513	126.0738	1.096389	0.4679037	0.520191	0.479809	1.503525
12132	-1182.791	-1308.644	125.8534	1.052653	0.4644626	0.51504	0.48496	1.69996
12138	-1174.361	-1300.206	125.8449	1.301578	0.6869154	0.477665	0.522335	1.263736
12144	-1170.251	-1296.647	126.3961	1.530508	0.4177346	0.424812	0.575188	0.9305464
12150	-1167.445	-1293.28	125.8346	1.401038	0.7042212	0.431912	0.568088	1.168863
12156	-1172.122	-1298.315	126.1939	1.20096	0.4942438	0.582184	0.417816	1.293623
12162	-1176.048	-1302.194	126.1466	1.281551	0.5775622	0.588858	0.411142	1.154332
12168	-1166.436	-1292.616	126.1796	1.323469	0.5288998	0.345898	0.654102	1.154332
12174	-1166.594	-1292.503	125.9088	1.218046	0.5333048	0.498608	0.501392	1.454555
12180	-1164.013	-1290.293	126.2794	1.00991	0.2541241	0.489493	0.510507	1.741343
12186	-1184.637	-1310.047	125.4099	1.00991	0.450252	0.52625	0.47375	2.048951
12192	-1185.884	-1312.193	126.3089	1.258227	0.4033069	0.491039	0.508961	1.285473
12198	-1178.336	-1304.207	125.8713	1.22959	0.7030205	0.593478	0.406522	1.283943
12204	-1177.75	-1303.327	125.5777	1.064238	0.6973656	0.493479	0.506521	1.639234
12210	-1168.767	-1294.659	125.8923	0.9196986	0.4413105	0.413814	0.586186	1.794593
12216	-1167.392	-1293.673	126.2809	0.9926894	0.3688835	0.419528	0.580472	1.56442
12222	-1173.787	-1299.388	125.6015	1.190442	0.6619686	0.419528	0.580472	1.56442
12228	-1183.619	-1309.643	126.0247	1.150878	0.5779503	0.477753	0.522247	1.363599
12234	-1183.634	-1309.944	126.3098	1.086321	0.5037559	0.4154	0.5846	1.279719
12240	-1184.015	-1310.354	126.3385	1.152365	0.4140562	0.534133	0.465867	1.330734
12246	-1172.779	-1298.817	126.038	1.19903	0.3730483	0.564392	0.435608	1.585036
12252	-1177.739	-1304.101	126.3624	1.19903	0.1611647	0.337946	0.662054	1.742299
12258	-1162.843	-1289.286	126.4432	1.192699	0.3696671	0.388282	0.611718	1.283549
12264	-1165.307	-1290.989	125.6825	1.017861	0.5993407	0.667495	0.332505	1.693933
12270	-1167.454	-1293.629	126.1751	1.017861	0.2866958	0.466197	0.533803	1.752024
12276	-1163.545	-1288.978	125.4332	0.8146742	0.625952	0.542207	0.457793	1.978834
12282	-1169.036	-1294.411	125.3746	0.8689642	0.625952	0.486528	0.513472	1.981704
12288	-1164.524	-1290.882	126.3582	1.022857	0.2956241	0.560886	0.439114	1.60288
12294	-1158.477	-1284.314	125.8372	1.195052	0.3897214	0.560886	0.439114	1.708282
12300	-1176.519	-1302.582	126.0622	1.164069	0.4161437	0.491436	0.508564	1.531246
12306	-1188.784	-1315.098	126.3135	1.246821	0.4163388	0.556063	0.443937	1.270827
12312	-1182.776	-1309.375	126.5987	1.171793	0.3525928	0.556063	0.443937	1.200333
12318	-1175.685	-1302.252	126.5672	1.156206	0.4107967	0.520211	0.479789	1.140266
12324	-1179.374	-1305.698	126.3246	1.073073	0.4143191	0.520211	0.479789	1.403786
12330	-1175.571	-1301.552	125.9811	0.904836	0.4143191	0.418361	0.581639	1.777749
12336	-1173.216	-1298.983	125.7667	0.9193852	0.476226	0.479722	0.520278	1.839156
12342	-1164.456	-1290.156	125.6996	0.8840126	0.4136806	0.530195	0.469805	1.984543
12348	-1157.984	-1283.811	125.8267	1.002197	0.4519906	0.551002	0.448998	1.769571
12354	-1157.391	-1282.955	125.5633	0.9173565	0.3781889	0.486527	0.513473	2.098327
12360	-1166.833	-1293.119	126.2853	0.9057517	0.4568934	0.384543	0.615457	1.502285
12366	-1174.216	-1299.865	125.649	0.9999157	0.3215322	0.384543	0.615457	2.066271
12372	-1174.014	-1299.715	125.7009	0.9843274	0.4626958	0.429349	0.570651	1.855731
12378	-1176.955	-1303.311	126.3561	1.002518	0.4626958	0.517883	0.482117	1.365785
12384	-1185.052	-1311.448	126.3961	1.237334	0.3226337	0.529333	0.470667	1.365785
12390	-1174.748	-1300.939	126.1917	1.108047	0.448113	0.522151	0.477849	1.43158
12396	-1171.411	-1297.084	125.673	1.152938	0.5490561	0.549585	0.450415	1.658216
12402	-1173.639	-1299.171	125.5323	1.044589	0.4889224	0.434787	0.565213	1.898978
12408	-1171.625	-1297.622	125.9963	1.046569	0.4889224	0.507437	0.492563	1.571269
12414	-1167.069	-1293.127	126.0581	1.121234	0.351589	0.425472	0.574528	1.658715
12420	-1178.341	-1304.499	126.1581	1.092055	0.57054	0.426462	0.573538	1.312935
12426	-1168.463	-1294.78	126.3169	1.172889	0.4124423	0.521561	0.478439	1.334028
12432	-1172.673	-1298.921	126.2488	1.216556	0.4619695	0.468276	0.531724	1.280964
12438	-1177.006	-1303.375	126.3691	1.216556	0.507419	0.56032	0.43968	1.111408
12444	-1182.064	-1308.531	126.4668	1.451022	0.507419	0.499011	0.500989	0.7460734
12450	-1187.14	-1313.268	126.1277	1.307657	0.507419	0.557096	0.442904	1.242248
12456	-1189.509	-1315.419	125.9101	1.248255	0.6911084	0.419885	0.580115	1.249291
12462	-1183.589	-1309.878	126.2885	1.310547	0.4529693	0.524352	0.475648	1.18176
12468	-1187.728	-1313.597	125.8693	0.9870754	0.5164389	0.414061	0.585939	1.67335
12474	-1183.584	-1309.389	125.8049	1.112093	0.4814717	0.569714	0.430286	1.671394
12480	-1174.332	-1300.377	126.0448	0.9825469	0.3276905	0.377671	0.622329	1.801779
12486	-1170.325	-1296.556	126.2308	0.9400911	0.3276905	0.393663	0.606337	1.701306
12492	-1165.302	-1290.906	125.6044	0.8525924	0.5299147	0.432696	0.567304	1.934825
12498	-1176.373	-1301.188	124.8145	0.6600556	0.409624	0.355985	0.644015	2.696068
12504	-1168.93	-1294.426	125.4963	0.6600556	0.3786112	0.576618	0.423382	2.307614
12510	-1167.642	-1293.354	125.7123	1.1649	0.6094468	0.444283	0.555717	1.555609
12516	-1171.119	-1296.966	125.8468	0.9907817	0.5806587	0.451285	0.548715	1.615268
12522	-1167.281	-1293.528	126.2474	1.023131	0.3450619	0.451285	0.548715	1.60289
12528	-1175.544	-1301.527	125.9825	0.80997	0.5448427	0.543681	0.456319	1.686762
12534	-1177.062	-1302.33	125.2681	0.80997	0.3882716	0.471733	0.528267	2.345229
12540	-1172.731	-1298.281	125.5507	0.7002031	0.3714328	0.466332	0.533668	2.256311
12546	-1175.559	-1301.23	125.6704	0.9048358	0.3763931	0.381923	0.618077	2.038306
12552	-1181.442	-1307.487	126.0453	0.9850434	0.5122234	0.410756	0.589244	1.552161
12558	-1175.842	-1301.938	126.0955	1.111	0.4115994	0.374977	0.625023	1.552161
12564	-1178.66	-1304.225	125.565	1.12415	0.4421478	0.609234	0.390766	1.877912
12570	-1176.876	-1302.624	125.7476	1.12415	0.5645297	0.513659	0.486341	1.608124
12576	-1179.724	-1305.603	125.8793	1.103424	0.4551619	0.534002	0.465998	1.656994
12582	-1173.65	-1299.312	125.6612	1.102573	0.3889642	0.428725	0.571275	1.895142
12588	-1167.042	-1293.101	126.0588	0.9046548	0.2958774	0.583989	0.416011	1.895142
12594	-1168.268	-1294.422	126.1546	1.206625	0.4768389	0.650529	0.349471	1.344378
12600	-1168.543	-1294.843	126.3	1.206625	0.4768389	0.476687	0.523313	1.225254
12606	-1159.147	-1285.524	126.377	1.299259	0.4482162	0.49708	0.50292	1.120936
12612	-1165.677	-1292.181	126.5046	1.171661	0.4482162	0.42627	0.57373	1.120936
12618	-1164.268	-1290.429	126.1604	1.016594	0.3868885	0.416988	0.583012	1.608666
12624	-1166.707	-1292.561	125.8544	1.046278	0.4045344	0.421628	0.578372	1.780365
12630	-1166.158	-1292.651	126.4933	1.184282	0.4045344	0.552493	0.447507	1.190861
12636	-1161.357	-1287.947	126.5908	1.278846	0.3523891	0.489825	0.510175	1.11336
12642	-1171.678	-1297.356	125.6778	1.507457	0.7437043	0.513276	0.486724	1.169036
12648	-1164.024	-1290.186	126.1617	1.342769	0.5732899	0.494586	0.505414	1.091236
12654	-1170.361	-1296.793	126.4321	1.416375	0.32193	0.445202	0.554798	1.190318
12660	-1167.485	-1293.678	126.1926	1.090636	0.4317477	0.382267	0.617733	1.466789
12666	-1169.087	-1294.861	125.7738	1.132059	0.6745238	0.325444	0.674556	1.466789
12672	-1166.655	-1292.988	126.3325	1.119447	0.2864179	0.404014	0.595986	1.567108
12678	-1172.176	-1298.509	126.3331	1.01023	0.3339968	0.401003	0.598997	1.567108
12684	-1173.242	-1299.183	125.9412	1.176988	0.3096949	0.473567	0.526433	1.766632
12690	-1176.197	-1302.164	125.9675	1.206975	0.6294228	0.57319	0.42681	1.304912
12696	-1185.502	-1311.585	126.0831	1.524488	0.6692108	0.57319	0.42681	0.8418852
12702	-1168.147	-1294.429	126.2819	1.336723	0.4751665	0.635265	0.364735	1.130463
12708	-1169.743	-1296.536	126.7928	1.380413	0.3172055	0.468069	0.531931	0.885069
12714	-1171.471	-1297.981	126.5106	1.388275	0.4001026	0.510164	0.489836	0.9942939
12720	-1170.75	-1297.096	126.3453	1.190766	0.4563829	0.366415	0.633585	1.230388
12726	-1180.622	-1306.842	126.2202	1.164388	0.4869392	0.608064	0.391936	1.311899
12732	-1173.017	-1299.232	126.2147	1.287145	0.4869392	0.455807	0.544193	1.214782
12738	-1164.356	-1290.718	126.362	1.424719	0.4141508	0.461337	0.538663	1.076849
12744	-1165.355	-1291.996	126.6412	1.246583	0.3503108	0.461337	0.538663	1.100875
12750	-1163.882	-1290.232	126.35	1.246257	0.4994762	0.508766	0.491234	1.113671
12756	-1166.666	-1292.621	125.9553	0.9698181	0.6204771	0.48536	0.51464	1.508314
12762	-1167.749	-1293.914	126.1646	1.100775	0.3515276	0.48536	0.51464	1.59668
12768	-1176.38	-1301.757	125.377	0.9535279	0.5047598	0.401979	0.598021	2.04643
12774	-1182.398	-1308.722	126.3247	1.104618	0.5372488	0.529033	0.470967	1.206923
12780	-1179.701	-1305.885	126.1848	1.313295	0.3788028	0.40534	0.59466	1.379164
12786	-1172.995	-1299.453	126.458	1.312304	0.399053	0.487317	0.512683	1.118322
12792	-1168.308	-1294.44	126.1313	1.182525	0.4400519	0.410276	0.589724	1.431915
12798	-1170.122	-1295.879	125.7571	1.130188	0.3770845	0.533371	0.466629	1.826828
12804	-1185.581	-1311.477	125.8961	0.8935723	0.4590967	0.555201	0.444799	1.788115
12810	-1167.418	-1293.399	125.9814	0.8486873	0.4364402	0.527338	0.472662	1.788115
12816	-1167.747	-1294.424	126.6764	1.139544	0.3249421	0.527338	0.472662	1.212392
12822	-1173.625	-1299.654	126.0291	0.9353692	0.4278376	0.512461	0.487539	1.705031
12828	-1175.695	-1301.824	126.129	0.9565039	0.4278376	0.525171	0.474829	1.618419
12834	-1176.82	-1303.363	126.5429	1.168531	0.3721889	0.4436	0.5564	1.216324
12840	-1176.487	-1302.384	125.8978	1.167571	0.797217	0.479716	0.520284	1.216324
12846	-1167.307	-1293.978	126.6714	1.462091	0.3124064	0.475909	0.524091	0.9409843
12852	-1161.552	-1287.978	126.4266	1.492572	0.4390881	0.418475	0.581525	0.895335
12858	-1167.484	-1293.815	126.3309	1.294787	0.6378681	0.504196	0.495804	0.8716415
12864	-1178.541	-1304.92	126.3789	1.335724	0.4714103	0.511888	0.488112	1.047587
12870	-1178.346	-1304.454	126.1081	1.267767	0.5387097	0.561453	0.438547	1.250018
12876	-1177.766	-1303.776	126.0099	1.365928	0.5387097	0.47139	0.52861	1.250018
12882	-1171.194	-1297.498	126.3038	1.218342	0.5048784	0.47139	0.52861	1.171665
12888	-1182.641	-1308.592	125.9505	1.322709	0.4644427	0.370086	0.629914	1.429922
12894	-1183.13	-1309.22	126.0902	1.112077	0.5064298	0.625192	0.374808	1.429922
12900	-1181.27	-1306.95	125.6798	1.067409	0.7528718	0.416112	0.583888	1.510508
12906	-1185.172	-1311.068	125.8964	1.188424	0.5065607	0.398188	0.601812	1.518679
12912	-1175.447	-1301.291	125.8446	1.253684	0.4491117	0.36631	0.63369	1.581105
12918	-1169.498	-1295.825	126.3265	1.253684	0.4491117	0.546073	0.453927	1.203906
12924	-1178.928	-1304.99	126.0621	1.461789	0.7194197	0.486146	0.513854	0.863612
12930	-1177.625	-1303.808	126.1828	1.461789	0.6370177	0.486146	0.513854	0.8505143
12936	-1175.647	-1302.25	126.6028	1.510638	0.4200422	0.416857	0.583143	0.6728897
12942	-1180.173	-1307.024	126.8516	1.529568	0.2959767	0.333579	0.666421	0.6548725
12948	-1173.281	-1299.865	126.5834	1.621422	0.3529478	0.521365	0.478635	0.742902
12954	-1187.721	-1313.501	125.7802	1.621422	0.8997945	0.521365	0.478635	0.7453732
12960	-1190.171	-1316.91	126.7395	1.439577	0.3574648	0.521365	0.478635	0.7671951
12966	-1185.048	-1311.43	126.3819	1.522128	0.3494858	0.568119	0.431881	1.087464
12972	-1173.377	-1299.747	126.37	1.38419	0.5486695	0.391036	0.608964	0.8744176
12978	-1166.578	-1293.049	126.4715	1.38419	0.4593209	0.546768	0.453232	0.9257977
12984	-1180.418	-1306.536	126.1176	1.52487	0.6111591	0.546768	0.453232	0.8958267
12990	-1175.872	-1302.432	126.56	1.102001	0.3691731	0.512598	0.487402	1.262842
12996	-1174.895	-1301.08	126.1847	1.163607	0.3691731	0.512598	0.487402	1.50863
13002	-1173.325	-1299.706	126.3809	1.07625	0.3683114	0.454037	0.545963	1.427418
13008	-1169.749	-1295.629	125.8801	0.8770633	0.4611624	0.517922	0.482078	1.808091
13014	-1179.9	-1305.989	126.0898	0.9024663	0.3176303	0.432384	0.567616	1.841314
13020	-1176.484	-1302.154	125.6696	1.082262	0.5406545	0.503078	0.496922	1.720143
13026	-1170.592	-1296.186	125.5939	0.9006611	0.2543303	0.495925	0.504075	2.271285
13032	-1171.961	-1297.737	125.7757	1.116751	0.4710547	0.513849	0.486151	1.701474
13038	-1172.808	-1299.153	126.3448	1.188216	0.4593704	0.548149	0.451851	1.22857
13044	-1175.104	-1301.508	126.4039	1.190069	0.4628862	0.436374	0.563626	1.170966
13050	-1171.054	-1297.625	126.5712	1.169865	0.2588356	0.436374	0.563626	1.400453
13056	-1173.816	-1300.522	126.7064	1.247264	0.3683299	0.453513	0.546487	1.002417
13062	-1175.955	-1302.619	126.6637	1.435508	0.3683299	0.473343	0.526657	0.8430805
13068	-1183.291	-1309.961	126.6699	1.49208	0.382596	0.60446	0.39554	0.7149478
13074	-1180.515	-1306.792	126.2766	1.370568	0.4458894	0.522114	0.477886	1.150619
13080	-1177.59	-1304.133	126.5431	1.319547	0.4893414	0.368504	0.631496	0.8592652
13086	-1171.405	-1297.697	126.2923	1.156572	0.4893414	0.416534	0.583466	1.255949
13092	-1170.935	-1296.798	125.8635	1.169501	0.7676361	0.499105	0.500895	1.273054
13098	-1171.144	-1297.475	126.3306	1.081059	0.4401899	0.499105	0.500895	1.355456
13104	-1174.687	-1301.136	126.4491	1.081059	0.4077501	0.432353	0.567647	1.308689
13110	-1172.991	-1299.171	126.1797	1.29048	0.4740216	0.473044	0.526956	1.259843
13116	-1168.581	-1294.985	126.4039	1.342752	0.3344985	0.473044	0.526956	1.25312
13122	-1167.17	-1293.373	126.2033	1.376814	0.4666172	0.499188	0.500812	1.177378
13128	-1167.911	-1294.81	126.8991	1.376814	0.249635	0.493365	0.506635	0.9519298
13134	-1162.204	-1288.634	126.4295	1.274998	0.4239549	0.520353	0.479647	1.135183
13140	-1173.927	-1300.131	126.2038	1.137874	0.6100732	0.520353	0.479647	1.188245
13146	-1177.846	-1304.124	126.2786	1.094485	0.3340442	0.495088	0.504912	1.545113
13152	-1168.481	-1294.516	126.035	1.000679	0.5002839	0.495088	0.504912	1.562679
13158	-1183.318	-1309.918	126.5997	1.257808	0.3253368	0.393786	0.606214	1.175878
13164	-1171.062	-1297.616	126.5534	1.48721	0.3253368	0.552395	0.447605	1.006633
13170	-1178.49	-1304.797	126.3065	1.446537	0.4857068	0.517311	0.482689	0.9858172
13176	-1163.175	-1289.349	126.1737	1.488808	0.5065987	0.527345	0.472655	1.040895
13182	-1167.982	-1294.707	126.7252	1.360445	0.3049742	0.527345	0.472655	1.007603
13188	-1176.745	-1303.13	126.3854	1.095642	0.4423457	0.456517	0.543483	1.29664
13194	-1169.281	-1295.478	126.1967	1.095642	0.2848015	0.412641	0.587359	1.685135
13200	-1167.26	-1293.198	125.9375	0.9429098	0.3438479	0.462378	0.537622	1.878637
13206	-1164.967	-1290.845	125.8777	1.033893	0.4020938	0.530649	0.469351	1.776063
13212	-1168.702	-1294.54	125.838	0.9260562	0.3673813	0.441567	0.558433	1.92424
13218	-1177.523	-1302.227	124.7035	0.7090849	0.3673813	0.499676	0.500324	2.784824
13224	-1192.421	-1316.913	124.4913	0.7585159	0.4531063	0.499676	0.500324	2.784824
13230	-1190.122	-1315.964	125.8423	1.181715	0.6400698	0.473439	0.526561	1.412236
13236	-1177.651	-1303.501	125.8493	1.15829	0.7398194	0.461405	0.538595	1.321639
13242	-1171.733	-1297.864	126.131	1.21207	0.466669	0.679552	0.320448	1.372536
13248	-1165.263	-1291.633	126.3702	1.284206	0.3887641	0.414499	0.585501	1.236597
13254	-1171.895	-1298.522	126.6271	1.284629	0.2964213	0.601506	0.398494	1.185982
13260	-1173.574	-1300.331	126.7573	1.154236	0.2964213	0.489178	0.510822	1.186142
13266	-1183.496	-1310.052	126.5565	1.419938	0.3696154	0.365419	0.634581	0.9767309
13272	-1183.331	-1309.765	126.4337	1.203329	0.4057771	0.462485	0.537515	1.223436
13278	-1181.596	-1307.717	126.1208	1.026629	0.3976149	0.383073	0.616927	1.614931
13284	-1174.526	-1300.834	126.3086	1.02158	0.4131112	0.606731	0.393269	1.457387
13290	-1179.096	-1305.342	126.2459	1.093315	0.3971585	0.45439	0.54561	1.473707
13296	-1178.757	-1304.78	126.0228	1.04524	0.3878539	0.504009	0.495991	1.685538
13302	-1188.796	-1314.908	126.1119	0.7671035	0.4216709	0.64185	0.35815	1.772984
13308	-1188.487	-1313.572	125.0853	0.855023	0.381926	0.588564	0.411436	2.440218
13314	-1175.165	-1300.784	125.6188	0.9110546	0.3661071	0.444968	0.555032	2.082035
13320	-1185.853	-1311.786	125.9326	0.9110546	0.3377285	0.468713	0.531287	1.912502
13326	-1178.003	-1303.994	125.9912	0.8922181	0.4495764	0.51664	0.48336	1.734385
13332	-1175.208	-1301.514	126.3053	0.8416996	0.2871924	0.461952	0.538048	1.783222
13338	-1175.334	-1301	125.6653	0.8416996	0.3039172	0.461952	0.538048	2.185216
13344	-1175.695	-1301.539	125.8436	0.6973969	0.3231445	0.456211	0.543789	2.134733
13350	-1168.007	-1293.839	125.8321	0.9693623	0.4983142	0.618389	0.381611	1.733223
13356	-1162.772	-1288.767	125.9951	1.042351	0.389292	0.52645	0.47355	1.705229
13362	-1170.063	-1296.601	126.5384	1.166548	0.2404606	0.598504	0.401496	1.465166
13368	-1172.481	-1299.034	126.5534	1.320719	0.3878769	0.418729	0.581271	1.041974
13374	-1175.873	-1302.57	126.6967	1.36277	0.2792099	0.543365	0.456635	1.090931
13380	-1173.893	-1300.54	126.6472	1.098313	0.2831921	0.543365	0.456635	1.349426
13386	-1169.43	-1295.443	126.013	1.203999	0.5315634	0.406889	0.593111	1.387121
13392	-1175.812	-1301.738	125.9258	1.116248	0.4006736	0.538752	0.461248	1.686253
13398	-1172.784	-1298.809	126.0246	0.9802096	0.4092351	0.479999	0.520001	1.701065
13404	-1177.883	-1303.075	125.1918	0.7303043	0.4092351	0.462142	0.537858	2.418316
13410	-1184.073	-1310.042	125.9686	0.8570738	0.2786996	0.411826	0.588174	2.015368
13416	-1173.344	-1299.869	126.5246	0.9993334	0.2991973	0.431041	0.568959	1.491142
13422	-1176.036	-1302.12	126.0836	1.119359	0.5437068	0.570042	0.429958	1.383201
13428	-1172.294	-1298.489	126.195	1.319525	0.5514855	0.430971	0.569029	1.11245
13434	-1169.615	-1296.358	126.7437	1.319525	0.3282238	0.605827	0.394173	0.9774606
13440	-1180.914	-1307.45	126.5361	1.319525	0.2908889	0.566991	0.433009	1.244783
13446	-1173.508	-1299.933	126.4258	1.290656	0.4447978	0.587879	0.412121	1.089836
13452	-1165.966	-1292.283	126.3165	1.340364	0.4692101	0.599172	0.400828	1.105138
13458	-1167.9	-1294.545	126.6455	1.340364	0.4202548	0.388115	0.611885	0.8579268
13464	-1170.401	-1296.367	125.9662	1.440512	0.7020177	0.531506	0.468494	1.013378
13470	-1172.291	-1298.937	126.6465	1.302371	0.3652898	0.517982	0.482018	1.013378
13476	-1162.232	-1288.441	126.2087	1.398217	0.5934724	0.432814	0.567186	0.9620471
13482	-1167.193	-1293.717	126.524	1.394685	0.3547866	0.568034	0.431966	1.063443
13488	-1181.047	-1307.627	126.5798	1.394685	0.3124706	0.423446	0.576554	1.097178
13494	-1176.319	-1303.105	126.7859	1.284486	0.2737995	0.423446	0.576554	1.093147
13500	-1167.722	-1294.328	126.6061	1.167276	0.3715741	0.423446	0.576554	1.163954
13506	-1174.186	-1300.986	126.7999	1.370407	0.2506948	0.354018	0.645982	1.05453
13512	-1178.417	-1304.258	125.8412	1.370407	0.6990078	0.469363	0.530637	1.19556
13518	-1173.597	-1299.527	125.9304	1.311571	0.6759606	0.533636	0.466364	1.19556
13524	-1177.466	-1303.656	126.1903	1.129047	0.3480645	0.501558	0.498442	1.562587
13530	-1175.238	-1301.411	126.1732	1.122851	0.556889	0.537407	0.462593	1.292602
13536	-1172.318	-1298.304	125.9863	1.242663	0.5736776	0.610948	0.389052	1.326241
13542	-1173.636	-1299.472	125.836	1.242663	0.7320836	0.393319	0.606681	1.271714
13548	-1179.105	-1304.965	125.8597	0.998063	0.4716776	0.623839	0.376161	1.725215
13554	-1172.423	-1298.211	125.7887	1.049182	0.6075712	0.479998	0.520002	1.586392
13560	-1178.769	-1304.679	125.9102	0.8762792	0.5017337	0.353536	0.646464	1.739763
13566	-1175.143	-1301.557	126.4147	1.03825	0.3827017	0.353536	0.646464	1.408298
13572	-1173.286	-1299.394	126.1085	1.088363	0.6131035	0.537553	0.462447	1.305491
13578	-1174.681	-1300.762	126.0818	1.331967	0.4744238	0.558985	0.441015	1.305491
13584	-1178.069	-1304.445	126.3763	1.331967	0.5208761	0.324704	0.675296	0.972408
13590	-1186.421	-1312.716	126.2946	1.100485	0.292495	0.585043	0.414957	1.598048
13596	-1173.265	-1299.475	126.2103	0.9582758	0.3874394	0.35562	0.64438	1.61399
13602	-1174.439	-1300.022	125.5827	0.8395734	0.3131645	0.584336	0.415664	2.226276
13608	-1175.552	-1300.388	124.8353	0.7689325	0.5161105	0.510537	0.489463	2.500507
13614	-1174.983	-1301.061	126.0782	0.7182296	0.4298576	0.5765	0.4235	1.819694
13620	-1172.799	-1298.989	126.1903	0.9375774	0.3180432	0.472408	0.527592	1.746654
13626	-1174.009	-1299.608	125.5984	1.105875	0.4999451	0.523821	0.476179	1.799095
13632	-1177.361	-1303.07	125.7089	0.9769307	0.4119774	0.523821	0.476179	1.917948
13638	-1194.504	-1318.857	124.3534	0.6271575	0.6609928	0.552167	0.447833	2.753423
13644	-1180.709	-1306.342	125.6332	0.7458408	0.5042092	0.353724	0.646276	2.014843
13650	-1171.894	-1297.5	125.6063	0.7903497	0.6755549	0.49263	0.50737	1.831834
13656	-1182.405	-1308.042	125.6375	0.6122392	0.3046302	0.473865	0.526135	2.349197
13662	-1184.276	-1309.602	125.3262	0.6876071	0.3046302	0.391076	0.608924	2.497805
13668	-1182.396	-1307.564	125.1688	0.6951207	0.3742508	0.505216	0.494784	2.497805
13674	-1187.28	-1312.931	125.6518	0.6702889	0.4417424	0.42185	0.57815	2.123231
13680	-1165.701	-1291.684	125.9833	0.9929273	0.3312658	0.55298	0.44702	1.831638
13686	-1177.303	-1303.413	126.1107	0.8435337	0.3414309	0.305164	0.694836	1.831638
13692	-1186.69	-1312.898	126.2082	1.012558	0.3414309	0.628514	0.371486	1.644445
13698	-1183.35	-1308.833	125.4831	0.7436386	0.3682847	0.605032	0.394968	2.275928
13704	-1182.619	-1307.649	125.0298	0.8898609	0.5410407	0.513607	0.486393	2.275928
13710	-1171.623	-1297.342	125.7195	1.099755	0.5100261	0.452788	0.547212	1.707053
13716	-1176.038	-1301.446	125.4086	1.074037	0.5957414	0.398894	0.601106	1.8493
13722	-1174.137	-1299.356	125.2193	1.104295	0.4979314	0.534147	0.465853	2.058446
13728	-1174.767	-1300.394	125.6267	1.223499	0.5488768	0.612378	0.387622	1.64103
13734	-1166.683	-1293.095	126.4124	1.266321	0.3645549	0.478706	0.521294	1.256854
13740	-1172.203	-1298.55	126.3468	1.295386	0.3554725	0.478706	0.521294	1.302235
13746	-1167.705	-1294.128	126.4228	1.236732	0.4930038	0.551384	0.448616	1.06519
13752	-1170.666	-1296.807	126.141	1.391763	0.5037447	0.66708	0.33292	1.163981
13758	-1173.346	-1299.349	126.0031	1.329757	0.565131	0.364594	0.635406	1.251907
13764	-1183.086	-1309.66	126.5749	1.417414	0.4084729	0.355396	0.644604	0.8765003
13770	-1174.847	-1301.359	126.5117	1.349324	0.4104829	0.398428	0.601572	1.012182
13776	-1188.137	-1314.661	126.5236	1.394268	0.3477952	0.657697	0.342303	1.077922
13782	-1168.706	-1295.205	126.4988	1.201505	0.3332123	0.60561	0.39439	1.293562
13788	-1178.12	-1304.564	126.4441	1.329211	0.385795	0.499877	0.500123	1.138884
13794	-1173.763	-1300.068	126.3047	1.275286	0.4886284	0.438284	0.561716	1.144531
13800	-1175.412	-1301.784	126.3718	1.275286	0.4247859	0.443117	0.556883	1.184314
13806	-1177.726	-1303.74	126.0142	1.275286	0.7384012	0.492701	0.507299	1.081194
13812	-1173.902	-1299.923	126.0206	1.394526	0.7453733	0.568839	0.431161	0.9485549
13818	-1169.909	-1296.317	126.4078	1.379041	0.3986155	0.505909	0.494091	1.104093
13824	-1164.423	-1290.743	126.3206	1.142974	0.4818151	0.575625	0.424375	1.254289
13830	-1165.034	-1291.066	126.0316	1.280326	0.4377929	0.460872	0.539128	1.436517
13836	-1161.28	-1287.236	125.9558	1.280326	0.4149501	0.549375	0.450625	1.525537
13842	-1169.534	-1295.892	126.3581	1.280326	0.4149501	0.430734	0.569266	1.207472
13848	-1167.526	-1293.837	126.3105	1.281918	0.5192754	0.544013	0.455987	1.087598
13854	-1176.688	-1303.093	126.4048	1.144056	0.5285135	0.513614	0.486386	1.113993
13860	-1164.83	-1291.159	126.3295	1.121614	0.3388473	0.58352	0.41648	1.479024
13866	-1162.704	-1288.588	125.8837	1.121614	0.6525473	0.46732	0.53268	1.413396
13872	-1174.482	-1300.832	126.3506	1.038095	0.3658644	0.46732	0.53268	1.483403
13878	-1180.945	-1307.109	126.164	0.8802691	0.3658644	0.533718	0.466282	1.73351
13884	-1170.392	-1296.628	126.2356	1.10119	0.3501726	0.429194	0.570806	1.546429
13890	-1172.06	-1298.076	126.0158	0.9566087	0.5198073	0.489751	0.510249	1.585711
13896	-1168.565	-1294.235	125.6701	0.806073	0.5496878	0.511425	0.488575	1.900906
13902	-1172.544	-1298.943	126.3988	1.044382	0.3383124	0.446992	0.553008	1.485933
13908	-1175.486	-1302.533	127.0462	0.9511074	0.261915	0.451324	0.548676	1.184807
13914	-1164.62	-1291.346	126.726	1.185697	0.3071832	0.451324	0.548676	1.164254
13920	-1164.26	-1290.612	126.3516	1.393368	0.4154541	0.451743	0.548257	1.112987
13926	-1164.861	-1291.498	126.6365	1.393368	0.4157138	0.451743	0.548257	0.8136996
13932	-1173.531	-1299.777	126.2461	1.286737	0.3351093	0.565891	0.434109	1.422893
13938	-1172.394	-1298.42	126.0261	1.346386	0.5054589	0.368482	0.631518	1.296766
13944	-1174.876	-1300.847	125.971	1.245223	0.6071109	0.529449	0.470551	1.296766
13950	-1174.09	-1300.245	126.1553	1.357972	0.5203163	0.627926	0.372074	1.157428
13956	-1166.942	-1292.993	126.0515	0.9849716	0.3910286	0.490365	0.509635	1.703495
13962	-1157.975	-1283.863	125.888	0.9601147	0.4212713	0.523318	0.476682	1.794974
13968	-1174.045	-1300.141	126.0955	1.131895	0.4212713	0.508336	0.491664	1.523275
13974	-1172.132	-1297.587	125.4547	1.099595	0.6719859	0.532552	0.467448	1.725512
13980	-1165.656	-1291.653	125.9967	0.9040673	0.4079822	0.490476	0.509524	1.775785
13986	-1178.046	-1304.007	125.9603	0.9763748	0.3893726	0.490476	0.509524	1.775785
13992	-1173.689	-1299.596	125.9067	1.150249	0.5889335	0.449918	0.550082	1.4431
13998	-1184.019	-1310.207	126.1877	0.877145	0.3642225	0.43775	0.56225	1.721385
14004	-1171.102	-1296.518	125.4164	0.9143588	0.4695316	0.466787	0.533213	2.085359
14010	-1174.078	-1299.244	125.1659	0.7730782	0.7376398	0.445133	0.554867	2.085359
14016	-1173.053	-1298.276	125.2234	0.8065202	0.4026369	0.430261	0.569739	2.358079
14022	-1171.506	-1297.434	125.9277	0.8205105	0.2786371	0.488766	0.511234	2.066757
14028	-1172.143	-1298.573	126.4299	0.9525712	0.2786371	0.491759	0.508241	1.631333
14034	-1170.623	-1296.609	125.9852	1.018443	0.390239	0.574788	0.425212	1.727715
14040	-1176.18	-1302.216	126.0351	0.826791	0.4713729	0.382166	0.617834	1.722718
14046	-1175.5	-1301.263	125.763	1.024154	0.5471788	0.382166	0.617834	1.68791
14052	-1168.959	-1294.527	125.5678	0.8168523	0.4262759	0.494653	0.505347	2.100703
14058	-1172.61	-1297.622	125.0115	0.8694989	0.3648633	0.591162	0.408838	2.499026
14064	-1167.433	-1293.548	126.1156	0.8424063	0.4470972	0.53867	0.46133	1.684836
14070	-1176.381	-1300.948	124.5667	0.8424063	0.4585306	0.670289	0.329711	2.681517
14076	-1174.332	-1299.972	125.6392	0.837034	0.3173721	0.468936	0.531064	2.185263
14082	-1174.741	-1300.442	125.7018	1.150434	0.3119902	0.458538	0.541462	1.945126
14088	-1165.713	-1290.821	125.1083	0.7984912	0.4300567	0.444147	0.555853	2.403486
14094	-1177.579	-1302.693	125.1149	0.9591628	0.6450744	0.444147	0.555853	2.076465
14100	-1165.374	-1291.122	125.7484	1.057972	0.3995905	0.483961	0.516039	1.851992
14106	-1172.78	-1299.264	126.4843	1.383409	0.3995905	0.432427	0.567573	1.026102
14112	-1169.749	-1295.944	126.1958	1.383409	0.5775767	0.531263	0.468737	1.013984
14118	-1174.402	-1300.909	126.5073	1.383409	0.3737988	0.549972	0.450028	1.052964
14124	-1173.076	-1299.429	126.3522	1.31688	0.4415523	0.540263	0.459737	1.138143
14130	-1171.92	-1298.827	126.9067	1.381992	0.2584398	0.364283	0.635717	0.9136222
14136	-1174.193	-1300.495	126.3014	1.327156	0.4572031	0.364283	0.635717	1.149326
14142	-1178.892	-1305.679	126.7878	1.327156	0.2716437	0.585511	0.414489	1.056496
14148	-1182.679	-1308.943	126.2631	1.339994	0.4967837	0.692878	0.307122	1.111504
14154	-1191.052	-1318.068	127.0162	1.271383	0.2048724	0.58387	0.41613	1.063655
14160	-1161.874	-1288.513	126.6387	1.314188	0.3558423	0.434902	0.565098	1.02848
14166	-1167.203	-1293.449	126.2458	1.282726	0.3537664	0.528066	0.471934	1.395364
14172	-1173.283	-1300.017	126.7343	1.367021	0.3759436	0.500138	0.499862	0.821169
14178	-1175.495	-1302.229	126.734	1.499702	0.3032793	0.529116	0.470884	0.8512049
14184	-1178.639	-1305.034	126.3959	1.25894	0.3714893	0.433755	0.566245	1.264905
14190	-1166.419	-1292.992	126.5733	1.271699	0.3673841	0.459581	0.540419	1.107631
14196	-1172.324	-1298.572	126.2476	1.416493	0.5153613	0.459581	0.540419	1.025546
14202	-1170.738	-1296.78	126.0422	1.295013	0.5153613	0.459581	0.540419	1.312238
14208	-1164.17	-1290.275	126.1057	1.091538	0.3952418	0.459581	0.540419	1.582032
14214	-1159.977	-1285.723	125.746	0.9664514	0.3963699	0.405429	0.594571	1.920157
14220	-1171.868	-1297.81	125.9418	0.8748501	0.3450346	0.353406	0.646594	1.920157
14226	-1184.03	-1310.135	126.1052	0.9757273	0.3738897	0.512138	0.487862	1.696112
14232	-1177.663	-1303.981	126.3174	1.0504	0.3299564	0.421418	0.578582	1.555575
14238	-1180.114	-1306.783	126.6689	1.040505	0.3686832	0.525929	0.474071	1.224096
14244	-1172.678	-1299.235	126.5571	1.204271	0.3686832	0.513238	0.486762	1.179565
14250	-1173.801	-1300.529	126.7282	1.115397	0.3107128	0.523439	0.476561	1.216091
14256	-1174.981	-1301.053	126.0726	1.067038	0.5291081	0.468352	0.531648	1.449891
14262	-1174.828	-1300.186	125.3575	1.015188	0.580377	0.51147	0.48853	1.939408
14268	-1190.719	-1315.615	124.8964	1.015188	0.8109644	0.427646	0.572354	2.044881
14274	-1169.411	-1295.728	126.317	1.015188	0.4063924	0.448067	0.551933	1.465562
14280	-1169.857	-1295.415	125.5577	0.8680597	0.4176321	0.448067	0.551933	2.084231
14286	-1171.945	-1297.215	125.27	0.9209713	0.5565865	0.460806	0.539194	2.084231
14292	-1170.051	-1295.596	125.5451	1.128732	0.417415	0.518585	0.481415	1.919165
14298	-1164.104	-1290.007	125.9028	0.9574999	0.417415	0.449664	0.550336	1.791504
14304	-1169.51	-1295.409	125.8987	0.9163228	0.368896	0.567159	0.432841	1.887586
14310	-1181.384	-1306.719	125.3348	0.9157092	0.4695992	0.490668	0.509332	2.137883
14316	-1170.361	-1295.628	125.2668	0.9222182	0.4423885	0.501414	0.498586	2.208971
14322	-1162.108	-1288.431	126.3232	0.9311054	0.3538318	0.54704	0.45296	1.601278
14328	-1169.05	-1293.508	124.4575	0.916728	0.5135565	0.450442	0.549558	2.645819
14334	-1177.382	-1303.894	126.5117	0.9545423	0.3738241	0.484367	0.515633	1.411748
14340	-1168.873	-1295.26	126.3878	1.238957	0.4163549	0.479284	0.520716	1.215216
14346	-1170.465	-1296.666	126.2012	1.126204	0.4163549	0.561132	0.438868	1.454851
14352	-1184.628	-1310.792	126.1647	1.055543	0.5601538	0.561132	0.438868	1.349527
14358	-1178.037	-1303.712	125.6754	1.38535	0.7151386	0.44286	0.55714	1.303944
14364	-1183.122	-1309.288	126.1656	1.413462	0.652253	0.493499	0.506501	0.9023631
14370	-1182.697	-1308.79	126.0933	1.530172	0.5337154	0.578734	0.421266	1.036507
14376	-1175.744	-1302.116	126.3719	1.119671	0.4170171	0.345664	0.654336	1.325711
14382	-1173.105	-1298.932	125.8265	1.119671	0.4170171	0.502228	0.497772	1.73205
14388	-1174.614	-1301.388	126.7742	1.191573	0.2675099	0.561683	0.438317	1.199828
14394	-1172.213	-1298.534	126.3209	1.077617	0.4643129	0.49888	0.50112	1.331843
14400	-1172.74	-1299.169	126.4294	1.050736	0.3775699	0.58792	0.41208	1.395133
14406	-1170.619	-1296.4	125.7804	1.050736	0.4306223	0.52624	0.47376	1.794738
14412	-1158.245	-1284.564	126.319	1.13092	0.3689236	0.52624	0.47376	1.432012
14418	-1163.794	-1289.977	126.1832	1.173885	0.4532007	0.457893	0.542107	1.380108
14424	-1172.735	-1298.381	125.6462	1.076148	0.5483108	0.38232	0.61768	1.732495
14430	-1180.031	-1305.087	125.056	0.9301796	0.5846404	0.468027	0.531973	2.190314
14436	-1175.64	-1301.64	126	0.9775825	0.2577668	0.38897	0.61103	1.948823
14442	-1171.556	-1296.597	125.0411	1.086995	0.4679556	0.38897	0.61103	2.219137
14448	-1169.469	-1295.91	126.4407	0.9441149	0.3357216	0.545461	0.454539	1.533751
14454	-1163.503	-1289.375	125.8723	0.9113179	0.4338431	0.545461	0.454539	1.823562
14460	-1166.732	-1292.195	125.4629	0.9331	0.4338431	0.381016	0.618984	2.084158
14466	-1167.392	-1292.5	125.1089	0.9074138	0.3883686	0.53661	0.46339	2.384277
14472	-1167.588	-1292.957	125.3693	0.8938371	0.3318706	0.493464	0.506536	2.301737
14478	-1161.103	-1287.275	126.172	0.9692649	0.3380687	0.47909	0.52091	1.706251
14484	-1167.886	-1293.51	125.6245	1.09566	0.3874904	0.445739	0.554261	1.926643
14490	-1172.063	-1298.043	125.9806	1.024775	0.3501358	0.385205	0.614795	1.783454
14496	-1175.583	-1300.687	125.1043	0.8241702	0.499691	0.528492	0.471508	2.312763
14502	-1176.589	-1301.466	124.8767	0.7440145	0.5548805	0.350672	0.649328	2.451911
14508	-1174.812	-1300.794	125.9824	0.8712602	0.2425357	0.507606	0.492394	2.057858
14514	-1179.58	-1305.129	125.5497	1.177109	0.4888802	0.431832	0.568168	1.796227
14520	-1175.153	-1300.929	125.7757	1.016535	0.4973734	0.457851	0.542149	1.740795
14526	-1178.31	-1304.495	126.185	1.147789	0.3831893	0.479364	0.520636	1.499174
14532	-1182.926	-1309.024	126.0983	1.080265	0.4664071	0.42898	0.57102	1.499174
14538	-1174.566	-1300.833	126.2667	1.078916	0.5341355	0.632275	0.367725	1.280945
14544	-1170.223	-1296.381	126.158	1.268534	0.4845858	0.4906	0.5094	1.280945
14550	-1181.432	-1306.936	125.5046	1.344691	1.09395	0.439731	0.560269	1.133716
14556	-1194.022	-1319.472	125.4501	1.577378	1.09395	0.443317	0.556683	0.9630002
14562	-1199.781	-1324.944	125.1637	1.534863	1.471183	0.443317	0.556683	0.9785421
14568	-1188.743	-1314.701	125.9583	1.534863	0.7475059	0.443317	0.556683	0.8581316
14574	-1179.846	-1305.756	125.9103	1.462491	0.7858326	0.498454	0.501546	0.9411846
14580	-1167.174	-1293.47	126.2963	1.363089	0.5337495	0.53532	0.46468	1.00112
14586	-1165.743	-1291.871	126.128	1.141701	0.4395391	0.413236	0.586764	1.466334
14592	-1168.505	-1294.767	126.2622	1.20664	0.46465	0.419354	0.580646	1.274327
14598	-1173.844	-1300.696	126.8519	1.404932	0.2293814	0.419354	0.580646	1.026212
14604	-1170.089	-1296.807	126.7176	1.404932	0.3193582	0.419354	0.580646	0.9359095
14610	-1168.377	-1294.315	125.9381	1.370856	0.6969003	0.419354	0.580646	1.112028
14616	-1174.064	-1300.682	126.6176	1.340272	0.3475575	0.606847	0.393153	1.040569
14622	-1171.791	-1298.133	126.3415	1.308728	0.4485071	0.461314	0.538686	1.143799
14628	-1182.226	-1309.063	126.8375	1.308728	0.2235921	0.517402	0.482598	1.143799
14634	-1180.858	-1306.982	126.1243	1.308728	0.6061548	0.517402	0.482598	1.112416
14640	-1175.123	-1301.423	126.2997	1.320512	0.4302227	0.467538	0.532462	1.198851
14646	-1168.227	-1294.162	125.9342	1.320512	0.4355213	0.467538	0.532462	1.483148
14652	-1195.883	-1322.044	126.1611	1.110033	0.5555756	0.372931	0.627069	1.314418
14658	-1185.023	-1310.85	125.8274	1.088298	0.4376891	0.488468	0.511532	1.726725
14664	-1178.274	-1304.268	125.9943	1.158443	0.5467503	0.51332	0.48668	1.418516
14670	-1183.376	-1309.481	126.105	0.831882	0.4609115	0.38051	0.61949	1.682485
14676	-1182.259	-1308.413	126.1545	0.8776033	0.318028	0.521418	0.478582	1.813277
14682	-1171.026	-1297.345	126.3193	1.047467	0.4142173	0.577152	0.422848	1.427787
14688	-1168.464	-1294.252	125.7882	1.047467	0.4527468	0.520858	0.479142	1.763911
14694	-1165.987	-1292.211	126.2237	0.8493773	0.3316687	0.460235	0.539765	1.763911
14700	-1165.026	-1290.847	125.8207	0.9744857	0.3316687	0.460235	0.539765	1.954065
14706	-1170.961	-1297.008	126.0469	1.042833	0.4666397	0.553104	0.446896	1.56484
14712	-1180.827	-1306.684	125.8563	1.207363	0.4818288	0.567755	0.432245	1.56484
14718	-1181.497	-1307.52	126.0229	1.114697	0.3931517	0.519742	0.480258	1.628296
14724	-1172.109	-1297.999	125.8903	1.106099	0.4505485	0.479508	0.520492	1.653046
14730	-1175.951	-1302.132	126.1817	1.198496	0.2673456	0.509139	0.490861	1.653046
14736	-1177.702	-1303.452	125.75	1.15515	0.5123531	0.468261	0.531739	1.643167
14742	-1178.523	-1304.369	125.8456	1.178632	0.4426812	0.427058	0.572942	1.643167
14748	-1172.961	-1299.652	126.6904	1.383408	0.2979877	0.494398	0.505602	1.035106
14754	-1162.265	-1288.739	126.4739	1.383408	0.3432126	0.485207	0.514793	1.141933
14760	-1163.684	-1290.048	126.3645	1.504686	0.5264244	0.563647	0.436353	0.7722611
14766	-1167.663	-1294.063	126.3997	1.468358	0.453223	0.425548	0.574452	0.9239756
14772	-1176.181	-1302.199	126.0178	1.410115	0.5134503	0.522959	0.477041	1.2402
14778	-1178.117	-1304.614	126.4972	1.208682	0.4540171	0.462014	0.537986	1.084406
14784	-1190.836	-1317.71	126.8742	1.118317	0.3048244	0.430339	0.569661	1.09669
14790	-1177.343	-1303.964	126.6213	0.971365	0.3048244	0.63484	0.36516	1.428891
14796	-1172.245	-1298.331	126.0866	1.001626	0.478937	0.49479	0.50521	1.550357
14802	-1170.854	-1296.713	125.8595	0.9041938	0.3955168	0.49479	0.50521	1.886524
14808	-1164.649	-1290.738	126.0887	0.8232912	0.390144	0.442263	0.557737	1.791919
14814	-1170.233	-1296.599	126.3657	0.8096845	0.3591465	0.452268	0.547732	1.650241
14820	-1170.646	-1296.673	126.0268	0.9600678	0.4801862	0.539659	0.460341	1.622799
14826	-1163.635	-1289.677	126.0423	0.8974247	0.3800778	0.39346	0.60654	1.786479
14832	-1178.567	-1303.775	125.2082	0.8974247	0.7418025	0.508521	0.491479	1.971321
14838	-1178.958	-1305.085	126.1266	1.090546	0.2997698	0.440707	0.559293	1.713309
14844	-1181.241	-1307.885	126.644	1.042437	0.2833465	0.628183	0.371817	1.395583
14850	-1168.832	-1295.423	126.591	1.01223	0.2892104	0.400377	0.599623	1.448917
14856	-1179.716	-1306.08	126.3639	1.285259	0.3548157	0.622358	0.377642	1.297729
14862	-1174.159	-1300.485	126.3266	1.122702	0.4594411	0.455885	0.544115	1.297729
14868	-1176.492	-1302.548	126.0559	1.164877	0.2905114	0.499229	0.500771	1.72607
14874	-1173.404	-1300.047	126.6435	1.153697	0.3086659	0.447829	0.552171	1.258895
14880	-1174.631	-1300.555	125.9235	1.037643	0.454414	0.346152	0.653848	1.6733
14886	-1168.126	-1293.948	125.8224	1.194993	0.5417723	0.351867	0.648133	1.526921
14892	-1165.908	-1291.634	125.7257	1.226462	0.6175741	0.483127	0.516873	1.491154
14898	-1172.723	-1298.837	126.1134	1.066647	0.4717255	0.503973	0.496027	1.491154
14904	-1173.945	-1299.891	125.9462	0.9469125	0.4717255	0.503973	0.496027	1.700221
14910	-1185.209	-1310.693	125.4834	0.8266751	0.6651286	0.503973	0.496027	1.900519
14916	-1173.956	-1299.847	125.8907	0.9952022	0.318325	0.450287	0.549713	1.912749
14922	-1168.637	-1294.358	125.7206	1.016339	0.5291565	0.443147	0.556853	1.743378
14928	-1174.706	-1300.989	126.2833	0.9483091	0.2599466	0.370981	0.629019	1.771195
14934	-1176.093	-1302.197	126.1047	1.22488	0.5125842	0.480655	0.519345	1.322
14940	-1181.048	-1307.081	126.0323	1.214085	0.6150943	0.271248	0.728752	1.26265
14946	-1164.397	-1290.239	125.8426	0.9756154	0.5867851	0.551784	0.448216	1.622765
14952	-1184.925	-1310.61	125.6852	1.195081	0.5365355	0.565541	0.434459	1.633229
14958	-1169.662	-1295.26	125.5983	0.8731694	0.5687771	0.57791	0.42209	1.884303
14964	-1170.242	-1295.409	125.1666	0.878051	0.396669	0.538436	0.461564	2.356052
14970	-1170.501	-1295.838	125.3373	0.931156	0.3964218	0.392801	0.607199	2.213106
14976	-1162.569	-1288.413	125.8438	0.8991222	0.4137313	0.599012	0.400988	1.876977
14982	-1167.933	-1294.476	126.5436	1.142278	0.3416657	0.552179	0.447821	1.290462
14988	-1165.284	-1291.533	126.2492	1.215637	0.4603291	0.552179	0.447821	1.283745
14994	-1168.55	-1294.619	126.0688	1.110811	0.4681688	0.541878	0.458122	1.496116
15000	-1162.407	-1288.293	125.8855	1.110811	0.5266584	0.440235	0.559765	1.560153
15006	-1172.053	-1297.681	125.6277	0.8824766	0.4446776	0.522716	0.477284	1.995499
15012	-1173.368	-1299.62	126.2523	0.8874615	0.4356598	0.434464	0.565536	1.568466
15018	-1186.202	-1312.198	125.996	0.8326346	0.335011	0.552945	0.447055	1.926605
15024	-1174.461	-1300.124	125.6634	0.806381	0.5664679	0.553694	0.446306	1.887813
15030	-1169.622	-1295.539	125.9172	0.9838881	0.5664679	0.512157	0.487843	1.584572
15036	-1167.526	-1293.847	126.3205	1.135655	0.3199115	0.474234	0.525766	1.506515
15042	-1172.392	-1298.823	126.4305	1.078322	0.3199115	0.459367	0.540633	1.466836
15048	-1174.982	-1301.18	126.1983	1.082406	0.3199115	0.507402	0.492598	1.635236
15054	-1164.356	-1290.619	126.2627	1.149008	0.3598155	0.471765	0.528235	1.475416
15060	-1166.474	-1292.603	126.129	1.263746	0.4677061	0.506594	0.493406	1.331769
15066	-1159.875	-1286.64	126.7651	1.263746	0.2290311	0.5273	0.4727	1.232092
15072	-1172.489	-1299.289	126.7994	1.233658	0.284374	0.496324	0.503676	1.103752
15078	-1179.145	-1305.609	126.4638	1.286029	0.3908149	0.574028	0.425972	1.150975
15084	-1181.927	-1307.86	125.9336	1.223858	0.6256612	0.316916	0.683084	1.322922
15090	-1176.198	-1302.196	125.9983	1.098685	0.3797511	0.436722	0.563278	1.676366
15096	-1171.164	-1297.078	125.9138	0.8668794	0.4097906	0.430294	0.569706	1.856228
15102	-1168.693	-1294.775	126.0828	1.047763	0.4692567	0.410795	0.589205	1.531326
15108	-1172.765	-1298.596	125.8309	1.047763	0.5766843	0.623313	0.376687	1.589724
15114	-1171.671	-1297.914	126.2426	1.072423	0.3327781	0.609376	0.390624	1.589724
15120	-1164.035	-1289.608	125.5727	1.001976	0.3637797	0.52326	0.47674	2.055682
15126	-1166.689	-1293.054	126.3649	1.062393	0.2937122	0.52326	0.47674	1.572398
15132	-1166.214	-1292.051	125.8367	0.8587651	0.4279116	0.438471	0.561529	1.891272
15138	-1169.553	-1295.367	125.8138	0.8792474	0.4292163	0.439213	0.560787	1.891272
15144	-1163.661	-1289.71	126.05	1.160755	0.2805516	0.38006	0.61994	1.749969
15150	-1156.255	-1282.426	126.1706	1.249458	0.3360111	0.552186	0.447814	1.507014
15156	-1158.253	-1284.791	126.538	1.33192	0.5199747	0.486409	0.513591	0.7856841
15162	-1164.387	-1290.655	126.2687	1.64212	0.5199747	0.360466	0.639534	0.7252385
15168	-1169.195	-1295.93	126.7345	1.628922	0.3146395	0.592382	0.407618	0.5903429
15174	-1170.647	-1296.891	126.2445	1.628922	0.5731512	0.606099	0.393901	0.6404454
15180	-1168.589	-1295.134	126.545	1.551541	0.4109569	0.606099	0.393901	0.7318956
15186	-1176.805	-1303.01	126.2049	1.560465	0.50394	0.677589	0.322411	0.9414127
15192	-1175.553	-1301.8	126.2476	1.825024	0.4698448	0.677589	0.322411	0.5124252
15198	-1175.213	-1301.509	126.296	1.815948	0.4413538	0.595914	0.404086	0.5786455
15204	-1174.871	-1301.273	126.4023	1.7025	0.4515518	0.595914	0.404086	0.4939823
15210	-1174.667	-1301.091	126.4236	1.653187	0.4607194	0.595914	0.404086	0.5812425
15216	-1172.664	-1298.89	126.2255	1.516243	0.5897943	0.435374	0.564626	0.8134241
15222	-1180.187	-1307.015	126.8279	1.303077	0.344451	0.38107	0.61893	0.864753
15228	-1172.963	-1299.378	126.4148	1.305754	0.3950085	0.453205	0.546795	1.169542
15234	-1172.803	-1299.309	126.5057	1.305754	0.3347603	0.41347	0.58653	1.197868
15240	-1164.079	-1290.218	126.1393	1.299541	0.5574965	0.500481	0.499519	1.171555
15246	-1171.113	-1297.403	126.2895	1.248905	0.5574965	0.389919	0.610081	1.082001
15252	-1172.655	-1299.234	126.5789	1.283426	0.464204	0.527646	0.472354	0.9090816
15258	-1173.763	-1299.993	126.2301	1.359769	0.3532164	0.527646	0.472354	1.348067
15264	-1165.508	-1292.012	126.504	1.382043	0.4677642	0.573217	0.426783	0.8750668
15270	-1175.459	-1301.479	126.0196	1.461121	0.6567329	0.446672	0.553328	0.9996137
15276	-1177.367	-1303.585	126.2186	1.245138	0.2962344	0.555647	0.444353	1.541195
15282	-1156.371	-1282.948	126.5767	1.156878	0.2962344	0.518681	0.481319	1.334123
15288	-1168.771	-1295.469	126.6983	1.054888	0.3335976	0.455655	0.544345	1.249266
15294	-1165.545	-1291.833	126.288	1.032989	0.3729266	0.554305	0.445695	1.523321
15300	-1177.312	-1303.16	125.8485	1.032989	0.4318425	0.467011	0.532989	1.758181
15306	-1174.303	-1299.996	125.6937	0.9653082	0.491929	0.442243	0.557757	1.839508
15312	-1178.497	-1304.6	126.1034	0.9340109	0.3018146	0.395902	0.604098	1.835129
15318	-1173.41	-1299.033	125.6238	1.089916	0.4156972	0.500169	0.499831	1.894325
15324	-1176.754	-1302.648	125.8943	1.069996	0.5121533	0.500169	0.499831	1.600605
15330	-1181.993	-1307.606	125.613	1.069996	0.5354591	0.485185	0.514815	1.774084
15336	-1157.447	-1283.497	126.0499	1.216462	0.3654729	0.533662	0.466338	1.574835
15342	-1161.491	-1288.045	126.5539	1.222005	0.3654729	0.533662	0.466338	1.172601
15348	-1166.448	-1292.969	126.5215	1.204721	0.3700017	0.533662	0.466338	1.20751
15354	-1173.477	-1299.441	125.9637	1.441637	0.7315011	0.533662	0.466338	0.9767823
15360	-1171.736	-1297.961	126.2258	1.136492	0.4575657	0.613565	0.386435	1.36995
15366	-1175.542	-1301.775	126.2332	0.9747137	0.3577395	0.392306	0.607694	1.628931
15372	-1169.709	-1295.691	125.9822	0.9514185	0.4816506	0.399409	0.600591	1.659315
15378	-1162.881	-1289.065	126.1842	1.120506	0.294807	0.402788	0.597212	1.659315
15384	-1178.597	-1304.327	125.7301	1.081433	0.6127756	0.621993	0.378007	1.600211
15390	-1170.64	-1296.545	125.9054	1.159556	0.4531406	0.404086	0.595914	1.600211
15396	-1177.669	-1304.139	126.4697	1.004204	0.315404	0.588789	0.411211	1.500755
15402	-1174.173	-1300.352	126.1787	1.047072	0.3704634	0.404942	0.595058	1.597106
15408	-1174.082	-1299.322	125.2392	1.178152	0.9795047	0.476561	0.523439	1.567373
15414	-1170.042	-1295.542	125.5002	1.044488	0.5515822	0.435829	0.564171	1.852231
15420	-1178.37	-1305.06	126.6898	1.200786	0.3210005	0.411059	0.588941	1.155354
15426	-1177.514	-1303.983	126.4683	1.153513	0.3327107	0.47835	0.52165	1.357445
15432	-1173.309	-1299.349	126.0404	1.107464	0.3636749	0.473964	0.526036	1.663288
15438	-1178.797	-1304.108	125.3108	0.9918779	0.3542137	0.551677	0.448323	2.245778
15444	-1172.916	-1299.058	126.1419	0.9997509	0.2821013	0.505389	0.494611	1.795484
15450	-1171.491	-1297.844	126.3529	1.14935	0.3549655	0.530629	0.469371	1.413848
15456	-1178.311	-1304.69	126.3792	1.033873	0.4657251	0.638281	0.361719	1.318206
15462	-1167.829	-1293.836	126.0067	0.9319036	0.4333821	0.470532	0.529468	1.71608
15468	-1175.442	-1301.967	126.5257	1.057183	0.3310032	0.459692	0.540308	1.391005
15474	-1176.773	-1302.934	126.1612	1.087976	0.3981981	0.540727	0.459273	1.539556
15480	-1173.819	-1299.805	125.9861	1.10943	0.5851936	0.586227	0.413773	1.417733
15486	-1175.9	-1301.749	125.8492	1.000939	0.4032955	0.560795	0.439205	1.817066
15492	-1184.205	-1309.681	125.4755	0.9950199	0.5059315	0.405164	0.594836	1.951772
15498	-1182.097	-1307.87	125.7731	0.8893627	0.33771	0.441646	0.558354	2.033857
15504	-1174.879	-1301.024	126.1454	1.102752	0.4418143	0.462456	0.537544	1.479516
15510	-1166.277	-1292.336	126.0585	1.260466	0.5034381	0.511845	0.488155	1.342464
15516	-1180.42	-1306.879	126.4595	1.008119	0.425328	0.536531	0.463469	1.332464
15522	-1172.899	-1299.584	126.6846	1.120905	0.3516669	0.487869	0.512131	1.171793
15528	-1171.531	-1297.59	126.0589	1.173696	0.3871353	0.585604	0.414396	1.56774
15534	-1180.889	-1307.52	126.6306	1.238381	0.3771712	0.525181	0.474819	1.067096
15540	-1174.402	-1300.855	126.4532	1.47765	0.4013131	0.525181	0.474819	0.9590747
15546	-1172.917	-1299.66	126.743	1.23158	0.331594	0.397794	0.602206	1.057412
15552	-1182.884	-1308.984	126.1006	1.727115	0.6228588	0.333593	0.666407	0.444929
15558	-1180.255	-1306.641	126.3867	1.884561	0.361097	0.524092	0.475908	0.444929
15564	-1174.732	-1300.826	126.0944	1.207802	0.5608592	0.500705	0.499295	1.282597
15570	-1171.397	-1297.656	126.259	1.062647	0.5082678	0.388374	0.611626	1.334
15576	-1175.712	-1301.2	125.4876	1.320044	0.8986524	0.646618	0.353382	1.334
15582	-1168.073	-1294.262	126.1887	1.102334	0.3964722	0.569524	0.430476	1.510941
15588	-1161.905	-1288	126.0951	1.191121	0.3989578	0.568362	0.431638	1.510941
15594	-1165.771	-1292.461	126.6908	1.20927	0.3492913	0.461031	0.538969	1.091531
15600	-1173.112	-1299.71	126.5975	1.113999	0.3617905	0.556349	0.443651	1.234225
15606	-1171.02	-1297.008	125.9872	1.099268	0.5987038	0.41178	0.58822	1.409378
15612	-1168.051	-1294.453	126.4024	1.099268	0.3580062	0.386409	0.613591	1.409378
15618	-1167.43	-1293.33	125.8997	1.011875	0.3580062	0.46097	0.53903	1.836929
15624	-1166.131	-1292.077	125.9452	0.8928273	0.4444921	0.422051	0.577949	1.772527
15630	-1159.573	-1285.663	126.0899	1.026886	0.334198	0.475091	0.524909	1.729421
15636	-1163.917	-1289.808	125.8906	1.053109	0.3920365	0.475091	0.524909	1.767226
15642	-1165.899	-1292.057	126.158	0.9923989	0.3920365	0.443884	0.556116	1.620603
15648	-1170.226	-1296.438	126.2119	0.9653171	0.3391367	0.443884	0.556116	1.679087
15654	-1161.925	-1287.228	125.3027	0.6931985	0.5408101	0.513688	0.486312	2.227118
15660	-1160.95	-1286.522	125.5725	0.8140871	0.470482	0.556635	0.443365	2.047468
15666	-1177.094	-1302.586	125.492	0.9062064	0.281816	0.508371	0.491629	2.288945
15672	-1168.731	-1294.666	125.9351	0.9533535	0.460897	0.50396	0.49604	1.716808
15678	-1169.125	-1295.438	126.3126	1.051788	0.4270723	0.392201	0.607799	1.411164
15684	-1171.771	-1297.827	126.0567	1.028887	0.3917102	0.599683	0.400317	1.667587
15690	-1169.678	-1295.731	126.0526	1.033079	0.3917102	0.48559	0.51441	1.667587
15696	-1167.463	-1293.078	125.6152	1.172856	0.4640913	0.577436	0.422564	1.783198
15702	-1174.421	-1300.969	126.5475	1.297186	0.3259444	0.577436	0.422564	1.185882
15708	-1168.187	-1294.432	126.2448	1.283734	0.4911221	0.616759	0.383241	1.185882
15714	-1173.745	-1300.22	126.4748	1.248064	0.3140417	0.31578	0.68422	1.309795
15720	-1172.542	-1298.543	126.0008	1.099007	0.4885621	0.487556	0.512444	1.529693
15726	-1165.88	-1292.312	126.4321	1.061989	0.2899854	0.426981	0.573019	1.529693
15732	-1172.921	-1298.855	125.9333	0.8974956	0.5035787	0.550901	0.449099	1.706377
15738	-1169.026	-1295.221	126.1951	0.8507436	0.3841911	0.488928	0.511072	1.706377
15744	-1175.701	-1302.113	126.4117	1.165205	0.2959677	0.479402	0.520598	1.456741
15750	-1178.577	-1305.309	126.7322	1.096272	0.200638	0.43482	0.56518	1.456741
15756	-1177.05	-1303.488	126.4379	1.111749	0.274164	0.608223	0.391777	1.516862
15762	-1177.893	-1304.101	126.208	1.09569	0.3031852	0.608223	0.391777	1.64606
15768	-1175.67	-1301.592	125.9224	1.176495	0.5400959	0.455948	0.544052	1.467688
15774	-1176.441	-1302.143	125.7021	1.046257	0.3640733	0.377258	0.622742	1.939388
15780	-1179.259	-1305.427	126.1678	1.178802	0.5417556	0.66406	0.33594	1.27036
15786	-1182.711	-1308.608	125.8977	1.107695	0.537011	0.555598	0.444402	1.541355
15792	-1174.512	-1300.274	125.7619	0.9170257	0.660352	0.48731	0.51269	1.648051
15798	-1181.349	-1307.259	125.9104	0.9975935	0.3945416	0.589323	0.410677	1.788686
15804	-1180.726	-1306.753	126.0267	1.030932	0.4778837	0.538378	0.461622	1.574165
15810	-1171.444	-1297.483	126.0394	1.131774	0.5174985	0.538378	0.461622	1.439988
15816	-1171.729	-1297.781	126.0519	1.046736	0.4153324	0.538378	0.461622	1.625747
15822	-1176.905	-1303.391	126.4867	1.318882	0.4811338	0.441342	0.558658	0.939159
15828	-1182.373	-1308.561	126.1884	1.273935	0.5453771	0.533362	0.466638	1.167362
15834	-1191.828	-1317.653	125.8252	1.273935	0.4941429	0.472601	0.527399	1.523232
15840	-1188.452	-1314.43	125.9788	1.273935	0.4683667	0.584065	0.415935	1.440409
15846	-1175.774	-1301.827	126.0527	1.071265	0.5642301	0.489997	0.510003	1.419998
15852	-1178.203	-1304.165	125.9618	1.026335	0.5526662	0.603411	0.396589	1.536069
15858	-1178.559	-1304.526	125.9671	1.425032	0.6320721	0.48883	0.51117	1.116048
15864	-1184.189	-1310.708	126.5198	1.400685	0.4769008	0.48883	0.51117	0.8135576
15870	-1180.457	-1307.028	126.5712	1.569734	0.3737141	0.51961	0.48039	0.7741341
15876	-1174.819	-1301.452	126.6332	1.354253	0.3737141	0.661866	0.338134	0.9567125
15882	-1176.367	-1303.028	126.6603	1.427284	0.3950886	0.442871	0.557129	0.7893627
15888	-1172.767	-1298.988	126.2214	1.498045	0.5844617	0.359359	0.640641	0.8513106
15894	-1178.636	-1304.992	126.3561	1.401802	0.5228188	0.647318	0.352682	0.916348
15900	-1175.406	-1301.704	126.2978	1.404973	0.4917481	0.547234	0.452766	1.025699
15906	-1175.32	-1301.974	126.6533	1.50828	0.3646603	0.547234	0.452766	0.7708528
15912	-1167.594	-1294.019	126.4253	1.384421	0.4590321	0.410218	0.589782	0.9747844
15918	-1170.853	-1297.3	126.4469	1.384421	0.4682572	0.607417	0.392583	0.9352218
15924	-1171.583	-1298.042	126.459	1.251662	0.5166198	0.561066	0.438934	0.9769552
15930	-1176.089	-1302.35	126.2618	1.494415	0.4600483	0.354764	0.645236	1.026529
15936	-1169.01	-1295.517	126.5071	1.494415	0.3702824	0.482938	0.517062	0.9493048
15942	-1171.125	-1297.444	126.3193	1.517493	0.5175494	0.482938	0.517062	0.8340806
15948	-1176.868	-1303.044	126.1762	1.517493	0.6117356	0.419512	0.580488	0.8340806
15954	-1176.714	-1303.337	126.6229	1.582868	0.3692543	0.399803	0.600197	0.6852202
15960	-1170.718	-1296.922	126.204	1.422619	0.7201442	0.507681	0.492319	0.7228512
15966	-1174.747	-1301.221	126.4736	1.335689	0.3743733	0.498791	0.501209	1.127083
15972	-1177.215	-1302.939	125.7237	1.189656	0.4491638	0.4542	0.5458	1.713823
15978	-1175.819	-1301.692	125.8733	0.9253389	0.4472288	0.531698	0.468302	1.79649
15984	-1167.01	-1292.71	125.6999	1.001742	0.4673744	0.519038	0.480962	1.83889
15990	-1174.775	-1300.951	126.1761	1.112156	0.2036412	0.500244	0.499756	1.83889
15996	-1178.626	-1304.579	125.9531	0.9744207	0.3490035	0.476801	0.523199	1.83889
16002	-1189.369	-1314.854	125.4846	0.9668155	0.617217	0.398094	0.601906	1.849441
16008	-1182.157	-1307.694	125.5373	0.9019735	0.3879538	0.540197	0.459803	2.112767
16014	-1185.659	-1311.564	125.9056	1.082439	0.2208655	0.540197	0.459803	2.00816
16020	-1185.13	-1311.486	126.3561	1.775433	0.4338856	0.527742	0.472258	0.4511131
16026	-1181.185	-1307.298	126.1134	1.928938	0.4739388	0.527742	0.472258	0.3992389
16032	-1177.599	-1303.994	126.3958	1.848754	0.3742593	0.362223	0.637777	0.4458098
16038	-1186.677	-1312.953	126.2762	1.730805	0.4918362	0.362223	0.637777	0.6291099
16044	-1179.819	-1305.828	126.009	1.192577	0.6008322	0.413839	0.586161	1.316051
16050	-1174.808	-1301.479	126.6715	1.701626	0.2986288	0.513106	0.486894	0.6587035
16056	-1177.2	-1303.37	126.1699	1.61216	0.6418116	0.342455	0.657545	0.6219586
16062	-1171.28	-1297.829	126.5496	1.307977	0.3378821	0.57404	0.42596	1.15181
16068	-1164.765	-1291.149	126.384	1.307977	0.4367742	0.459612	0.540388	1.125381
16074	-1170.616	-1296.967	126.3502	1.392391	0.4094637	0.399118	0.600882	1.125381
16080	-1179.908	-1306.386	126.4779	1.404465	0.3721677	0.532115	0.467885	1.063992
16086	-1162.934	-1289.418	126.4839	1.409774	0.366571	0.510368	0.489632	1.063992
16092	-1172.452	-1298.694	126.2417	1.409774	0.5869987	0.347897	0.652103	0.9248238
16098	-1174.086	-1300.479	126.3937	1.433471	0.4990658	0.547135	0.452865	0.8818478
16104	-1164.733	-1291.184	126.4505	1.446027	0.5401253	0.497395	0.502605	0.6952121
16110	-1178.893	-1304.824	125.9312	1.836036	0.6714271	0.531579	0.468421	0.492936
16116	-1176.776	-1303.388	126.6118	1.759262	0.3176873	0.554628	0.445372	0.492936
16122	-1177.749	-1304.281	126.5323	1.551204	0.4395917	0.522785	0.477215	0.6609073
16128	-1180.733	-1307.176	126.4426	1.511303	0.5195214	0.522785	0.477215	0.6469193
16134	-1181.157	-1308.042	126.8856	1.393021	0.3107069	0.522785	0.477215	0.7701459
16140	-1176.813	-1303.319	126.5064	1.55015	0.4186168	0.520236	0.479764	0.7701459
16146	-1175.946	-1302.233	126.2867	1.486666	0.5364676	0.526175	0.473825	0.8742199
16152	-1188.122	-1314.336	126.2133	1.426723	0.402936	0.636387	0.363613	1.225484
16158	-1170.047	-1296.545	126.4981	1.351311	0.3033282	0.532276	0.467724	1.225484
16164	-1171.334	-1297.767	126.4328	1.37613	0.4677762	0.465299	0.534701	0.959845
16170	-1173.422	-1299.902	126.4797	1.194677	0.3826253	0.458618	0.541382	1.230007
16176	-1173.771	-1299.591	125.82	1.194677	0.391718	0.458618	0.541382	1.717904
16182	-1175.651	-1300.977	125.3262	0.7991497	0.4932322	0.506886	0.493114	2.193192
16188	-1187.974	-1313.236	125.2613	0.6297431	0.4313719	0.56743	0.43257	2.411892
16194	-1177.894	-1304.028	126.134	1.110826	0.5403786	0.641183	0.358817	1.354274
16200	-1168.533	-1294.6	126.0677	1.165157	0.5480556	0.641183	0.358817	1.354274
16206	-1161.256	-1287.485	126.2288	1.10345	0.4865407	0.565263	0.434737	1.354274
16212	-1171.088	-1297.294	126.2058	1.047555	0.451409	0.565263	0.434737	1.462596
16218	-1185.593	-1312.314	126.7213	1.166597	0.3060731	0.464475	0.535525	1.187257
16224	-1182.863	-1309.585	126.7222	1.213142	0.2858856	0.542062	0.457938	1.187257
16230	-1182.792	-1309.47	126.6773	1.03215	0.2651952	0.413942	0.586058	1.412477
16236	-1182.644	-1308.47	125.8259	1.158416	0.60208	0.612169	0.387831	1.483678
16242	-1171.567	-1298.302	126.7344	1.185061	0.3062585	0.457561	0.542439	1.159379
16248	-1168.379	-1294.497	126.1176	1.255304	0.5118919	0.48434	0.51566	1.287856
16254	-1167.361	-1293.776	126.4146	1.219704	0.4201708	0.48434	0.51566	1.202648
16260	-1173.887	-1300.259	126.3724	1.243167	0.5967262	0.575785	0.424215	0.9480277
16266	-1182.696	-1308.77	126.0748	1.576999	0.5752608	0.631858	0.368142	0.9432882
16272	-1173.637	-1300.001	126.3635	1.552625	0.5180143	0.378059	0.621941	0.7217272
16278	-1169.073	-1295.381	126.309	1.432405	0.5023755	0.484662	0.515338	0.9693219
16284	-1163.096	-1289.261	126.1655	1.399313	0.4822888	0.531691	0.468309	1.167338
16290	-1164.148	-1290.628	126.4796	1.340276	0.4582426	0.382581	0.617419	0.96576
16296	-1170.324	-1296.431	126.1068	1.289398	0.479856	0.636393	0.363607	1.312155
16302	-1155.146	-1281.12	125.9737	1.031466	0.4837286	0.507164	0.492836	1.605202
16308	-1167.351	-1293.365	126.0142	1.075082	0.4007298	0.528095	0.471905	1.652477
16314	-1165.444	-1291.656	126.2121	0.9970051	0.2856447	0.472088	0.527912	1.74249
16320	-1159.113	-1285.346	126.233	0.9760572	0.2856447	0.473681	0.526319	1.74249
16326	-1159.199	-1285.183	125.9847	0.9760572	0.5313434	0.52115	0.47885	1.580754
16332	-1164.282	-1290.666	126.3833	1.002581	0.3066144	0.467734	0.532266	1.580754
16338	-1162.055	-1288.138	126.0831	1.180766	0.3851544	0.56761	0.43239	1.547592
16344	-1166.761	-1293.428	126.6665	1.152606	0.2835474	0.534813	0.465187	1.289457
16350	-1159.595	-1285.647	126.0514	1.238619	0.5549975	0.461621	0.538379	1.299799
16356	-1158.859	-1285.195	126.3353	1.177746	0.3364659	0.574503	0.425497	1.435795
16362	-1162.058	-1287.774	125.7157	1.138176	0.3980055	0.487463	0.512537	1.821486
16368	-1168.991	-1294.951	125.9602	1.051436	0.3218999	0.538164	0.461836	1.821486
16374	-1176.184	-1302.592	126.4076	1.105991	0.3218999	0.426198	0.573802	1.45984
16380	-1174.014	-1299.818	125.8037	1.105991	0.6154769	0.468475	0.531525	1.525196
16386	-1173.646	-1299.618	125.972	1.164562	0.3380021	0.477261	0.522739	1.709712
16392	-1185.287	-1311.797	126.5098	0.9602091	0.203934	0.515727	0.484273	1.71175
16398	-1165.739	-1291.881	126.1419	0.8530303	0.2767837	0.547133	0.452867	1.904851
16404	-1168.617	-1294.653	126.0361	1.226176	0.4634115	0.4054	0.5946	1.439694
16410	-1167.202	-1293.176	125.9742	1.019504	0.4259607	0.500505	0.499495	1.686701
16416	-1155.043	-1281.145	126.1021	1.06331	0.5097552	0.510633	0.489367	1.453958
16422	-1158.444	-1284.142	125.6979	1.299178	0.445392	0.546858	0.453142	1.659095
16428	-1156.031	-1282.278	126.2471	1.299178	0.3464317	0.552961	0.447039	1.393623
16434	-1159.073	-1285.273	126.1997	1.297263	0.2531788	0.503594	0.496406	1.59479
16440	-1165.982	-1291.975	125.9927	1.031573	0.4575623	0.602721	0.397279	1.624009
16446	-1161.864	-1288.097	126.2331	1.061063	0.4174741	0.431564	0.568436	1.478512
16452	-1169.732	-1295.748	126.0153	1.0744	0.4821776	0.429696	0.570304	1.545221
16458	-1172.681	-1299.45	126.7693	1.122264	0.3718489	0.389522	0.610478	1.055873
16464	-1176.754	-1303.144	126.3897	1.424333	0.4503212	0.387954	0.612046	0.9860686
16470	-1172.685	-1299.485	126.8007	1.424333	0.3158793	0.497497	0.502503	0.8263151
16476	-1173.65	-1300.365	126.7152	1.424333	0.3158793	0.550692	0.449308	0.9259235
16482	-1173.595	-1300.589	126.9936	1.519198	0.1832947	0.538658	0.461342	0.9007458
16488	-1171.519	-1298.101	126.5818	1.355593	0.3312386	0.442937	0.557063	1.092823
16494	-1166.999	-1293.173	126.1746	1.007367	0.437518	0.417078	0.582922	1.534837
16500	-1177.774	-1303.924	126.1495	1.219839	0.3700072	0.417078	0.582922	1.491603
16506	-1175.858	-1301.83	125.9718	1.257584	0.4544745	0.590713	0.409287	1.476618
16512	-1186.969	-1312.842	125.8727	0.9138118	0.5115976	0.292494	0.707506	1.728346
16518	-1178.534	-1305.131	126.5975	0.9750291	0.3211398	0.664177	0.335823	1.415927
16524	-1172.684	-1298.993	126.3095	1.219021	0.4037319	0.464009	0.535991	1.31624
16530	-1180.357	-1306.473	126.1158	1.343282	0.3564581	0.398963	0.601037	1.444646
16536	-1180.184	-1306.813	126.6295	1.122709	0.2928804	0.447059	0.552941	1.325545
16542	-1166.021	-1291.712	125.6918	0.8717566	0.4833208	0.513877	0.486123	1.914429
16548	-1172.967	-1298.63	125.6633	0.9965377	0.5009386	0.602399	0.397601	1.828659
16554	-1173.175	-1299.211	126.036	1.114878	0.4019354	0.533953	0.466047	1.606383
16560	-1166.374	-1292.641	126.2675	1.186481	0.4461617	0.533953	0.466047	1.312954
16566	-1159.558	-1285.573	126.015	1.397611	0.5724624	0.492134	0.507866	1.174665
16572	-1153.298	-1279.545	126.2468	1.552847	0.5481179	0.505515	0.494485	0.8200126
16578	-1165.738	-1292.11	126.372	1.40299	0.5166608	0.537118	0.462882	0.9083424
16584	-1175.277	-1301.58	126.3027	1.347698	0.5633726	0.535606	0.464394	0.9635435
16590	-1171.511	-1297.592	126.0815	1.395098	0.7144905	0.500733	0.499267	0.9244341
16596	-1163.793	-1290.122	126.3293	1.395098	0.4502095	0.500733	0.499267	1.073458
16602	-1174.99	-1300.855	125.8652	1.623372	0.8098405	0.360932	0.639068	0.7663409
16608	-1164.224	-1291.049	126.8249	1.439796	0.3086179	0.402546	0.597454	0.7960043
16614	-1165.729	-1291.925	126.1956	1.439796	0.61242	0.539348	0.460652	0.9017224
16620	-1169.864	-1296.28	126.4158	1.408956	0.4900686	0.625812	0.374188	0.9017224
16626	-1166.859	-1293.082	126.2224	1.433895	0.5979274	0.511388	0.488612	0.9017224
16632	-1167.15	-1293.497	126.3472	1.458016	0.5846503	0.512841	0.487159	0.7343982
16638	-1171.998	-1298.715	126.7173	1.377505	0.3303375	0.398486	0.601514	0.9396019
16644	-1163.97	-1290.35	126.38	1.431937	0.4773177	0.433677	0.566323	0.9393236
16650	-1166.325	-1292.889	126.5642	1.412046	0.4347587	0.551604	0.448396	0.8371117
16656	-1174.168	-1300.652	126.4843	1.292677	0.3417685	0.447981	0.552019	1.214421
16662	-1165.222	-1291.787	126.5648	1.292677	0.3054794	0.50385	0.49615	1.214421
16668	-1170.538	-1296.769	126.2308	1.036709	0.3906362	0.571742	0.428258	1.53686
16674	-1179.28	-1305.535	126.2547	0.9554435	0.3312747	0.448794	0.551206	1.667781
16680	-1167.942	-1293.518	125.576	0.95272	0.4867452	0.560414	0.439586	1.934085
16686	-1165.972	-1291.824	125.8519	1.069299	0.407382	0.504339	0.495661	1.762333
16692	-1181.103	-1306.631	125.5288	0.8555375	0.4435628	0.578108	0.421892	2.080214
16698	-1168.25	-1294.761	126.5113	1.036299	0.3302737	0.514714	0.485286	1.419603
16704	-1173.151	-1299.737	126.5864	1.387978	0.3330175	0.464627	0.535373	1.054612
16710	-1167.181	-1293.737	126.5562	1.420915	0.3455824	0.551416	0.448584	1.025975
16716	-1172.93	-1299.886	126.956	1.464417	0.2619426	0.446047	0.553953	0.7334086
16722	-1166.752	-1292.891	126.1382	1.562228	0.4775613	0.451411	0.548589	1.051122
16728	-1168.987	-1295.083	126.0961	1.374128	0.6454526	0.451411	0.548589	1.025295
16734	-1169.225	-1295.853	126.6275	1.437317	0.3112842	0.489923	0.510077	1.013907
16740	-1175.798	-1301.973	126.1749	0.7649884	0.3700697	0.599508	0.400492	1.800289
16746	-1167.816	-1293.626	125.8097	1.020951	0.53961	0.473213	0.526787	1.665355
16752	-1186.704	-1311.539	124.8356	1.299743	1.132139	0.60772	0.39228	1.665355
16758	-1177.278	-1303.399	126.1206	1.299743	0.5864734	0.392434	0.607566	1.149558
16764	-1174.498	-1300.854	126.3565	1.566198	0.5341343	0.511719	0.488281	0.6635653
16770	-1183.901	-1310.578	126.6776	1.54813	0.2739128	0.437762	0.562238	0.9397334
16776	-1181.636	-1308.55	126.9149	1.451114	0.3012711	0.502986	0.497014	0.6606768
16782	-1187.004	-1313.759	126.7548	1.451114	0.2991703	0.481005	0.518995	0.894826
16788	-1185.283	-1311.881	126.5977	1.458872	0.3401557	0.481005	0.518995	0.9575273
16794	-1170.139	-1296.675	126.5359	1.382709	0.3866856	0.459255	0.540745	1.000661
16800	-1165.152	-1291.655	126.5021	1.383048	0.4398405	0.582684	0.417316	0.9313671
16806	-1171.817	-1298.231	126.4132	1.360219	0.5063958	0.519261	0.480739	0.9284068
16812	-1177.64	-1303.611	125.9716	0.9177988	0.6116503	0.518437	0.481563	1.544299
16818	-1178.732	-1303.965	125.233	1.07195	0.6225702	0.589913	0.410087	1.943715
16824	-1186.98	-1313.299	126.3185	1.221239	0.4034665	0.548697	0.451303	1.307541
16830	-1180.142	-1306.58	126.4388	1.487831	0.4573125	0.416056	0.583944	0.8484229
16836	-1181.161	-1307.607	126.4456	1.354847	0.4175806	0.412177	0.587823	1.057872
16842	-1179.258	-1305.427	126.1693	1.616712	0.572801	0.432177	0.567823	0.7881654
16848	-1173.385	-1299.62	126.2342	1.671267	0.5416037	0.514297	0.485703	0.6744245
16854	-1175.881	-1302.292	126.411	1.576702	0.4909458	0.539373	0.460627	0.6739435
16860	-1178.962	-1305.231	126.2688	1.350373	0.4909458	0.539373	0.460627	1.105771
16866	-1180.102	-1306.214	126.1115	1.377575	0.5612841	0.451784	0.548216	1.121866
16872	-1180.181	-1306.606	126.425	1.400622	0.4635259	0.451784	0.548216	0.950133
16878	-1176.243	-1302.448	126.2053	1.449837	0.5674139	0.563405	0.436595	0.9521882
16884	-1178.226	-1304.415	126.1895	1.449837	0.5779723	0.49262	0.50738	0.9521882
16890	-1174.331	-1300.102	125.7715	1.229468	0.6462387	0.554655	0.445345	1.423446
16896	-1177.175	-1303.734	126.5592	1.149985	0.350555	0.433032	0.566968	1.255661
16902	-1184.02	-1310.146	126.1257	0.9391853	0.4466347	0.395653	0.604347	1.608681
16908	-1181.747	-1307.344	125.5972	1.103789	0.684609	0.454729	0.545271	1.608681
16914	-1185.131	-1311.186	126.0541	1.103789	0.5386004	0.565716	0.434284	1.424374
16920	-1181.358	-1307.373	126.0154	1.227493	0.4277663	0.415834	0.584166	1.502708
16926	-1182.072	-1308.239	126.1667	1.194735	0.6290601	0.415834	0.584166	1.147309
16932	-1177.064	-1303.667	126.6026	1.312601	0.3939704	0.479088	0.520912	0.9897419
16938	-1181.237	-1308.146	126.9089	1.223076	0.3273593	0.553167	0.446833	0.9061356
16944	-1178.408	-1305.193	126.7848	1.250722	0.3469969	0.377197	0.622803	0.964222
16950	-1178.6	-1305.091	126.4909	1.4236	0.4195376	0.515818	0.484182	0.9399624
16956	-1190.938	-1317.609	126.6709	1.335992	0.431856	0.470321	0.529679	0.8046473
16962	-1178.068	-1304.458	126.3907	1.50065	0.4320754	0.294822	0.705178	0.9399172
16968	-1162.741	-1288.913	126.1716	1.376218	0.5452031	0.441618	0.558382	1.090897
16974	-1170.433	-1296.57	126.1376	1.305143	0.5452031	0.557516	0.442484	1.184698
16980	-1187.356	-1314.25	126.8943	1.275117	0.255064	0.491962	0.508038	1.044548
16986	-1173.731	-1299.786	126.0554	1.126881	0.5571264	0.573754	0.426246	1.383137
16992	-1173.693	-1299.927	126.2337	1.038414	0.397611	0.552447	0.447553	1.52339
16998	-1165.487	-1291.446	125.9591	1.087189	0.397611	0.453837	0.546163	1.687424
17004	-1165.603	-1291.182	125.5795	1.120413	0.6282632	0.614456	0.385544	1.664791
17010	-1167.612	-1293.801	126.1893	1.145122	0.3239989	0.568604	0.431396	1.589676
17016	-1171.976	-1298.13	126.1542	1.176535	0.324572	0.462914	0.537086	1.591407
17022	-1178.952	-1305.142	126.1899	0.9844856	0.3754737	0.299595	0.700405	1.626993
17028	-1174.875	-1300.876	126.0008	1.148558	0.3754737	0.433488	0.566512	1.645033
17034	-1167.954	-1293.643	125.6885	0.9123379	0.4182139	0.423675	0.576325	1.967327
17040	-1170.028	-1295.89	125.8626	0.9262677	0.4182139	0.596582	0.403418	1.839745
17046	-1163.366	-1289.449	126.0832	0.9538021	0.4028826	0.596582	0.403418	1.686797
17052	-1176.34	-1302.368	126.0282	1.013751	0.4962879	0.409667	0.590333	1.562962
17058	-1171.399	-1297.209	125.8106	0.9496229	0.3063345	0.565937	0.434063	2.015329
17064	-1171.955	-1298.192	126.2373	0.9989838	0.4152661	0.342385	0.657615	1.524965
17070	-1172.436	-1298.55	126.1135	1.156846	0.4424648	0.470525	0.529475	1.461832
17076	-1181.562	-1307.253	125.6907	0.9421	0.4676327	0.470525	0.529475	1.885668
17082	-1163.143	-1288.809	125.6667	0.8456762	0.4663159	0.469266	0.530734	1.968517
17088	-1159.847	-1285.272	125.4257	0.9541172	0.3918075	0.469266	0.530734	2.146679
17094	-1162.149	-1288.356	126.2074	1.107909	0.40085	0.465753	0.534247	1.486327
17100	-1160.603	-1286.758	126.1547	0.9640306	0.4605764	0.53813	0.46187	1.551233
17106	-1163.694	-1289.745	126.0509	1.110747	0.4365071	0.453309	0.546691	1.551233
17112	-1172.863	-1298.841	125.9781	1.110747	0.5406395	0.58105	0.41895	1.474658
17118	-1169.37	-1295.128	125.7579	1.013709	0.3149654	0.568505	0.431495	1.994645
17124	-1176.441	-1302.264	125.8236	0.8120369	0.3593328	0.401267	0.598733	2.021373
17130	-1178.517	-1304.765	126.2479	0.9490215	0.4497215	0.437364	0.562636	1.507401
17136	-1173.18	-1299.805	126.625	1.205605	0.3490993	0.440616	0.559384	1.154473
17142	-1173.597	-1299.664	126.0666	1.129887	0.4372453	0.445276	0.554724	1.524408
17148	-1178.863	-1304.754	125.891	1.046853	0.5692848	0.437109	0.562891	1.554498
17154	-1167.005	-1293.421	126.4163	1.209536	0.3625003	0.507393	0.492607	1.303666
17160	-1170.021	-1296.058	126.0371	0.9516629	0.549337	0.527635	0.472365	1.539444
17166	-1165.13	-1291.216	126.0864	1.149022	0.495589	0.523325	0.476675	1.418207
17172	-1175.535	-1300.95	125.4152	1.202062	0.7563508	0.592276	0.407724	1.603119
17178	-1178.107	-1304.188	126.0819	1.088859	0.5614516	0.541057	0.458943	1.386972
17184	-1173.627	-1300.129	126.5015	1.153136	0.2764305	0.450378	0.549622	1.433218
17190	-1171.364	-1297.795	126.4307	1.2221	0.3522147	0.384146	0.615854	1.299126
17196	-1163.879	-1290.683	126.8043	1.379929	0.2980692	0.45	0.55	0.9217994
17202	-1167.826	-1294.49	126.664	1.263141	0.3260397	0.538424	0.461576	1.112699
17208	-1175.984	-1302.267	126.2829	1.262501	0.5542915	0.538424	0.461576	1.080064
17214	-1176.867	-1303.513	126.6461	1.226586	0.2718745	0.539303	0.460697	1.268975
17220	-1164.384	-1290.831	126.447	1.185522	0.3551175	0.523607	0.476393	1.310658
17226	-1172.001	-1298.749	126.7472	1.249531	0.3112509	0.609441	0.390559	1.079184
17232	-1168.617	-1294.183	125.5658	1.263932	0.7241553	0.572953	0.427047	1.47548
17238	-1173.136	-1299.549	126.4137	1.263932	0.5164711	0.460464	0.539536	1.010472
17244	-1170.186	-1296.306	126.1201	1.354625	0.5411307	0.458207	0.541793	1.162305
17250	-1172.057	-1298.288	126.2311	1.251075	0.4107366	0.625185	0.374815	1.342676
17256	-1172.241	-1298.819	126.5781	1.533458	0.3920067	0.625185	0.374815	0.7641181
17262	-1169.947	-1296.504	126.5572	1.494687	0.3516444	0.541959	0.458041	0.9366572
17268	-1172.672	-1299.243	126.5719	1.563426	0.3996053	0.529058	0.470942	0.7036556
17274	-1173.701	-1299.964	126.2625	1.529388	0.5884151	0.416315	0.583685	0.74632
17280	-1169.965	-1295.485	125.5206	1.529388	1.076151	0.446704	0.553296	0.9569783
17286	-1178.562	-1305.19	126.628	1.445874	0.4349879	0.633145	0.366855	0.6952436
17292	-1186.06	-1312.665	126.6047	1.445874	0.3431766	0.583012	0.416988	0.9569919
17298	-1178.906	-1304.831	125.9252	1.674165	0.6935963	0.429445	0.570555	0.8114061
17304	-1185.839	-1312.036	126.1968	1.620687	0.5630096	0.593183	0.406817	0.7647645
17310	-1185.207	-1311.285	126.0778	1.099947	0.5403132	0.494809	0.505191	1.406964
17316	-1186.688	-1313.6	126.9122	1.144241	0.2878553	0.458491	0.541509	1.074383
17322	-1175.222	-1301.256	126.0342	1.100063	0.6039346	0.458491	0.541509	1.366098
17328	-1184.097	-1310.436	126.3387	1.040552	0.5014102	0.475179	0.524821	1.296659
17334	-1175.602	-1302.104	126.5022	1.478702	0.4264949	0.498806	0.501194	0.8499403
17340	-1174.234	-1300.76	126.5262	1.478702	0.3615372	0.462901	0.537099	0.9644588
17346	-1170.908	-1297.487	126.579	1.285567	0.3649049	0.618285	0.381715	1.0943
17352	-1164.324	-1290.78	126.4561	1.318612	0.3968099	0.505653	0.494347	1.118324
17358	-1162.878	-1289.48	126.6027	1.235888	0.3831246	0.42637	0.57363	1.084352
17364	-1157.306	-1283.429	126.1231	1.235888	0.3552292	0.480443	0.519557	1.522089
17370	-1167.477	-1292.657	125.1801	0.7655537	0.4618186	0.526558	0.473442	2.342867
17376	-1167.291	-1292.957	125.6663	0.7655537	0.3518275	0.448067	0.551933	2.165491
17382	-1180.405	-1306.407	126.0026	0.8235453	0.3518275	0.414021	0.585979	1.904026
17388	-1176.504	-1302.449	125.9447	0.7506013	0.2974643	0.557099	0.442901	2.071953
17394	-1175.468	-1300.96	125.4925	0.7273049	0.3895254	0.606223	0.393777	2.253131
17400	-1170.586	-1296.282	125.696	0.792984	0.3895254	0.57433	0.42567	2.078108
17406	-1179.259	-1304.965	125.7064	0.8435098	0.2927313	0.57433	0.42567	2.174313
17412	-1169.357	-1295.246	125.8887	0.873914	0.3204849	0.562448	0.437552	1.992381
17418	-1174.661	-1299.661	125.0006	0.8833988	0.3204849	0.463031	0.536969	2.556291
17424	-1173.186	-1298.861	125.6755	0.8582279	0.3600453	0.430661	0.569339	2.087714
17430	-1169.457	-1295.63	126.1729	1.017862	0.2671103	0.476491	0.523509	1.787042
17436	-1166.183	-1291.652	125.4696	0.8712862	0.4575503	0.457814	0.542186	2.092483
17442	-1169.341	-1295.313	125.9721	1.007446	0.3730027	0.558471	0.441529	1.768654
17448	-1168.83	-1294.627	125.7971	1.063667	0.4533312	0.530537	0.469463	1.745612
17454	-1166.901	-1292.64	125.7398	1.016821	0.507225	0.526486	0.473514	1.754304
17460	-1171.861	-1297.978	126.1171	1.023542	0.307602	0.470215	0.529785	1.754304
17466	-1175.108	-1301.144	126.0361	1.152087	0.355479	0.580249	0.419751	1.64652
17472	-1180.168	-1306.31	126.1422	1.140159	0.4728569	0.478332	0.521668	1.411619
17478	-1174.069	-1300.153	126.0841	1.140159	0.4728569	0.477433	0.522567	1.456187
17484	-1183.875	-1310.219	126.3435	0.9382186	0.4728569	0.619915	0.380085	1.41213
17490	-1170.467	-1296.663	126.1959	1.027891	0.39649	0.507241	0.492759	1.560761
17496	-1174.203	-1300.498	126.2952	1.071456	0.3604751	0.531379	0.468621	1.508216
17502	-1166.58	-1292.972	126.3926	1.126361	0.4553305	0.500524	0.499476	1.246277
17508	-1165.03	-1291.261	126.2306	1.205537	0.5039756	0.478006	0.521994	1.246277
17514	-1176.71	-1303.079	126.3689	1.176545	0.4404784	0.596694	0.403306	1.246277
17520	-1188.148	-1314.66	126.5115	1.469628	0.4436265	0.531007	0.468993	0.8104838
17526	-1177.947	-1304.624	126.677	1.480394	0.3782959	0.480875	0.519125	0.7360359
17532	-1173.939	-1299.935	125.996	1.444196	0.6852101	0.33095	0.66905	1.002016
17538	-1188.969	-1315.159	126.1898	1.705376	0.580802	0.385505	0.614495	0.5090744
17544	-1195.341	-1321.814	126.4723	1.079951	0.3928705	0.429974	0.570026	1.31402
17550	-1191.42	-1317.603	126.1831	1.697305	0.5003621	0.423834	0.576166	0.8144196
17556	-1172.91	-1299.111	126.2009	1.443047	0.6584078	0.456444	0.543556	0.8144196
17562	-1185.384	-1311.67	126.2863	1.268536	0.3372938	0.587701	0.412299	1.40221
17568	-1178.645	-1304.883	126.2378	1.268536	0.5478472	0.587701	0.412299	1.12497
17574	-1167.883	-1292.957	125.0734	0.8966965	0.5081758	0.474832	0.525168	2.277232
17580	-1172.143	-1297.555	125.4117	0.7523032	0.3441664	0.480938	0.519062	2.347962
17586	-1175.284	-1300.786	125.5025	0.7180088	0.4513874	0.519008	0.480992	2.178147
17592	-1168.942	-1294.468	125.527	1.04313	0.438568	0.5096	0.4904	1.962805
17598	-1172.63	-1298.99	126.3602	1.065848	0.2937096	0.59074	0.40926	1.573318
17604	-1168.527	-1294.417	125.8902	0.993082	0.2937096	0.566082	0.433918	1.95275
17610	-1168.696	-1294.077	125.3807	0.9974957	0.4263207	0.484715	0.515285	2.104914
17616	-1161.538	-1287.355	125.817	0.9334648	0.4693788	0.360778	0.639222	1.802907
17622	-1170.175	-1295.85	125.6749	1.027914	0.4693788	0.354512	0.645488	1.835704
17628	-1167.414	-1292.76	125.3464	1.116275	0.6210596	0.466277	0.533723	1.83798
17634	-1174.283	-1299.779	125.4957	0.9494096	0.4547488	0.52398	0.47602	2.0269
17640	-1177.951	-1303.524	125.5732	0.7088909	0.35778	0.414125	0.585875	2.25425
17646	-1173.287	-1298.047	124.7598	0.767167	0.5148942	0.446037	0.553963	2.549905
17652	-1168.444	-1294.478	126.0339	0.8316603	0.3280576	0.446037	0.553963	1.911892
17658	-1183.212	-1309.154	125.9428	1.056165	0.6312279	0.512821	0.487179	1.440978
17664	-1186.75	-1313.241	126.4912	1.743616	0.3729511	0.330375	0.669625	0.6031584
17670	-1181.84	-1308.221	126.381	1.478102	0.5534778	0.496295	0.503705	0.7234971
17676	-1191.866	-1318.25	126.3845	1.389462	0.5534778	0.604411	0.395589	0.8418324
17682	-1185.113	-1311.785	126.6722	1.474524	0.2740452	0.410013	0.589987	1.020059
17688	-1192.388	-1319.045	126.6576	1.346475	0.3278248	0.516983	0.483017	1.037064
17694	-1195.651	-1321.61	125.9586	1.238975	0.5055587	0.45588	0.54412	1.434607
17700	-1179.685	-1306.099	126.4135	1.405293	0.4215842	0.604593	0.395407	1.033126
17706	-1182.963	-1309.306	126.3433	1.402636	0.4620505	0.448618	0.551382	1.033126
17712	-1170.819	-1297.212	126.393	1.446582	0.4620505	0.449508	0.550492	0.9380029
17718	-1178.463	-1304.869	126.406	1.240551	0.5359416	0.421354	0.578646	1.010518
17724	-1188.052	-1314.459	126.4066	1.270332	0.4507623	0.64635	0.35365	1.116215
17730	-1177.438	-1303.909	126.4711	1.253394	0.3569999	0.525455	0.474545	1.231633
17736	-1177.915	-1304.364	126.4483	1.16835	0.3479829	0.548562	0.451438	1.335453
17742	-1176.3	-1303.01	126.7099	1.098426	0.264856	0.528049	0.471951	1.335453
17748	-1173.152	-1299.797	126.645	1.245557	0.1869487	0.528049	0.471951	1.441145
17754	-1171.149	-1297.048	125.8987	1.184841	0.3728725	0.528049	0.471951	1.695726
17760	-1169.89	-1295.71	125.8196	1.111736	0.36436	0.471847	0.528153	1.814247
17766	-1165.082	-1291.46	126.3776	1.103621	0.4296267	0.510956	0.489044	1.315188
17772	-1165.31	-1290.918	125.6087	0.9553542	0.5946871	0.395949	0.604051	1.794243
17778	-1157.56	-1283.016	125.4558	0.9553542	0.5481988	0.55139	0.44861	1.946383
17784	-1159.735	-1285.329	125.5936	0.9330105	0.4772015	0.524006	0.475994	1.946383
17790	-1161.689	-1287.341	125.6512	1.062096	0.4772015	0.358423	0.641577	1.819289
17796	-1170.344	-1297.175	126.8307	1.394297	0.2320691	0.47666	0.52334	1.049777
17802	-1178.826	-1305.329	126.5038	1.494108	0.4279535	0.528776	0.471224	0.8255112
17808	-1179.256	-1305.879	126.623	1.485983	0.3944691	0.547873	0.452127	0.7608902
17814	-1171.635	-1298.066	126.4312	1.763689	0.3954013	0.553066	0.446934	0.5891482
17820	-1173.474	-1300.24	126.766	1.717237	0.2693835	0.568062	0.431938	0.4675037
17826	-1182.762	-1308.65	125.8881	1.687526	0.8213123	0.527527	0.472473	0.5529439
17832	-1173.036	-1299.31	126.2743	1.605866	0.5675094	0.521116	0.478884	0.644356
17838	-1171.714	-1298.471	126.7568	1.446944	0.3273678	0.503915	0.496085	0.8207963
17844	-1173.511	-1300.188	126.6765	1.446944	0.3693331	0.520919	0.479081	0.8098252
17850	-1181.82	-1308.007	126.1868	1.6403	0.6020453	0.548985	0.451015	0.6485939
17856	-1173.64	-1300.078	126.4371	1.542135	0.4598857	0.454359	0.545641	0.7738443
17862	-1178.85	-1305.598	126.7479	1.409094	0.3511337	0.486723	0.513277	0.8151633
17868	-1188.123	-1314.624	126.5017	1.490286	0.4903249	0.33789	0.66211	0.6675031
17874	-1173.826	-1300.699	126.8733	1.490286	0.2736231	0.406575	0.593425	0.7744554
17880	-1175.577	-1302.08	126.5023	1.467747	0.4649326	0.443025	0.556975	0.7744554
17886	-1176.582	-1303	126.418	1.341236	0.4867658	0.563172	0.436828	0.9777076
17892	-1177.573	-1304.295	126.722	1.106614	0.2512654	0.465753	0.534247	1.347004
17898	-1192.795	-1318.649	125.8543	1.205055	0.763907	0.649221	0.350779	1.255026
17904	-1182.355	-1308.506	126.1509	1.234319	0.4447366	0.609786	0.390214	1.369842
17910	-1170.296	-1296.881	126.5841	1.567127	0.3797721	0.434097	0.565903	0.7410068
17916	-1168.973	-1295.657	126.6836	1.46517	0.387509	0.624025	0.375975	0.7206435
17922	-1178.054	-1304.48	126.4267	1.527349	0.4155646	0.587409	0.412591	0.9048355
17928	-1172.749	-1299.065	126.3163	1.519756	0.5788632	0.471162	0.528838	0.6975546
17934	-1173.206	-1299.623	126.4167	1.519756	0.4252102	0.433938	0.566062	0.9043939
17940	-1180.221	-1306.634	126.413	1.519756	0.4604087	0.585718	0.414282	0.8341518
17946	-1186.603	-1313.343	126.74	1.354785	0.3716193	0.521824	0.478176	0.8403465
17952	-1192.131	-1319.266	127.1345	1.484366	0.1622581	0.567512	0.432488	0.8570117
17958	-1181.079	-1307.696	126.6164	1.436453	0.2994011	0.573971	0.426029	1.051986
17964	-1178.99	-1305.435	126.4446	1.494406	0.2798634	0.573971	0.426029	1.196595
17970	-1194.644	-1320.466	125.8213	1.230035	0.720371	0.565412	0.434588	1.306133
17976	-1182.579	-1309.017	126.4378	1.230472	0.4111946	0.547167	0.452833	1.187994
17982	-1173.029	-1299.417	126.3879	1.283017	0.5240222	0.547167	0.452833	1.005098
17988	-1176.215	-1302.655	126.44	1.123083	0.4302572	0.383128	0.616872	1.247092
17994	-1177.591	-1303.203	125.6121	1.396238	0.7012261	0.591081	0.408919	1.360283
18000	-1174.09	-1300.446	126.3554	1.396238	0.4781284	0.359981	0.640019	1.000213
18006	-1177.673	-1303.87	126.1966	1.465062	0.5788325	0.416299	0.583701	0.9268949
18012	-1173.18	-1299.632	126.4523	1.591777	0.4525092	0.557592	0.442408	0.6921448
18018	-1173.597	-1300.031	126.434	1.641698	0.3792889	0.629567	0.370433	0.8448308
18024	-1176.247	-1302.902	126.6548	1.246604	0.2898767	0.404214	0.595786	1.208171
18030	-1181.025	-1307.558	126.5332	0.9386279	0.442543	0.380351	0.619649	1.30376
18036	-1184.761	-1310.962	126.2015	1.214767	0.51925	0.537238	0.462762	1.242147
18042	-1170.277	-1296.529	126.2525	1.442167	0.497645	0.512087	0.487913	1.023993
18048	-1174.24	-1299.896	125.6556	1.353002	0.7967515	0.521973	0.478027	1.264401
18054	-1176.115	-1302.006	125.8912	1.238337	0.3344516	0.509834	0.490166	1.720068
18060	-1179.508	-1305.613	126.1043	1.238337	0.5040953	0.474539	0.525461	1.322646
18066	-1167.272	-1293.327	126.0553	1.281169	0.4739514	0.48763	0.51237	1.367894
18072	-1172.677	-1299.053	126.376	1.199908	0.2746234	0.490295	0.509705	1.496365
18078	-1170.775	-1296.724	125.949	1.009809	0.2827659	0.480779	0.519221	1.91948
18084	-1162.657	-1288.312	125.6554	1.009182	0.5640395	0.576245	0.423755	1.75605
18090	-1174.549	-1300.93	126.3809	1.040455	0.3322325	0.637343	0.362657	1.512191
18096	-1179.614	-1305.406	125.7921	1.18816	0.5287925	0.329097	0.670903	1.56945
18102	-1167.705	-1294.211	126.5059	1.112191	0.3273499	0.45031	0.54969	1.369691
18108	-1171.55	-1297.715	126.1652	1.112191	0.621615	0.450976	0.549024	1.229019
18114	-1179.276	-1306.059	126.7829	1.090482	0.296069	0.486509	0.513491	1.219506
18120	-1183.595	-1310.084	126.4889	1.190022	0.4353252	0.569807	0.430193	1.139354
18126	-1182.078	-1308.385	126.3069	1.190022	0.4031888	0.490239	0.509761	1.342365
18132	-1180.176	-1306.882	126.7062	1.197813	0.3371578	0.374482	0.625518	1.111661
18138	-1164.394	-1290.856	126.462	1.275318	0.3747374	0.452248	0.547752	1.189759
18144	-1175.14	-1301.068	125.9285	1.225845	0.56273	0.543645	0.456355	1.398247
18150	-1177.122	-1303.313	126.1912	1.224258	0.4780389	0.458975	0.541025	1.299055
18156	-1175.326	-1301.815	126.4892	1.277311	0.2713173	0.458975	0.541025	1.355807
18162	-1177.727	-1303.585	125.8578	1.140828	0.5851306	0.504942	0.495058	1.491645
18168	-1186.588	-1313.045	126.4572	0.9945	0.384277	0.636272	0.363728	1.406875
18174	-1171.388	-1297.041	125.6529	0.9886096	0.4210289	0.540627	0.459373	1.936457
18180	-1184.294	-1310.533	126.2393	1.039703	0.3969714	0.542388	0.457612	1.519144
18186	-1183.07	-1309.133	126.0627	0.7226927	0.3020341	0.534169	0.465831	2.005223
18192	-1179.992	-1304.85	124.8585	0.7263615	0.5871267	0.534169	0.465831	2.443887
18198	-1174.803	-1300.764	125.961	1.067472	0.3672447	0.527848	0.472152	1.742601
18204	-1169.715	-1295.613	125.8986	1.083338	0.3609885	0.442768	0.557232	1.784057
18210	-1169.66	-1295.162	125.5021	0.832628	0.650297	0.417781	0.582219	1.897461
18216	-1175.011	-1301.041	126.0293	1.003665	0.5377243	0.607982	0.392018	1.520031
18222	-1170.04	-1295.99	125.95	1.208356	0.630926	0.580759	0.419241	1.316271
18228	-1170.18	-1296.357	126.1771	1.208356	0.5173544	0.644074	0.355926	1.270259
18234	-1181.001	-1307.145	126.1439	1.191414	0.4641306	0.520145	0.479855	1.382123
18240	-1178.448	-1305.001	126.5526	1.230422	0.3697111	0.514195	0.485805	1.158806
18246	-1184.078	-1310.582	126.5043	1.182977	0.3988204	0.408817	0.591183	1.191988
18252	-1178.936	-1305.468	126.5311	1.338299	0.4037066	0.509035	0.490965	1.016655
18258	-1175.733	-1302.155	126.422	1.549377	0.464726	0.509035	0.490965	0.7731148
18264	-1178.458	-1304.244	125.7853	1.69376	0.8426878	0.509536	0.490464	0.7231174
18270	-1176.9	-1303.281	126.3816	1.389699	0.3617249	0.478451	0.521549	1.183303
18276	-1162.225	-1288.472	126.2468	1.332338	0.5338557	0.478451	0.521549	1.07836
18282	-1183.01	-1309.058	126.0486	1.413547	0.611631	0.453383	0.546617	1.07836
18288	-1174.952	-1301.04	126.0889	1.054272	0.611631	0.467158	0.532842	1.350249
18294	-1167.201	-1293.018	125.817	1.06151	0.4741637	0.601885	0.398115	1.707559
18300	-1171.551	-1297.817	126.2653	1.149983	0.5528306	0.481417	0.518583	1.198179
18306	-1174.165	-1300.418	126.2536	1.28354	0.520133	0.466752	0.533248	1.136569
18312	-1165.632	-1292.051	126.419	1.329183	0.48579	0.554557	0.445443	0.9905906
18318	-1178.677	-1305.004	126.3266	1.189784	0.4905653	0.395328	0.604672	1.197155
18324	-1168.005	-1294.492	126.487	1.735324	0.3705646	0.501998	0.498002	0.6464907
18330	-1166.91	-1293.44	126.5294	1.788902	0.3273011	0.460886	0.539114	0.6362529
18336	-1181.092	-1307.571	126.4785	1.788902	0.3528156	0.405455	0.594545	0.6267018
18342	-1179.421	-1304.987	125.5666	0.9601014	0.5385923	0.558193	0.441807	1.878321
18348	-1177.545	-1303.688	126.1428	0.8747204	0.3877485	0.504492	0.495508	1.721408
18354	-1184.919	-1310.753	125.8333	0.999876	0.5308711	0.49826	0.50174	1.673396
18360	-1185.019	-1310.956	125.9371	1.132241	0.5639566	0.49826	0.50174	1.462169
18366	-1164.305	-1290.807	126.5024	1.03847	0.3467765	0.553658	0.446342	1.397286
18372	-1163.587	-1289.688	126.1014	0.966668	0.4035299	0.294292	0.705708	1.663812
18378	-1172.55	-1298.52	125.9704	1.26912	0.4733924	0.294292	0.705708	1.443893
18384	-1174.375	-1300.942	126.5668	1.353937	0.4380086	0.543549	0.456451	0.8957083
18390	-1167.078	-1293.513	126.435	1.346713	0.4380086	0.612461	0.387539	1.039859
18396	-1164.427	-1290.543	126.1157	1.478784	0.5036347	0.612461	0.387539	1.109065
18402	-1165.288	-1291.629	126.3408	1.393713	0.4316971	0.405187	0.594813	1.095087
18408	-1172.863	-1298.71	125.8477	1.207784	0.5281956	0.405187	0.594813	1.51447
18414	-1169.331	-1295.64	126.3091	1.257159	0.2925129	0.424948	0.575052	1.471056
18420	-1175.516	-1301.449	125.9331	1.102804	0.4208313	0.469291	0.530709	1.663464
18426	-1180.657	-1306.905	126.2483	0.901327	0.4899609	0.647714	0.352286	1.490756
18432	-1168.849	-1294.434	125.5844	1.014079	0.6605607	0.367203	0.632797	1.705205
18438	-1168.446	-1294.433	125.9872	1.207878	0.4123704	0.521633	0.478367	1.559516
18444	-1167.858	-1294.494	126.6365	1.34254	0.3806966	0.481617	0.518383	0.9508486
18450	-1175.063	-1301.302	126.2395	1.521238	0.5386544	0.49828	0.50172	0.8849524
18456	-1164.294	-1290.965	126.6708	1.507466	0.3149756	0.47603	0.52397	0.8849524
18462	-1171	-1297.191	126.1903	1.543649	0.4697286	0.47603	0.52397	1.031748
18468	-1171.622	-1297.989	126.367	1.552981	0.4268892	0.47603	0.52397	0.9191997
18474	-1166.665	-1293.05	126.385	1.366166	0.3875875	0.47603	0.52397	1.155414
18480	-1169.891	-1296.405	126.514	1.388638	0.3875875	0.590749	0.409251	1.014758
18486	-1163.913	-1290.418	126.5049	1.367562	0.3900995	0.590749	0.409251	1.039376
18492	-1167.298	-1293.468	126.1707	1.403328	0.5841472	0.559253	0.440747	1.009428
18498	-1168.238	-1294.824	126.5855	1.091033	0.34335	0.52902	0.47098	1.29512
18504	-1181.142	-1307.09	125.9481	0.9394429	0.4852693	0.32017	0.67983	1.687756
18510	-1178.909	-1305.193	126.2844	1.091812	0.3259208	0.32017	0.67983	1.555893
18516	-1173	-1299.102	126.1013	1.054158	0.4364548	0.464089	0.535911	1.555893
18522	-1170.174	-1296.188	126.0146	1.100645	0.333503	0.430581	0.569419	1.73159
18528	-1169.194	-1295.661	126.4662	1.134012	0.3572544	0.401759	0.598241	1.333085
18534	-1166.624	-1293.027	126.403	1.321403	0.4399324	0.462056	0.537944	1.090577
18540	-1166.606	-1292.533	125.9263	1.158434	0.5315117	0.462056	0.537944	1.488619
18546	-1167.978	-1294.469	126.4903	1.070954	0.3553336	0.62531	0.37469	1.367168
18552	-1165.511	-1291.63	126.1191	1.127017	0.4508022	0.551991	0.448009	1.468878
18558	-1170.128	-1296.093	125.9646	0.8992345	0.4188651	0.454321	0.545679	1.787175
18564	-1173.726	-1299.918	126.1923	0.9031765	0.3067318	0.398534	0.601466	1.787175
18570	-1176.922	-1303.682	126.7608	1.316804	0.2986495	0.402302	0.597698	1.029896
18576	-1165.28	-1291.915	126.6352	1.239523	0.3352785	0.41264	0.58736	1.141654
18582	-1170.181	-1296.719	126.5383	1.341188	0.1859033	0.628157	0.371843	1.452101
18588	-1164.41	-1291.059	126.6482	1.123064	0.2225163	0.536703	0.463297	1.452101
18594	-1160.07	-1286.432	126.3614	1.059848	0.3701257	0.495129	0.504871	1.452101
18600	-1166.439	-1292.624	126.1849	1.071137	0.457655	0.484916	0.515084	1.452101
18606	-1174.289	-1300.287	125.9976	1.161584	0.3996568	0.484916	0.515084	1.603504
18612	-1179.239	-1305.785	126.5461	1.109611	0.3326658	0.484916	0.515084	1.330523
18618	-1178.041	-1303.989	125.9477	1.06783	0.6338151	0.484916	0.515084	1.425462
18624	-1176.475	-1302.842	126.3668	1.040806	0.5409328	0.405924	0.594076	1.220413
18630	-1172.062	-1298.417	126.3541	1.107225	0.402741	0.496627	0.503373	1.371259
18636	-1177.141	-1303.133	125.9916	0.8824002	0.3220331	0.426215	0.573785	1.915203
18642	-1175.719	-1301.511	125.7913	0.8285776	0.3148709	0.433726	0.566274	2.095249
18648	-1177.834	-1303.776	125.9415	0.8285776	0.3148709	0.509969	0.490031	1.995815
18654	-1164.25	-1290.15	125.8993	0.9946168	0.4976105	0.4863	0.5137	1.668553
18660	-1177.943	-1303.936	125.9935	0.9108139	0.4417833	0.439246	0.560754	1.729501
18666	-1177.816	-1303.507	125.6919	1.064296	0.529477	0.525982	0.474018	1.729501
18672	-1178.774	-1304.912	126.1381	1.183224	0.5167121	0.570864	0.429136	1.323321
18678	-1181.594	-1308.04	126.446	1.305659	0.3849065	0.517669	0.482331	1.159626
18684	-1184.865	-1311.475	126.6098	1.323695	0.3849065	0.517669	0.482331	0.989244
18690	-1165.524	-1291.614	126.0902	1.08128	0.4183026	0.367454	0.632546	1.568698
18696	-1173.12	-1299.237	126.117	1.080436	0.5508863	0.413693	0.586307	1.378813
18702	-1169.788	-1295.823	126.0356	0.9704896	0.4718024	0.414537	0.585463	1.619283
18708	-1168.52	-1294.637	126.1161	0.9704896	0.4266193	0.57417	0.42583	1.619283
18714	-1180.997	-1306.83	125.8334	1.121112	0.4089114	0.459587	0.540413	1.73698
18720	-1179.142	-1305.448	126.3063	1.127944	0.4631586	0.459587	0.540413	1.304693
18726	-1170.571	-1296.811	126.2399	1.357969	0.5152613	0.63052	0.36948	1.088525
18732	-1178.444	-1305.048	126.6043	1.253279	0.3528208	0.468825	0.531175	1.123468
18738	-1180.413	-1306.585	126.1716	1.363242	0.6689438	0.468825	0.531175	0.9261672
18744	-1183.933	-1309.346	125.4131	0.9740207	0.4749053	0.539139	0.460861	2.04212
18750	-1180.984	-1307.051	126.0668	1.093957	0.2712924	0.508903	0.491097	1.800617
18756	-1176.891	-1303.268	126.3764	1.038299	0.4769285	0.543175	0.456825	1.301204
18762	-1168.841	-1295.151	126.3107	1.436713	0.5580025	0.543175	0.456825	0.8655404
18768	-1164.634	-1291.135	126.5007	1.38982	0.3686848	0.483316	0.516684	1.062924
18774	-1160.355	-1286.66	126.3048	1.339087	0.5123473	0.43561	0.56439	1.049725
18780	-1161.899	-1288.028	126.1298	1.180384	0.3755403	0.394469	0.605531	1.527481
18786	-1170.247	-1296.658	126.4105	1.345024	0.3877891	0.423384	0.576616	1.151202
18792	-1167.629	-1293.111	125.4817	1.050933	0.4392171	0.45843	0.54157	1.987063
18798	-1171.822	-1298.082	126.2607	0.8961306	0.4392171	0.456051	0.543949	1.551157
18804	-1165.512	-1290.751	125.2382	0.9671536	0.4816921	0.479859	0.520141	2.15382
18810	-1151.185	-1277.174	125.9892	0.9978491	0.4544513	0.480639	0.519361	1.654743
18816	-1158.186	-1284.505	126.319	1.376586	0.4411699	0.469253	0.530747	1.114903
18822	-1169.123	-1295.192	126.0682	1.46701	0.5896865	0.463994	0.536006	1.039312
18828	-1162.843	-1288.948	126.1043	1.508351	0.5797858	0.554205	0.445795	0.9770008
18834	-1165.612	-1291.987	126.3755	1.220775	0.5874514	0.486978	0.513022	0.9821432
18840	-1175.434	-1301.932	126.4984	1.270569	0.3150004	0.467763	0.532237	1.270335
18846	-1171.887	-1298.59	126.7027	1.354398	0.3497421	0.467763	0.532237	0.935308
18852	-1167.304	-1293.857	126.5532	1.282017	0.335217	0.491211	0.508789	1.176476
18858	-1162.364	-1288.592	126.2284	1.417273	0.5810442	0.491211	0.508789	0.9405757
18864	-1167.35	-1293.655	126.305	1.461122	0.5114588	0.459601	0.540399	0.927366
18870	-1168.623	-1295.04	126.4169	1.264522	0.4725213	0.592917	0.407083	1.077123
18876	-1166.613	-1292.255	125.6416	1.159065	0.578016	0.490276	0.509724	1.644751
18882	-1167.114	-1292.895	125.7805	1.080883	0.4358636	0.490276	0.509724	1.767075
18888	-1163.253	-1289.47	126.217	1.190637	0.3210266	0.513924	0.486076	1.540755
18894	-1161.828	-1287.682	125.8534	1.156387	0.3605613	0.602777	0.397223	1.765288
18900	-1163.253	-1289.305	126.0513	1.156387	0.475631	0.598076	0.401924	1.465166
18906	-1162.074	-1287.855	125.7811	0.9496323	0.3684735	0.437636	0.562364	1.945238
18912	-1188.203	-1314.573	126.3696	1.109288	0.3140617	0.353238	0.646762	1.499333
18918	-1185.047	-1310.733	125.6859	1.109288	0.4914225	0.44401	0.55599	1.74564
18924	-1179.658	-1305.48	125.8225	1.014817	0.592667	0.582243	0.417757	1.602608
18930	-1182.105	-1308.079	125.9744	1.124428	0.4205214	0.427451	0.572549	1.618576
18936	-1183.95	-1309.445	125.4956	1.02307	0.7821983	0.502994	0.497006	1.651589
18942	-1174.83	-1300.845	126.0154	1.056137	0.4734493	0.468307	0.531693	1.56953
18948	-1169.014	-1294.611	125.5975	0.9901938	0.4778681	0.576282	0.423718	1.904367
18954	-1168.42	-1294.21	125.7902	0.829091	0.4595766	0.508692	0.491308	1.904367
18960	-1166.424	-1292.21	125.786	1.015404	0.4595766	0.508692	0.491308	1.779375
18966	-1163.064	-1289.366	126.3015	1.015404	0.4116216	0.395888	0.604112	1.469623
18972	-1178.962	-1304.866	125.9038	1.071112	0.3646111	0.395888	0.604112	1.783753
18978	-1174.704	-1301.052	126.348	1.158646	0.5334422	0.614092	0.385908	1.144827
18984	-1172.941	-1298.502	125.5613	0.8540055	0.4020959	0.451275	0.548725	2.110475
18990	-1173.231	-1298.91	125.6789	0.9814935	0.2756101	0.437232	0.562768	2.129266
18996	-1166.367	-1292.249	125.8817	0.8376879	0.3385819	0.537837	0.462163	1.994726
19002	-1164.059	-1289.624	125.5655	0.967701	0.3709978	0.407478	0.592522	2.073318
19008	-1170.009	-1295.937	125.9283	0.8693126	0.4477867	0.432364	0.567636	1.796481
19014	-1167.798	-1292.712	124.9142	0.8893392	0.4151424	0.544667	0.455333	2.485779
19020	-1167.086	-1293.486	126.4003	1.06547	0.4151424	0.544667	0.455333	1.349123
19026	-1172.528	-1299.159	126.6314	1.163574	0.2496078	0.403318	0.596682	1.377048
19032	-1176.331	-1302.987	126.6565	1.163574	0.2536467	0.515207	0.484793	1.348872
19038	-1183.818	-1310.663	126.845	0.9861062	0.259559	0.515207	0.484793	1.327955
19044	-1176.134	-1302.952	126.8174	1.140931	0.2929533	0.463615	0.536385	1.152416
19050	-1175.913	-1302.373	126.4598	0.9686904	0.3028138	0.488278	0.511722	1.555886
19056	-1167.589	-1293.515	125.9259	1.188186	0.4349135	0.492357	0.507643	1.588232
19062	-1168.923	-1295.068	126.1451	1.097749	0.4349135	0.50082	0.49918	1.492956
19068	-1180.106	-1306.221	126.1149	1.231149	0.4281786	0.340997	0.659003	1.423773
19074	-1174.321	-1300.327	126.0056	1.20056	0.4281786	0.485509	0.514491	1.529524
19080	-1169.072	-1295.454	126.3823	1.036669	0.3703704	0.485509	0.514491	1.453445
19086	-1180.922	-1307.709	126.7875	1.188408	0.3363308	0.54089	0.45911	1.046324
19092	-1186.039	-1312.29	126.2511	1.310822	0.4174419	0.556501	0.443499	1.267801
19098	-1183.242	-1309.591	126.3495	1.339493	0.4174419	0.331045	0.668955	1.159673
19104	-1181.19	-1308.059	126.8697	1.543116	0.279518	0.605043	0.394957	0.670576
19110	-1173.127	-1299.491	126.3638	1.348305	0.4505608	0.4741	0.5259	1.084303
19116	-1166.066	-1292.377	126.3109	1.232058	0.4324636	0.506281	0.493719	1.260454
19122	-1174.014	-1300.376	126.3622	1.032665	0.3383901	0.510364	0.489636	1.521988
19128	-1196.78	-1322.998	126.2183	1.193791	0.5660527	0.509407	0.490593	1.183445
19134	-1175.188	-1301.237	126.0497	0.8726752	0.3385972	0.584505	0.415495	1.857636
19140	-1182.18	-1308.343	126.1628	0.9119141	0.2725508	0.553728	0.446272	1.857636
19146	-1178.704	-1304.398	125.6944	0.9994728	0.3320863	0.409931	0.590069	2.021135
19152	-1166.84	-1293.063	126.2233	1.167424	0.5625591	0.48209	0.51791	1.206383
19158	-1161.618	-1288.25	126.6329	1.310255	0.3575521	0.48209	0.51791	1.034563
19164	-1166.519	-1293.016	126.4966	1.347522	0.3575521	0.467051	0.532949	1.126755
19170	-1194.511	-1321.202	126.6913	1.835634	0.2521457	0.432554	0.567446	0.4658605
19176	-1187.503	-1313.566	126.0621	1.778545	0.5950661	0.432554	0.567446	0.3813882
19182	-1177.257	-1303.196	125.9397	2.000893	0.4631039	0.525569	0.474431	0.2773433
19188	-1170.477	-1296.363	125.8858	2.007028	0.5202712	0.519045	0.480955	0.3116535
19194	-1176.373	-1302.781	126.4082	1.818744	0.3809523	0.412611	0.587389	0.4308159
19200	-1178.327	-1304.57	126.2429	1.818744	0.4390639	0.519941	0.480059	0.7036744
19206	-1183.104	-1309.831	126.7265	1.471374	0.3589867	0.456132	0.543868	0.7342543
19212	-1164.165	-1290.618	126.4525	1.471374	0.3589867	0.439017	0.560983	1.050156
19218	-1172.099	-1298.557	126.4583	1.643467	0.4419746	0.439017	0.560983	0.6074656
19224	-1158.274	-1284.782	126.508	1.537154	0.3439793	0.601596	0.398404	0.9608759
19230	-1165.084	-1291.424	126.3402	1.528913	0.4971755	0.622767	0.377233	0.8353716
19236	-1163.725	-1289.79	126.0647	1.586816	0.6365137	0.579248	0.420752	0.8429236
19242	-1156.905	-1283.321	126.4162	1.893197	0.3458537	0.490437	0.509563	0.5116665
19248	-1160.563	-1287.282	126.7188	1.551696	0.2978996	0.367601	0.632399	0.8209865
19254	-1164.605	-1291.114	126.5095	1.733075	0.3413819	0.524984	0.475016	0.7221264
19260	-1164.696	-1290.81	126.1137	1.780994	0.5683857	0.503237	0.496763	0.6046537
19266	-1167.206	-1293.527	126.3209	1.780994	0.4332726	0.503237	0.496763	0.6462486
19272	-1170.9	-1296.987	126.0869	1.780994	0.5980674	0.503237	0.496763	0.5319961
19278	-1178.209	-1304.543	126.3339	2.006519	0.3305631	0.437756	0.562244	0.4675392
19284	-1170.962	-1297.328	126.3654	1.776181	0.383223	0.500606	0.499394	0.7452454
19290	-1169.988	-1296.403	126.415	1.512201	0.4910586	0.586745	0.413255	0.7719269
19296	-1174.625	-1301.114	126.489	1.416995	0.4125211	0.474887	0.525113	0.9627891
19302	-1174.11	-1300.189	126.0793	1.441215	0.6827674	0.535475	0.464525	0.9216421
19308	-1174.865	-1301.378	126.5128	1.241187	0.4283939	0.55537	0.44463	1.082685
19314	-1172.886	-1299.194	126.308	1.315435	0.4388864	0.541551	0.458449	1.18241
19320	-1164.735	-1290.784	126.0487	1.094684	0.3103426	0.541551	0.458449	1.747989
19326	-1170.054	-1296.265	126.2111	0.8979224	0.2548421	0.474408	0.525592	1.864833
19332	-1174.448	-1300.294	125.8457	0.9975504	0.4173369	0.374532	0.625468	1.803419
19338	-1171.99	-1298.022	126.0315	0.9779158	0.4105663	0.340747	0.659253	1.696018
19344	-1167.326	-1293.416	126.0902	0.8712165	0.4048254	0.502956	0.497044	1.737606
19350	-1168.217	-1294.324	126.1076	1.258121	0.4048254	0.516485	0.483515	1.442267
19356	-1174.455	-1300.531	126.0762	1.294237	0.5672455	0.507474	0.492526	1.217653
19362	-1176.037	-1302.432	126.3949	1.525759	0.4850082	0.473094	0.526906	0.7951581
19368	-1179.7	-1306.019	126.3189	1.456381	0.5196689	0.456475	0.543525	0.9026377
19374	-1181.45	-1307.152	125.7014	1.577125	0.7803437	0.416903	0.583097	1.042891
19380	-1181.143	-1307.216	126.073	1.577125	0.5557021	0.416903	0.583097	0.9759339
19386	-1169.729	-1296.002	126.2725	1.448329	0.570765	0.468857	0.531143	0.8740149
19392	-1176.604	-1303.179	126.5741	1.240098	0.5145514	0.612288	0.387712	0.867376
19398	-1176.847	-1302.844	125.997	1.184465	0.5325117	0.521186	0.478814	1.413603
19404	-1175.649	-1301.844	126.1951	0.9196429	0.5382338	0.521186	0.478814	1.457858
19410	-1168.139	-1294.062	125.9237	0.9011048	0.2968462	0.491187	0.508813	1.987
19416	-1181.738	-1307.528	125.7899	0.9027388	0.4129441	0.474871	0.525129	1.912134
19422	-1182.218	-1308.145	125.9269	0.9297425	0.4496916	0.413571	0.586429	1.753031
19428	-1188.796	-1314.884	126.0874	1.047469	0.3396257	0.472166	0.527834	1.708395
19434	-1189.518	-1315.058	125.54	1.012852	0.4436256	0.483734	0.516266	1.968267
19440	-1175.218	-1300.924	125.706	1.013907	0.4436256	0.483734	0.516266	1.855101
19446	-1179.151	-1305.372	126.2218	0.8823232	0.3676573	0.369672	0.630328	1.688623
19452	-1195.55	-1322.209	126.6587	1.032504	0.3229998	0.369672	0.630328	1.319096
19458	-1189.341	-1316.086	126.7452	1.012831	0.3209893	0.497671	0.502329	1.268291
19464	-1184.135	-1310.384	126.2486	1.012831	0.3029852	0.560164	0.439836	1.676564
19470	-1171.391	-1297.156	125.7651	1.060231	0.3336061	0.560164	0.439836	1.930897
19476	-1169.785	-1295.344	125.5586	1.097501	0.2670946	0.507821	0.492179	2.145905
19482	-1166.316	-1291.434	125.1185	1.00525	0.5391833	0.575384	0.424616	2.145905
19488	-1172.59	-1298.331	125.7409	1.151479	0.4162422	0.575384	0.424616	1.770747
19494	-1177.339	-1303.414	126.0747	1.313824	0.5313613	0.550023	0.449977	1.249101
19500	-1175.147	-1301.048	125.9005	1.215374	0.5313613	0.525821	0.474179	1.465265
19506	-1176.561	-1302.939	126.378	1.247294	0.5396132	0.525821	0.474179	1.025722
19512	-1178.166	-1304.72	126.5542	1.4591	0.3569314	0.422228	0.577772	0.9656816
19518	-1168.52	-1294.939	126.4196	1.4591	0.4416387	0.461292	0.538708	0.9348105
19524	-1169.244	-1295.377	126.1325	1.167903	0.404365	0.461292	0.538708	1.492542
19530	-1187.7	-1314.04	126.34	1.094319	0.4738742	0.574342	0.425658	1.289554
19536	-1176.692	-1303.026	126.3343	1.068097	0.4465398	0.497455	0.502545	1.353708
19542	-1172.099	-1298.572	126.4728	1.079343	0.368034	0.519458	0.480542	1.353708
19548	-1168.729	-1295.271	126.5419	1.079343	0.3972566	0.537881	0.462119	1.250425
19554	-1174.858	-1301.003	126.1451	0.9686713	0.5201012	0.534099	0.465901	1.480466
19560	-1174.941	-1300.933	125.992	1.117594	0.5552156	0.499834	0.500166	1.441633
19566	-1182.618	-1308.291	125.6726	1.117594	0.6870559	0.566079	0.433921	1.540973
19572	-1173.796	-1299.872	126.0763	1.076575	0.3901177	0.566079	0.433921	1.621495
19578	-1178.595	-1304.559	125.9636	1.056507	0.4619245	0.601956	0.398044	1.621495
19584	-1180.439	-1306.568	126.1292	0.9477807	0.4516792	0.48036	0.51964	1.593306
19590	-1187.867	-1313.835	125.9676	1.010698	0.3721433	0.425843	0.574157	1.7707
19596	-1186.516	-1312.576	126.0597	1.045547	0.351845	0.545539	0.454461	1.710981
19602	-1174.842	-1301.605	126.7628	1.361209	0.351845	0.570882	0.429118	0.8543962
19608	-1169.769	-1296.306	126.5365	1.2918	0.3595294	0.549167	0.450833	1.137183
19614	-1186.644	-1312.845	126.2011	1.21153	0.4867079	0.477707	0.522293	1.289455
19620	-1179.08	-1305.076	125.9958	1.095308	0.3478932	0.477707	0.522293	1.726817
19626	-1172.864	-1299.259	126.3943	0.9989875	0.4748326	0.446777	0.553223	1.321413
19632	-1173.36	-1299.279	125.9191	1.110133	0.4210996	0.516363	0.483637	1.667849
19638	-1173.689	-1299.833	126.1432	1.042932	0.4287691	0.516363	0.483637	1.543565
19644	-1183.474	-1309.583	126.1085	0.98432	0.4287691	0.475182	0.524818	1.611875
19650	-1167.024	-1292.85	125.8257	0.999363	0.5207063	0.516802	0.483198	1.690684
19656	-1176.685	-1302.42	125.735	1.282895	0.663959	0.508409	0.491591	1.391543
19662	-1185.249	-1311.517	126.2682	1.027757	0.4800184	0.383178	0.616822	1.391543
19668	-1189.332	-1314.722	125.39	1.033817	0.7519113	0.415127	0.584873	1.744964
19674	-1182.547	-1308.978	126.4308	1.295521	0.4222612	0.579364	0.420636	1.11844
19680	-1181.182	-1307.318	126.1361	1.521854	0.5818645	0.443398	0.556602	0.9260156
19686	-1173.99	-1300.192	126.202	1.450619	0.4790642	0.484017	0.515983	1.093529
19692	-1177.031	-1303.026	125.9948	1.091091	0.38274	0.42139	0.57861	1.680009
19698	-1185.882	-1311.21	125.3283	1.070931	0.4991542	0.392969	0.607031	2.006921
19704	-1179.94	-1306.345	126.4047	1.411501	0.4923941	0.630311	0.369689	0.9068632
19710	-1180.977	-1306.746	125.7683	1.463546	0.9400225	0.389623	0.610377	0.9068632
19716	-1178.177	-1304.25	126.0728	1.509868	0.7451961	0.594162	0.405838	0.7423175
19722	-1175.213	-1301.605	126.3915	1.276471	0.4320657	0.430216	0.569784	1.154362
19728	-1173.911	-1300.3	126.3886	1.335899	0.4580889	0.29982	0.70018	1.060258
19734	-1165.387	-1291.712	126.3253	1.306076	0.4821912	0.424051	0.575949	1.108063
19740	-1166.161	-1292.257	126.0965	1.541982	0.5575781	0.454472	0.545528	0.9849105
19746	-1167.082	-1293.602	126.52	1.479648	0.4527803	0.412845	0.587155	0.7626101
19752	-1179.416	-1305.592	126.1754	1.320384	0.4576502	0.412845	0.587155	1.262162
19758	-1189.267	-1315.158	125.8912	0.9654316	0.3290027	0.433178	0.566822	1.916584
19764	-1180.088	-1306.466	126.3779	1.130438	0.3687846	0.460311	0.539689	1.386993
19770	-1189.083	-1315.749	126.6663	1.100022	0.2687435	0.428645	0.571355	1.361062
19776	-1179.245	-1305.792	126.547	1.330856	0.3411969	0.579177	0.420823	1.12743
19782	-1169.283	-1295.156	125.8728	1.130915	0.4587232	0.384151	0.615849	1.637393
19788	-1169.332	-1295.407	126.0743	1.05368	0.4529246	0.458931	0.541069	1.554366
19794	-1167.491	-1293.672	126.1806	1.046306	0.4406067	0.458931	0.541069	1.497139
19800	-1166.833	-1292.975	126.1427	1.033733	0.4820954	0.551971	0.448029	1.480512
19806	-1179.257	-1305.516	126.2585	1.01886	0.4793128	0.371357	0.628643	1.40692
19812	-1173.788	-1299.678	125.8903	1.006752	0.4793128	0.501356	0.498644	1.688229
19818	-1163.674	-1289.513	125.839	1.046463	0.4092102	0.501324	0.498676	1.784793
19824	-1164.223	-1290.033	125.8099	0.9297883	0.3924886	0.610066	0.389934	1.906808
19830	-1159.923	-1285.042	125.1191	0.9546006	0.4634491	0.476967	0.523033	2.25922
19836	-1171.777	-1297.345	125.5681	0.8872542	0.2692708	0.476967	0.523033	2.272078
19842	-1161.821	-1287.771	125.9502	1.077809	0.3978214	0.365182	0.634818	1.700148
19848	-1162.461	-1288.817	126.3556	1.113807	0.2356499	0.512362	0.487638	1.648281
19854	-1164.131	-1289.868	125.7372	1.081267	0.4385007	0.42525	0.57475	1.793587
19860	-1167.251	-1293.266	126.0149	0.8912385	0.3049712	0.42525	0.57475	1.91965
19866	-1171.728	-1297.171	125.4424	1.06127	0.4736679	0.515662	0.484338	1.965839
19872	-1162.193	-1287.689	125.496	0.8018107	0.4433269	0.580844	0.419156	2.137245
19878	-1167.147	-1292.362	125.2147	0.8807297	0.5661725	0.4008	0.5992	2.137245
19884	-1166.875	-1292.732	125.8564	0.774167	0.409557	0.47104	0.52896	1.958287
19890	-1174.979	-1300.191	125.2119	1.132727	0.4128754	0.468144	0.531856	2.14322
19896	-1172.402	-1298.443	126.041	1.170751	0.3120329	0.498201	0.501799	1.697134
19902	-1176.425	-1302.886	126.4612	1.095925	0.3624028	0.484163	0.515837	1.358842
19908	-1173.544	-1299.873	126.3297	1.174858	0.4536898	0.616047	0.383953	1.260699
19914	-1161.971	-1287.537	125.5657	0.8711505	0.4536898	0.578869	0.421131	2.033586
19920	-1168.957	-1294.683	125.7254	0.9985832	0.2798623	0.437422	0.562578	2.080733
19926	-1168.579	-1294.061	125.4821	0.8645778	0.4644201	0.451461	0.548539	2.080733
19932	-1166.971	-1292.478	125.5071	0.9487557	0.4644201	0.481391	0.518609	2.00848
19938	-1170.941	-1297.021	126.0802	1.048112	0.4847314	0.526917	0.473083	1.513282
19944	-1174.199	-1300.71	126.5111	1.023257	0.3301197	0.526454	0.473546	1.43007
19950	-1168.976	-1296.069	127.0929	1.122212	0.2552733	0.438806	0.561194	0.9992625
19956	-1174.771	-1301.111	126.3397	0.9471253	0.2552733	0.560933	0.439067	1.741
19962	-1165.306	-1291.132	125.8259	1.068087	0.4384608	0.636049	0.363951	1.741
19968	-1165.551	-1290.661	125.1095	0.9784262	0.3133637	0.636049	0.363951	2.438862
19974	-1165.182	-1290.737	125.5549	0.9595262	0.4212607	0.504083	0.495917	2.021155
19980	-1164.452	-1290.098	125.6463	0.9561724	0.3757096	0.496545	0.503455	2.021155
19986	-1171.252	-1297.267	126.0147	0.8760536	0.350154	0.496545	0.503455	1.862433
19992	-1176.663	-1302.802	126.1394	1.245354	0.2702402	0.538849	0.461151	1.644602
19998	-1181.207	-1307.884	126.6766	1.263076	0.3897909	0.46543	0.53457	0.9731861
20004	-1179.435	-1306.204	126.7687	1.196246	0.377043	0.45081	0.54919	0.9731861
20010	-1180.408	-1306.739	126.3311	1.196246	0.3773677	0.45081	0.54919	1.358422
20016	-1187.152	-1313.207	126.055	1.18394	0.4864166	0.563474	0.436526	1.427342
20022	-1171.234	-1297.591	126.3569	1.157947	0.391321	0.418262	0.581738	1.346367
20028	-1178.247	-1304.601	126.354	1.058549	0.4623207	0.400038	0.599962	1.323339
20034	-1169.773	-1296.092	126.3186	1.108287	0.4412133	0.474954	0.525046	1.341857
20040	-1163.478	-1289.39	125.9124	1.108287	0.5228881	0.422053	0.577947	1.546587
20046	-1167.64	-1293.754	126.1144	1.133995	0.5218492	0.512488	0.487512	1.374655
20052	-1166.433	-1292.352	125.9194	1.18695	0.6614585	0.520354	0.479646	1.324186
20058	-1160.622	-1286.691	126.0689	1.294843	0.5529522	0.520354	0.479646	1.241627
20064	-1176.85	-1303.281	126.4306	1.382449	0.32641	0.524626	0.475374	1.212121
20070	-1181.038	-1307.288	126.2509	1.300731	0.384548	0.52195	0.47805	1.327688
20076	-1185.247	-1311.174	125.9267	1.19777	0.4902491	0.471473	0.528527	1.509189
20082	-1175.691	-1301.755	126.0642	1.127124	0.4515262	0.471473	0.528527	1.509189
20088	-1173.145	-1298.891	125.7459	0.9142915	0.3957693	0.600902	0.399098	1.956132
20094	-1187.703	-1313.726	126.0236	0.8071844	0.3444238	0.42937	0.57063	1.911453
20100	-1181.182	-1307.456	126.274	0.8618009	0.3798193	0.476594	0.523406	1.648462
20106	-1180.623	-1307.022	126.3992	1.043837	0.3168222	0.402857	0.597143	1.52147
20112	-1171.347	-1297.665	126.3176	1.099516	0.3284688	0.395391	0.604609	1.52147
20118	-1162.201	-1288.257	126.0559	1.116423	0.4529347	0.700424	0.299576	1.52147
20124	-1163.566	-1289.617	126.0502	1.007328	0.4344831	0.479654	0.520346	1.629829
20130	-1162.441	-1288.143	125.7026	0.9139847	0.3420934	0.465791	0.534209	2.058007
20136	-1167.833	-1292.964	125.1313	0.7506611	0.3736658	0.531255	0.468745	2.487211
20142	-1162.443	-1287.421	124.9778	0.9819385	0.494332	0.498666	0.501334	2.298535
20148	-1169.655	-1294.708	125.053	0.9137525	0.4901398	0.517561	0.482439	2.298535
20154	-1172.896	-1299.059	126.1628	0.8546454	0.3190278	0.461745	0.538255	1.821896
20160	-1178.028	-1304.047	126.0185	0.9380264	0.3783818	0.396252	0.603748	1.777143
20166	-1178.63	-1304.483	125.8533	0.8831691	0.3842996	0.582703	0.417297	1.919939
20172	-1177.963	-1303.788	125.8246	1.03767	0.6400204	0.582703	0.417297	1.53475
20178	-1183.759	-1309.955	126.1958	1.377108	0.3437913	0.514138	0.485862	1.377132
20184	-1183.747	-1310.021	126.2746	1.418218	0.5446515	0.293016	0.706984	0.9492669
20190	-1174.117	-1300.147	126.0299	1.286013	0.636848	0.622168	0.377832	1.177749
20196	-1170.103	-1296.613	126.5098	1.268521	0.3075684	0.47076	0.52924	1.276612
20202	-1177.963	-1304.276	126.3127	1.048003	0.2901448	0.508145	0.491855	1.627027
20208	-1176.987	-1302.513	125.5266	1.026856	0.5844859	0.41925	0.58075	1.811944
20214	-1178.67	-1304.646	125.9763	1.03844	0.5388346	0.453852	0.546148	1.532274
20220	-1178.438	-1304.766	126.3279	1.045042	0.356557	0.46303	0.53697	1.509656
20226	-1176.105	-1302.348	126.243	1.149347	0.4241504	0.45529	0.54471	1.39368
20232	-1170.421	-1296.344	125.9237	1.315724	0.6730634	0.45529	0.54471	1.201081
20238	-1165.987	-1292.288	126.3008	1.348971	0.4285755	0.578663	0.421337	1.175871
20244	-1174.773	-1301.335	126.5616	1.348971	0.4285755	0.643565	0.356435	0.9260626
20250	-1167.28	-1293.743	126.4634	1.22883	0.3854553	0.449924	0.550076	1.210072
20256	-1163.985	-1289.795	125.8108	1.077104	0.2999011	0.53499	0.46501	1.93989
20262	-1168.056	-1293.753	125.6974	1.077104	0.5107635	0.426932	0.573068	1.737769
20268	-1169.276	-1294.422	125.1464	0.777352	0.4260202	0.426932	0.573068	2.39747
20274	-1169.548	-1295.398	125.8502	0.9937766	0.3899107	0.511368	0.488632	1.839154
20280	-1173.821	-1299.663	125.8416	0.8336287	0.3557826	0.547489	0.452511	1.999885
20286	-1187.673	-1312.783	125.1099	0.7544042	0.310907	0.450631	0.549369	2.581928
20292	-1175.268	-1300.382	125.1133	0.8743575	0.2980382	0.512318	0.487682	2.523702
20298	-1172.559	-1298.008	125.4492	0.9314197	0.693635	0.429327	0.570673	1.826399
20304	-1175.547	-1301.162	125.6147	1.048552	0.3223484	0.600557	0.399443	2.055602
20310	-1178.798	-1304.379	125.5805	0.8680664	0.4269319	0.562726	0.437274	2.057835
20316	-1172.802	-1298.454	125.6514	0.9028453	0.5049477	0.471788	0.528212	1.896305
20322	-1179.396	-1305.287	125.8912	1.065074	0.4707017	0.429139	0.570861	1.656508
20328	-1167.834	-1294.035	126.2014	1.040019	0.3242271	0.502094	0.497906	1.656508
20334	-1171.518	-1297.793	126.2747	1.040019	0.5123511	0.505411	0.494589	1.334221
20340	-1167.343	-1293.59	126.2466	1.077144	0.3971301	0.498471	0.501529	1.485417
20346	-1174.096	-1300.11	126.0139	1.163189	0.4779017	0.544351	0.455649	1.485417
20352	-1174.257	-1299.758	125.5017	0.8135617	0.5913064	0.532459	0.467541	1.967077
20358	-1177.003	-1302.693	125.6895	0.6806208	0.3902921	0.406962	0.593038	2.154895
20364	-1178.413	-1304.343	125.9304	0.8728015	0.3239542	0.423567	0.576433	1.960072
20370	-1174.149	-1300.686	126.5364	0.8972529	0.3257531	0.591254	0.408746	1.513607
20376	-1180.199	-1305.891	125.6921	0.7153595	0.3845145	0.55788	0.44212	2.13803
20382	-1172.925	-1298.375	125.45	0.8168305	0.3789916	0.55788	0.44212	2.236265
20388	-1176.006	-1300.594	124.5874	0.7355708	0.4937042	0.55788	0.44212	2.697422
20394	-1173.916	-1299.969	126.0535	0.9739543	0.3639927	0.643828	0.356172	1.747993
20400	-1157.25	-1282.846	125.5967	0.8489652	0.3967142	0.535757	0.464243	2.097355
20406	-1161.177	-1287.224	126.0469	1.206342	0.5193362	0.479688	0.520312	1.373994
20412	-1167.906	-1294.174	126.2685	1.098877	0.3533552	0.479688	0.520312	1.51875
20418	-1164.561	-1290.698	126.1376	1.102679	0.4215471	0.432064	0.567936	1.513283
20424	-1161.56	-1287.85	126.29	0.9908757	0.5178356	0.566476	0.433524	1.354142
20430	-1164.412	-1291.232	126.8197	1.208125	0.3250564	0.486617	0.513383	1.019928
20436	-1164.032	-1290.591	126.5597	1.379147	0.3808608	0.486617	0.513383	0.9919702
20442	-1158.943	-1285.259	126.3167	1.330693	0.3808608	0.507702	0.492298	1.255447
20448	-1167.111	-1293.832	126.7206	1.516129	0.3112509	0.551897	0.448103	0.824755
20454	-1168.532	-1295.17	126.6377	1.516129	0.3188581	0.431195	0.568805	0.902821
20460	-1184.981	-1311.38	126.3993	1.200994	0.5485189	0.494617	0.505383	1.036514
20466	-1173.847	-1299.572	125.7246	1.368866	0.7867864	0.41518	0.58482	1.202937
20472	-1183.118	-1309.644	126.5255	1.672643	0.3899874	0.590069	0.409931	0.6110305
20478	-1177.009	-1303.479	126.4697	1.672643	0.4241791	0.487548	0.512452	0.5821047
20484	-1163.828	-1290.398	126.5704	1.359072	0.4205324	0.650942	0.349058	0.9217496
20490	-1169.014	-1295.548	126.5335	1.665282	0.3154275	0.440918	0.559082	0.8597336
20496	-1163.424	-1289.808	126.3839	1.665282	0.4665197	0.523041	0.476959	0.6313955
20502	-1164.716	-1290.871	126.1554	1.580182	0.6825499	0.440971	0.559029	0.5977885
20508	-1165.348	-1291.502	126.1537	1.519272	0.629533	0.360033	0.639967	0.8283883
20514	-1167.036	-1293.547	126.5112	1.535419	0.4299363	0.376827	0.623173	0.7540551
20520	-1174.816	-1301.56	126.7449	1.36768	0.3785886	0.457998	0.542002	0.7995091
20526	-1177.659	-1304.247	126.5879	1.398974	0.4044648	0.483146	0.516854	0.8915615
20532	-1172.893	-1299.709	126.8157	1.433377	0.2854057	0.483605	0.516395	0.8828473
20538	-1179.854	-1306.361	126.5073	1.350292	0.4192913	0.512427	0.487573	0.999205
20544	-1185.665	-1312.006	126.3407	1.472883	0.5942769	0.576118	0.423882	0.6970739
20550	-1184.508	-1310.918	126.4096	1.595714	0.4731681	0.514446	0.485554	0.6970739
20556	-1168.576	-1294.789	126.213	1.618804	0.5546921	0.514446	0.485554	0.7625036
20562	-1183.017	-1309.593	126.5755	1.482629	0.4094652	0.493804	0.506196	0.7918527
20568	-1176.476	-1303.421	126.9451	1.459314	0.2748051	0.493804	0.506196	0.7069619
20574	-1178.439	-1305.39	126.9511	1.342207	0.2283266	0.443773	0.556227	0.9929346
20580	-1173.752	-1300.659	126.9064	1.215392	0.2763729	0.50884	0.49116	1.038757
20586	-1171.826	-1297.717	125.8915	1.049705	0.3772526	0.504091	0.495909	1.789381
20592	-1174.002	-1299.885	125.8827	1.069821	0.3515855	0.48441	0.51559	1.817939
20598	-1175.571	-1300.573	125.002	0.9700758	0.2644995	0.5126	0.4874	2.584068
20604	-1171.596	-1297.265	125.6691	0.9577018	0.3472245	0.472509	0.527491	2.044048
20610	-1172.375	-1298.508	126.133	1.149864	0.3949319	0.522522	0.477478	1.519254
20616	-1171.78	-1297.907	126.1272	1.259323	0.5348816	0.545714	0.454286	1.246124
20622	-1170.757	-1297.222	126.4651	1.299419	0.4491381	0.545714	0.454286	1.037168
20628	-1172.824	-1299.028	126.2035	1.255469	0.5116375	0.444418	0.555582	1.21654
20634	-1171.483	-1297.243	125.7594	1.088319	0.5116375	0.469059	0.530941	1.685069
20640	-1172.92	-1299.239	126.3189	1.103455	0.3470183	0.497168	0.502832	1.487603
20646	-1177.643	-1303.699	126.0564	1.103455	0.3855804	0.662615	0.337385	1.62293
20652	-1177.561	-1304.246	126.6848	1.175637	0.2383455	0.470368	0.529632	1.348928
20658	-1181.533	-1307.965	126.4319	1.213344	0.2383455	0.513865	0.486135	1.514334
20664	-1173.628	-1299.935	126.3068	1.055887	0.4153521	0.533932	0.466068	1.429304
20670	-1168.58	-1294.893	126.3136	1.033423	0.4610825	0.523774	0.476226	1.377111
20676	-1177.953	-1304.182	126.2287	1.1159	0.3374757	0.523774	0.476226	1.56066
20682	-1172.379	-1298.674	126.2952	1.242153	0.4274486	0.523774	0.476226	1.272738
20688	-1180.466	-1306.914	126.4489	1.237833	0.3193933	0.523774	0.476226	1.32918
20694	-1177.492	-1303.542	126.0504	1.147736	0.4988585	0.588436	0.411564	1.442682
20700	-1176.875	-1302.78	125.9045	1.009466	0.4355968	0.340253	0.659747	1.73058
20706	-1180.113	-1306.26	126.1471	1.178655	0.4323861	0.59332	0.40668	1.433469
20712	-1176.095	-1302.313	126.2185	1.079047	0.5747702	0.507957	0.492043	1.269104
20718	-1178.904	-1304.132	125.2279	0.9732211	0.5747702	0.353479	0.646521	2.059355
20724	-1175.63	-1301.26	125.6304	0.836721	0.4375914	0.37769	0.62231	2.032666
20730	-1188.366	-1314.703	126.3376	0.9666985	0.3780582	0.365455	0.634545	1.528088
20736	-1191.81	-1318.07	126.2598	0.8022757	0.3780582	0.610236	0.389764	1.703538
20742	-1185.551	-1311.786	126.2353	1.050128	0.5246174	0.371643	0.628357	1.341842
20748	-1191.16	-1316.865	125.705	0.7126854	0.4884645	0.505152	0.494848	2.006513
20754	-1183.685	-1309.184	125.4993	0.7090545	0.4348053	0.422767	0.577233	2.205351
20760	-1181.779	-1307.058	125.2787	0.705766	0.5702298	0.538692	0.461308	2.205351
20766	-1173.884	-1299.9	126.0152	0.9799266	0.4941699	0.478638	0.521362	1.599717
20772	-1172.285	-1298.051	125.7659	1.242671	0.563641	0.501368	0.498632	1.508361
20778	-1175.241	-1301.265	126.0249	1.242671	0.5712257	0.569697	0.430303	1.298044
20784	-1172.963	-1298.858	125.895	1.372577	0.5712257	0.386705	0.613295	1.298044
20790	-1165.201	-1291.66	126.4595	1.144546	0.3309144	0.374036	0.625964	1.374579
20796	-1168.942	-1295.209	126.2674	1.13784	0.3822024	0.434842	0.565158	1.445825
20802	-1172.051	-1298.549	126.4973	1.549616	0.3822024	0.439767	0.560233	0.8723707
20808	-1177.255	-1303.497	126.2414	1.549616	0.6227122	0.550909	0.449091	0.662188
20814	-1177.239	-1302.794	125.5551	0.9126618	0.5044819	0.384556	0.615444	1.955244
20820	-1164.367	-1289.883	125.5158	0.8847222	0.5465595	0.576001	0.423999	1.955244
20826	-1172.841	-1299.069	126.2274	1.12943	0.3353225	0.405086	0.594914	1.55505
20832	-1173.231	-1298.802	125.5716	1.088627	0.4352714	0.480611	0.519389	1.906082
20838	-1165.506	-1291.681	126.1758	1.047463	0.4040755	0.491796	0.508204	1.550395
20844	-1165.314	-1291.274	125.9595	1.047463	0.272566	0.646973	0.353027	1.903739
20850	-1166.37	-1292.34	125.97	1.185088	0.4409026	0.631408	0.368592	1.550169
20856	-1170.065	-1296.373	126.3085	1.185088	0.4133554	0.567298	0.432702	1.329608
20862	-1176.252	-1302.602	126.3493	1.185088	0.3920524	0.362568	0.637432	1.329608
20868	-1181.701	-1308.204	126.5026	1.003096	0.3665866	0.36692	0.63308	1.392537
20874	-1164.454	-1290.627	126.1731	1.232795	0.3033834	0.454526	0.545474	1.571538
20880	-1158.305	-1284.559	126.2538	1.307001	0.4740353	0.449803	0.550197	1.183074
20886	-1161.751	-1288.053	126.3023	1.263299	0.3263877	0.449803	0.550197	1.412276
20892	-1170.843	-1296.818	125.9747	1.022547	0.580897	0.432281	0.567719	1.497356
20898	-1170.676	-1297.247	126.5717	1.351189	0.4356361	0.485776	0.514224	0.8981906
20904	-1159.097	-1285.57	126.4732	1.426926	0.4831992	0.462133	0.537867	0.8258635
20910	-1172.006	-1297.817	125.8111	1.422329	0.5994663	0.462133	0.537867	1.291802
20916	-1166.083	-1292.718	126.635	1.302627	0.3678481	0.531787	0.468213	1.019206
20922	-1171.667	-1298.393	126.7268	1.316152	0.3185884	0.531787	0.468213	1.019206
20928	-1175.923	-1302.667	126.7442	1.309507	0.3185884	0.428033	0.571967	1.008533
20934	-1179.989	-1306.788	126.7989	1.517695	0.3185884	0.560429	0.439571	0.6801788
20940	-1179.26	-1305.804	126.5446	1.457485	0.4529669	0.518405	0.481595	0.7586204
20946	-1176.842	-1303.316	126.4743	1.457485	0.4269526	0.598825	0.401175	0.9060636
20952	-1173.871	-1300.289	126.4182	1.429576	0.3912139	0.499673	0.500327	1.060862
20958	-1173.157	-1299.482	126.3255	1.162519	0.4029338	0.499673	0.500327	1.349809
20964	-1164.397	-1290.624	126.2272	1.162519	0.5265696	0.598955	0.401045	1.254508
20970	-1171.606	-1297.566	125.9594	1.126716	0.4687981	0.45813	0.54187	1.564696
20976	-1171.196	-1297.351	126.1551	1.08166	0.5073176	0.478568	0.521432	1.402129
20982	-1172.532	-1298.2	125.6684	1.10928	0.5073176	0.544837	0.455163	1.739494
20988	-1163.929	-1290.2	126.2715	1.354482	0.3153718	0.587033	0.412967	1.384409
20994	-1167.561	-1293.738	126.1774	1.168288	0.456551	0.533889	0.466111	1.384409
21000	-1180.764	-1306.057	125.2934	0.9589202	0.6047294	0.539705	0.460295	1.996138
21006	-1172.364	-1298.432	126.0679	0.8206194	0.397432	0.628665	0.371335	1.798348
21012	-1174.016	-1300.528	126.5124	1.009769	0.3672211	0.628665	0.371335	1.378657
21018	-1165.596	-1291.115	125.519	0.7689513	0.3672211	0.527597	0.472403	2.238005
21024	-1164.411	-1289.793	125.382	0.806473	0.5251697	0.527597	0.472403	2.118106
21030	-1169.074	-1295.018	125.9436	0.917314	0.4807886	0.524537	0.475463	1.71203
21036	-1166.368	-1292.16	125.7917	1.043827	0.442325	0.523111	0.476889	1.77696
21042	-1172.197	-1298.35	126.1524	1.123257	0.442325	0.523111	0.476889	1.457994
21048	-1165.731	-1291.993	126.2623	1.115463	0.3743685	0.379295	0.620705	1.4786
21054	-1173.4	-1299.128	125.7275	1.080761	0.6648472	0.379295	0.620705	1.54951
21060	-1173.404	-1299.759	126.3544	0.9744973	0.342566	0.456025	0.543975	1.564156
21066	-1178.229	-1304.57	126.3407	0.951198	0.2276864	0.477314	0.522686	1.788909
21072	-1174.054	-1300.404	126.3505	1.202599	0.3561687	0.562437	0.437563	1.372203
21078	-1175.816	-1302.031	126.2156	1.202599	0.4430499	0.411473	0.588527	1.346144
21084	-1175.471	-1301.695	126.2238	1.104815	0.5270955	0.531444	0.468556	1.303914
21090	-1181.361	-1307.895	126.5341	1.14199	0.3787041	0.402771	0.597229	1.235116
21096	-1163.067	-1289.475	126.4087	1.168094	0.4567618	0.508542	0.491458	1.195135
21102	-1170.805	-1296.914	126.1094	1.390127	0.6246484	0.507284	0.492716	1.025073
21108	-1179.011	-1305.723	126.7125	1.347159	0.3006632	0.507284	0.492716	1.042692
21114	-1183.075	-1309.723	126.6487	1.263286	0.3140951	0.651513	0.348487	1.150141
21120	-1174.752	-1301.042	126.2895	1.073397	0.4301597	0.392719	0.607281	1.407966
21126	-1166.44	-1292.654	126.2142	1.24789	0.6261149	0.588319	0.411681	1.059072
21132	-1180.699	-1306.848	126.1487	1.243305	0.5234566	0.588319	0.411681	1.256681
21138	-1168.658	-1294.952	126.2936	1.410911	0.5577868	0.473013	0.526987	0.9147863
21144	-1167.948	-1294.387	126.4382	1.27907	0.3107097	0.473013	0.526987	1.320364
21150	-1169.325	-1295.989	126.6646	1.085175	0.3107097	0.473013	0.526987	1.294044
21156	-1164.196	-1290.399	126.2036	1.211048	0.4316603	0.507504	0.492496	1.365308
21162	-1180.31	-1306.051	125.741	1.096053	0.7177533	0.586577	0.413423	1.476117
21168	-1178.694	-1305.121	126.4263	1.096053	0.3039732	0.496073	0.503927	1.483934
21174	-1178.233	-1303.923	125.6899	0.9263996	0.44239	0.57558	0.42442	1.927043
21180	-1179.319	-1304.834	125.5148	0.7452453	0.5040546	0.390883	0.609117	2.093661
21186	-1166.963	-1292.919	125.9559	0.9745757	0.4027013	0.477475	0.522525	1.762118
21192	-1174.355	-1300.823	126.4672	1.116576	0.3521128	0.560312	0.439688	1.354744
21198	-1169.447	-1295.957	126.5097	1.259313	0.3521128	0.392077	0.607923	1.202461
21204	-1180.087	-1306.183	126.096	1.456117	0.5681793	0.435383	0.564617	1.053821
21210	-1174.708	-1301.505	126.7964	1.390161	0.3083814	0.456698	0.543302	0.8926119
21216	-1182.165	-1308.227	126.0624	1.376699	0.656673	0.469129	0.530871	1.040546
21222	-1169.937	-1296.247	126.3098	1.250026	0.5405802	0.554294	0.445706	1.086448
21228	-1176.073	-1301.831	125.7577	1.119967	0.7325461	0.554294	0.445706	1.430886
21234	-1184.911	-1310.368	125.4568	1.372805	1.14066	0.560023	0.439977	1.112719
21240	-1181.065	-1306.784	125.7199	1.459741	0.9012486	0.468311	0.531689	1.004997
21246	-1183.805	-1310.021	126.2157	1.345146	0.5768393	0.554721	0.445279	1.032932
21252	-1183.238	-1309.656	126.4179	1.162381	0.2953133	0.590599	0.409401	1.455349
21258	-1179.173	-1305.695	126.5222	1.102649	0.3625515	0.470721	0.529279	1.304403
21264	-1189.83	-1316.21	126.3791	1.245488	0.5623646	0.640686	0.359314	0.9915424
21270	-1172.229	-1298.614	126.3852	1.349779	0.448809	0.528166	0.471834	1.065844
21276	-1174.029	-1300.218	126.1893	1.396328	0.5602169	0.583648	0.416352	1.033276
21282	-1180.412	-1307.198	126.7864	1.45718	0.3094419	0.481651	0.518349	0.8211925
21288	-1182.043	-1308.461	126.4182	1.519587	0.520862	0.418876	0.581124	0.6755596
21294	-1176.567	-1302.959	126.392	1.306557	0.3230948	0.623997	0.376003	1.312994
21300	-1179.503	-1305.822	126.3189	1.321139	0.4006541	0.487339	0.512661	1.229233
21306	-1175.068	-1301.223	126.1548	1.382188	0.4566485	0.484441	0.515559	1.229233
21312	-1170.434	-1296.41	125.9756	1.146973	0.4623071	0.488908	0.511092	1.546171
21318	-1176.32	-1302.466	126.1468	1.129328	0.4426735	0.485689	0.514311	1.457108
21324	-1168.801	-1295.316	126.5147	1.102514	0.2781716	0.524912	0.475088	1.458587
21330	-1173.041	-1298.966	125.9255	1.108949	0.4230314	0.524912	0.475088	1.661555
21336	-1161.471	-1287.471	126.0002	1.088724	0.61808	0.599705	0.400295	1.385767
21342	-1163.394	-1289.764	126.3704	1.11401	0.4351325	0.599705	0.400295	1.304445
21348	-1162.305	-1288.069	125.7634	0.9230651	0.4717104	0.50655	0.49345	1.844166
21354	-1154.911	-1280.699	125.7885	0.9470775	0.4438133	0.592128	0.407872	1.844166
21360	-1165.409	-1291.053	125.6441	0.8730355	0.4438133	0.519613	0.480387	1.991886
21366	-1167.385	-1293.807	126.4219	0.9092604	0.340911	0.463213	0.536787	1.565056
21372	-1158.667	-1284.645	125.9783	1.044692	0.4235417	0.46255	0.53745	1.669038
21378	-1159.306	-1285.369	126.0636	1.0894	0.4403659	0.436558	0.563442	1.552469
21384	-1168.083	-1294.45	126.3671	1.313303	0.4518803	0.436305	0.563695	1.111308
21390	-1164.443	-1290.786	126.3439	1.278555	0.4518803	0.553686	0.446314	1.162978
21396	-1170.081	-1296.24	126.1593	1.293285	0.5663612	0.515725	0.484275	1.147573
21402	-1173.635	-1299.856	126.2208	1.293285	0.3588567	0.515725	0.484275	1.398428
21408	-1170.302	-1296.222	125.9204	1.439709	0.6695445	0.619747	0.380253	1.098349
21414	-1169.466	-1295.564	126.0977	1.301588	0.5951046	0.446049	0.553951	1.156884
21420	-1165.984	-1292.27	126.2861	1.391101	0.5151774	0.392052	0.607948	1.01302
21426	-1161.559	-1287.827	126.2681	1.083068	0.4800839	0.399492	0.600508	1.347916
21432	-1162.149	-1288.565	126.416	1.210754	0.4003614	0.458514	0.541486	1.240844
21438	-1163.565	-1289.941	126.3752	1.470908	0.4728157	0.569994	0.430006	0.9106051
21444	-1169.936	-1296.538	126.6024	1.37466	0.4050686	0.460272	0.539728	0.9012947
21450	-1168.476	-1294.502	126.0261	1.393316	0.6591804	0.49691	0.50309	1.056074
21456	-1179.166	-1305.508	126.342	1.393316	0.4671821	0.555224	0.444776	1.034745
21462	-1176.108	-1302.243	126.1353	1.393057	0.5976319	0.505594	0.494406	1.034745
21468	-1177.433	-1303.29	125.8575	1.373258	0.8483475	0.503431	0.496569	1.012287
21474	-1168.891	-1294.837	125.9455	1.373258	0.8067552	0.457725	0.542275	0.9717974
21480	-1179.354	-1305.445	126.0906	1.528438	0.5743515	0.457725	0.542275	0.9787661
21486	-1173.51	-1299.552	126.0424	1.221755	0.6479488	0.555668	0.444332	1.209001
21492	-1173.23	-1299.42	126.19	1.211113	0.5537559	0.480363	0.519637	1.209001
21498	-1165.246	-1291.424	126.1781	1.072839	0.5283205	0.480363	0.519637	1.364549
21504	-1161.989	-1287.907	125.9183	1.121583	0.5283205	0.559456	0.440544	1.525956
21510	-1172.828	-1299.376	126.5477	1.189686	0.2901478	0.548611	0.451389	1.342571
21516	-1171.382	-1297.363	125.9817	1.13658	0.5416604	0.548611	0.451389	1.451109
21522	-1166.14	-1292.703	126.5633	1.43219	0.2578472	0.438885	0.561115	1.195323
21528	-1174.777	-1301.175	126.3982	1.133818	0.2449768	0.471724	0.528276	1.584893
21534	-1173.352	-1299.995	126.6435	1.359691	0.3498921	0.466324	0.533676	0.9910576
21540	-1178.052	-1304.725	126.6731	1.341183	0.3164984	0.525586	0.474414	1.051405
21546	-1180.424	-1306.991	126.5665	1.347838	0.3856688	0.530846	0.469154	1.006965
21552	-1183.748	-1310.095	126.3464	1.263621	0.424224	0.490912	0.509088	1.216942
21558	-1183.829	-1310.16	126.3308	1.263621	0.4941227	0.494322	0.505678	1.123425
21564	-1178.046	-1303.611	125.5654	0.9770826	0.4928084	0.420186	0.579814	1.917868
21570	-1171.253	-1296.893	125.6398	0.9770826	0.449907	0.592905	0.407095	1.917576
21576	-1180.802	-1306.913	126.1113	1.009661	0.5190099	0.484202	0.515798	1.476316
21582	-1175.735	-1300.938	125.2035	0.9451167	0.5651612	0.436242	0.563758	2.103483
21588	-1167.753	-1293.237	125.4837	0.9713195	0.5339812	0.42333	0.57667	1.931846
21594	-1173.213	-1298.613	125.4008	1.127405	0.4867832	0.633818	0.366182	1.934373
21600	-1167.887	-1293.876	125.989	1.115956	0.3508303	0.423418	0.576582	1.712739
21606	-1166.423	-1292.206	125.7833	1.065487	0.3248236	0.412012	0.587988	1.92809
21612	-1174.6	-1300.817	126.2168	0.9740269	0.2450191	0.453152	0.546848	1.826289
21618	-1169.898	-1295.478	125.5806	0.7366464	0.2450191	0.561586	0.438414	2.399642
21624	-1182.56	-1307.462	124.9022	0.6716616	0.4078598	0.514761	0.485239	2.637024
21630	-1169.665	-1295.123	125.4585	0.6404099	0.4345874	0.500982	0.499018	2.276048
21636	-1162.827	-1288.248	125.4214	0.8755903	0.3122481	0.424223	0.575777	2.308009
21642	-1178.164	-1303.432	125.2679	0.8177613	0.4147072	0.587693	0.412307	2.308009
21648	-1176.165	-1301.983	125.8181	0.8593552	0.4233205	0.585882	0.414118	1.909249
21654	-1165.815	-1291.584	125.7689	0.8142095	0.2548112	0.585882	0.414118	2.213524
21660	-1174.489	-1300.115	125.6255	0.7899063	0.3204549	0.641672	0.358328	2.220125
21666	-1176.617	-1302.663	126.0461	0.9135478	0.3639919	0.601446	0.398554	1.795205
21672	-1176.158	-1302.15	125.9921	1.088452	0.4822857	0.380229	0.619771	1.551831
21678	-1166.048	-1292.232	126.1836	1.137258	0.3749069	0.434241	0.565759	1.520433
21684	-1174.987	-1301.611	126.6238	1.151728	0.4674211	0.434241	0.565759	0.9946557
21690	-1175.269	-1301.693	126.4233	1.1087	0.3173718	0.399201	0.600799	1.453542
21696	-1175.243	-1301.099	125.8562	1.1087	0.5107168	0.399201	0.600799	1.601917
21702	-1172.088	-1298.421	126.3332	0.9910628	0.4554271	0.434079	0.565921	1.402651
21708	-1175.203	-1300.74	125.5366	0.7346837	0.4554271	0.501404	0.498596	2.140442
21714	-1164.36	-1290.019	125.6593	0.9037077	0.4521748	0.394974	0.605026	1.951218
21720	-1174.044	-1299.897	125.8532	0.8007988	0.4027773	0.457361	0.542639	1.951218
21726	-1171.25	-1297.604	126.3548	0.9506872	0.4027773	0.457361	0.542639	1.490951
21732	-1177.372	-1303.276	125.9041	0.9851193	0.302387	0.461211	0.538789	1.935056
21738	-1173.104	-1299.632	126.5276	0.8747073	0.3400419	0.57365	0.42635	1.513761
21744	-1199.261	-1325.682	126.4219	1.742209	0.4129352	0.653839	0.346161	0.5794168
21750	-1184.001	-1310.329	126.328	1.547158	0.4937341	0.576199	0.423801	0.8350215
21756	-1184.705	-1311.387	126.6819	1.621421	0.3477523	0.472251	0.527749	0.5350754
21762	-1174.184	-1300.202	126.0178	1.355147	0.3301535	0.481268	0.518732	1.551496
21768	-1178.347	-1304.914	126.5671	1.203308	0.371522	0.47269	0.52731	1.166715
21774	-1177.769	-1304.173	126.4047	1.132369	0.4979062	0.617537	0.382463	1.168663
21780	-1170.562	-1296.884	126.3216	1.089077	0.240125	0.306451	0.693549	1.681648
21786	-1180.38	-1306.303	125.9231	1.065171	0.5720581	0.367129	0.632871	1.514003
21792	-1174.689	-1300.936	126.2465	1.167653	0.334425	0.462523	0.537477	1.514003
21798	-1178.558	-1305.093	126.5353	1.359071	0.3232291	0.322312	0.677688	1.147689
21804	-1179.088	-1305.258	126.1699	1.094301	0.5785952	0.539316	0.460684	1.291772
21810	-1178.85	-1305.07	126.2208	1.415111	0.6424396	0.630036	0.369964	0.8519257
21816	-1170.744	-1296.929	126.1846	1.502286	0.5238829	0.391264	0.608736	0.9892981
21822	-1172.126	-1298.205	126.0794	1.234822	0.5669312	0.393916	0.606084	1.265061
21828	-1171.812	-1298.338	126.5253	1.194545	0.3680899	0.545986	0.454014	1.216214
21834	-1168.304	-1294.673	126.3687	1.164649	0.3078904	0.686552	0.313448	1.468871
21840	-1173.311	-1299.214	125.9026	1.20549	0.5340857	0.679874	0.320126	1.467877
21846	-1173.628	-1300.275	126.647	1.270093	0.2491055	0.482549	0.517451	1.280104
21852	-1170.745	-1297.264	126.5194	1.27162	0.3710345	0.482549	0.517451	1.149394
21858	-1173.399	-1299.974	126.5745	1.052029	0.3657556	0.46669	0.53331	1.297685
21864	-1171.094	-1297.313	126.2184	1.125121	0.4709888	0.549955	0.450045	1.366319
21870	-1177.449	-1303.821	126.3717	1.764188	0.4273382	0.419691	0.580309	0.4243555
21876	-1166.84	-1292.72	125.8796	1.887379	0.6692474	0.552873	0.447127	0.4602715
21882	-1158.996	-1285.188	126.192	1.879958	0.4684641	0.505331	0.494669	0.4602715
21888	-1167.225	-1293.351	126.1261	1.821271	0.5435453	0.436762	0.563238	0.5498329
21894	-1181.217	-1307.493	126.2757	1.924852	0.3840556	0.520792	0.479208	0.3859365
21900	-1180.59	-1306.659	126.0682	1.757532	0.6178884	0.603321	0.396679	0.5936002
21906	-1188.632	-1314.869	126.2367	1.704468	0.5054179	0.573828	0.426172	0.7141714
21912	-1185.5	-1311.917	126.4167	1.573768	0.44853	0.432647	0.567353	0.7862108
21918	-1177.537	-1304.113	126.5763	1.573768	0.3990253	0.432647	0.567353	0.6790585
21924	-1175.841	-1302.271	126.43	1.224569	0.3018877	0.648635	0.351365	1.386171
21930	-1175.47	-1301.328	125.8584	1.08799	0.6163479	0.513819	0.486181	1.496822
21936	-1175.789	-1301.597	125.8075	0.9325802	0.4198878	0.513819	0.486181	1.87099
21942	-1174.732	-1301.027	126.2951	0.8289855	0.351259	0.455635	0.544365	1.698542
21948	-1174.446	-1300.902	126.4554	0.8639542	0.3049071	0.455635	0.544365	1.631905
21954	-1171.523	-1297.461	125.9378	0.9627217	0.3068894	0.504974	0.495026	1.920466
21960	-1191.846	-1318.067	126.2208	1.115647	0.5179773	0.512248	0.487752	1.309484
21966	-1175.063	-1301.176	126.1132	1.107305	0.4706853	0.47732	0.52268	1.461896
21972	-1175.888	-1301.766	125.8782	1.245641	0.7470856	0.38961	0.61039	1.218282
21978	-1173.41	-1299.777	126.3666	1.315603	0.4214984	0.504905	0.495095	1.158953
21984	-1163.818	-1290.041	126.2227	1.283251	0.3985462	0.494149	0.505851	1.342302
21990	-1164.288	-1290.81	126.5226	1.229897	0.2840066	0.547484	0.452516	1.342302
21996	-1162.114	-1288.137	126.0234	1.180847	0.5767332	0.461278	0.538722	1.342302
22002	-1169.425	-1295.5	126.0755	1.482868	0.4739463	0.500373	0.499627	1.185299
22008	-1160.77	-1286.901	126.1313	1.187629	0.4953549	0.500373	0.499627	1.353124
22014	-1161.558	-1288.014	126.4558	1.106754	0.4154341	0.500373	0.499627	1.270377
22020	-1165.425	-1292.122	126.6968	1.322296	0.2165257	0.42073	0.57927	1.269423
22026	-1167.291	-1293.179	125.8878	1.566789	0.8167628	0.366092	0.633908	0.8020186
22032	-1164.617	-1290.786	126.1684	1.379146	0.6951602	0.419573	0.580427	0.8726942
22038	-1164.061	-1290.353	126.2921	1.24981	0.5379927	0.45133	0.54867	1.106684
22044	-1175.698	-1301.711	126.0138	0.9965454	0.5641112	0.628465	0.371535	1.506499
22050	-1171.66	-1298.15	126.4895	1.145613	0.4274914	0.445247	0.554753	1.190344
22056	-1175.032	-1301.184	126.1526	0.9630665	0.491552	0.462052	0.537948	1.514135
22062	-1172.505	-1298.797	126.2923	1.09902	0.4394826	0.562244	0.437756	1.372489
22068	-1158.721	-1284.791	126.0699	1.208329	0.4873444	0.460431	0.539569	1.395649
22074	-1161.363	-1287.99	126.6262	1.208286	0.3752588	0.60231	0.39769	1.102615
22080	-1169.897	-1296.41	126.5128	1.445348	0.3850852	0.515929	0.484071	0.9636342
22086	-1171.022	-1297.392	126.3696	1.392968	0.4716837	0.515929	0.484071	1.000295
22092	-1178.37	-1304.583	126.2123	1.381173	0.5421166	0.506605	0.493395	1.052643
22098	-1177.272	-1303.278	126.0055	1.367222	0.7111627	0.506605	0.493395	1.035033
22104	-1170.203	-1296.221	126.0179	1.600611	0.7111627	0.555277	0.444723	0.7531345
22110	-1175.365	-1301.518	126.1523	1.600611	0.6518001	0.544789	0.455211	0.6573072
22116	-1174.496	-1301.151	126.6547	1.528934	0.3137745	0.521978	0.478022	0.881936
22122	-1173.017	-1299.227	126.2105	1.574162	0.6046189	0.417862	0.582138	0.7205402
22128	-1168.389	-1294.04	125.6503	1.648206	0.9027375	0.488761	0.511239	0.8761214
22134	-1169.312	-1295.798	126.4866	1.54272	0.4540942	0.542665	0.457335	0.7128509
22140	-1160.773	-1287.231	126.458	1.462823	0.5085917	0.496267	0.503733	0.7385017
22146	-1170.836	-1297.136	126.2999	1.511342	0.5788599	0.370573	0.629427	0.7385017
22152	-1178.363	-1304.574	126.211	0.9836764	0.3456251	0.46014	0.53986	1.656739
22158	-1187.617	-1313.655	126.0383	1.055347	0.3469944	0.471895	0.528105	1.726434
22164	-1172.588	-1298.558	125.9701	1.255664	0.4543842	0.490777	0.509223	1.47947
22170	-1166.266	-1292.428	126.1624	1.255664	0.4649084	0.553776	0.446224	1.315262
22176	-1176.914	-1303.39	126.4768	1.320931	0.3405782	0.523787	0.476213	1.198835
22182	-1162.086	-1288.057	125.9714	1.091434	0.3405782	0.514992	0.485008	1.757592
22188	-1173.653	-1299.807	126.1542	1.017498	0.3325578	0.514992	0.485008	1.693149
22194	-1169.394	-1295.412	126.0173	1.017498	0.3325578	0.630277	0.369723	1.789169
22200	-1169.092	-1294.454	125.3617	0.9125738	0.3635137	0.603801	0.396199	2.25169
22206	-1177.961	-1303.673	125.7119	0.9301996	0.4061471	0.39609	0.60391	1.954929
22212	-1162.565	-1288.507	125.9428	1.181922	0.5982576	0.444105	0.555895	1.380108
22218	-1156.596	-1282.967	126.3706	1.126467	0.3787371	0.511092	0.488908	1.380108
22224	-1173.861	-1299.619	125.7579	1.165009	0.6896199	0.41916	0.58084	1.438511
22230	-1173.827	-1299.621	125.7935	0.9985396	0.4198615	0.53856	0.46144	1.835463
22236	-1162.517	-1288.146	125.6291	1.034645	0.4198615	0.53856	0.46144	1.9229
22242	-1165.393	-1291.236	125.8429	0.7062069	0.4844632	0.53856	0.46144	1.9229
22248	-1171.512	-1296.629	125.1167	0.7304044	0.406429	0.458212	0.541788	2.468808
22254	-1174.175	-1299.285	125.1102	0.7217368	0.406429	0.462301	0.537699	2.478336
22260	-1179.005	-1304.762	125.7575	0.8646769	0.6273506	0.587255	0.412745	1.720879
22266	-1184.067	-1310.441	126.3744	0.9711631	0.2055565	0.361984	0.638016	1.795455
22272	-1175.541	-1301.996	126.455	1.032395	0.3332617	0.420696	0.579304	1.460704
22278	-1167.412	-1293.925	126.5131	1.078267	0.3332617	0.45619	0.54381	1.380475
22284	-1164.858	-1291.519	126.6604	1.094657	0.2877142	0.539743	0.460257	1.333105
22290	-1170.738	-1296.944	126.206	1.210518	0.2458551	0.539703	0.460297	1.66664
22296	-1164.264	-1290.278	126.0139	1.023015	0.5037476	0.539703	0.460297	1.557544
22302	-1163.588	-1289.597	126.0094	1.138167	0.3164048	0.456071	0.543929	1.735441
22308	-1177.715	-1303.84	126.125	1.138167	0.3592745	0.342453	0.657547	1.586502
22314	-1167.853	-1293.949	126.0959	1.117483	0.5056755	0.351366	0.648634	1.422344
22320	-1167.517	-1293.802	126.2843	1.364536	0.5072676	0.660675	0.339325	1.052944
22326	-1175.478	-1302.386	126.9076	1.198414	0.2602093	0.661354	0.338646	1.091752
22332	-1165.951	-1292.317	126.3655	1.168456	0.5274765	0.507522	0.492478	1.128872
22338	-1162.608	-1288.313	125.7053	1.224608	0.5729565	0.456649	0.543351	1.556316
22344	-1168.761	-1295.512	126.7505	1.124257	0.3281886	0.383342	0.616658	1.155262
22350	-1158.814	-1285.523	126.7087	1.188396	0.2835392	0.422001	0.577999	1.224701
22356	-1164.812	-1290.885	126.0729	1.16171	0.4238027	0.463704	0.536296	1.514403
22362	-1170.337	-1296.699	126.3622	1.16171	0.3804438	0.554252	0.445748	1.356232
22368	-1174.196	-1300.457	126.2604	1.211204	0.3804438	0.547913	0.452087	1.397316
22374	-1178.102	-1302.989	124.8872	0.8290033	0.284334	0.470316	0.529684	2.711652
22380	-1176.014	-1301.988	125.974	1.606813	0.7610228	0.484919	0.515081	0.7141052
22386	-1169.504	-1295.633	126.1288	1.59746	0.6406393	0.484919	0.515081	0.7324055
22392	-1172.811	-1299.345	126.5346	1.36593	0.5065388	0.527395	0.472605	0.7735144
22398	-1166.745	-1292.948	126.203	1.419407	0.6283039	0.475927	0.524073	0.8908982
22404	-1162.105	-1288.614	126.5093	1.1214	0.3805594	0.34657	0.65343	1.269787
22410	-1160.561	-1287.166	126.6047	1.169332	0.2536212	0.603292	0.396708	1.38528
22416	-1162.283	-1288.6	126.3164	1.170897	0.4994391	0.490251	0.509749	1.209414
22422	-1181.185	-1307.373	126.1878	1.194941	0.3071782	0.393828	0.606172	1.582121
22428	-1176.221	-1302.857	126.6358	1.109091	0.3586694	0.439834	0.560166	1.211428
22434	-1169.19	-1295.37	126.1798	1.111076	0.3707476	0.491884	0.508116	1.548956
22440	-1169.415	-1295.771	126.3563	1.170437	0.3066661	0.466943	0.533057	1.47596
22446	-1169.273	-1295.341	126.0677	0.8918758	0.3791942	0.504037	0.495963	1.773878
22452	-1173.822	-1300.032	126.2104	1.229848	0.4506075	0.504037	0.495963	1.31768
22458	-1178.541	-1305.058	126.5171	1.229848	0.4506075	0.561075	0.438925	1.051479
22464	-1182.924	-1308.982	126.0582	1.385055	0.5452129	0.495134	0.504866	1.184208
22470	-1183.513	-1310.025	126.5124	1.57068	0.3750657	0.536323	0.463677	0.8461021
22476	-1188.57	-1315.648	127.0779	1.377126	0.2315841	0.516207	0.483793	0.7988566
22482	-1174.809	-1301.299	126.4901	1.330758	0.453382	0.496391	0.503609	0.9736109
22488	-1182.315	-1308.311	125.9951	1.344475	0.6602567	0.536288	0.463712	1.128416
22494	-1166.368	-1293.084	126.7165	1.362413	0.331597	0.473884	0.526116	0.9534698
22500	-1167.355	-1293.82	126.4644	1.186409	0.4328972	0.606934	0.393066	1.168069
22506	-1168.06	-1294.511	126.4514	1.26608	0.2782559	0.406249	0.593751	1.380975
22512	-1174.141	-1300.684	126.5429	1.309049	0.3797826	0.552736	0.447264	1.078143
22518	-1171.366	-1297.547	126.1815	1.282515	0.436739	0.526848	0.473152	1.318565
22524	-1168.971	-1295.466	126.4948	1.282515	0.380592	0.537268	0.462732	1.144501
22530	-1166.03	-1292.936	126.9057	1.505031	0.2413718	0.574808	0.425192	0.8221955
22536	-1164.45	-1291.273	126.8231	1.707	0.2443501	0.489601	0.510399	0.606019
22542	-1173.495	-1299.709	126.214	1.876276	0.4487018	0.550699	0.449301	0.606019
22548	-1176.401	-1302.014	125.6131	1.914206	0.8647392	0.507311	0.492689	0.5476633
22554	-1178.146	-1304.094	125.9481	1.59474	0.7175191	0.53931	0.46069	0.8437198
22560	-1174.748	-1300.783	126.0346	1.626841	0.6943935	0.53931	0.46069	0.7203104
22566	-1172.838	-1299.252	126.4136	1.610864	0.4828388	0.428255	0.571745	0.6234573
22572	-1171.439	-1297.649	126.2096	1.668765	0.5745671	0.483406	0.516594	0.6234573
22578	-1167.897	-1294.203	126.306	1.668765	0.4964341	0.536529	0.463471	0.6811338
22584	-1162.056	-1287.896	125.8408	1.49958	0.7723257	0.569241	0.430759	0.9916039
22590	-1173.482	-1299.688	126.2054	1.49958	0.6476473	0.529802	0.470198	0.7502185
22596	-1177.049	-1303.402	126.3524	1.177006	0.3832762	0.355947	0.644053	1.347439
22602	-1158.541	-1284.406	125.8651	1.749262	0.7158677	0.341075	0.658925	0.750337
22608	-1166.746	-1292.767	126.0209	1.564502	0.672916	0.439187	0.560813	0.8627457
22614	-1164.595	-1291.416	126.8212	1.495866	0.2547894	0.50717	0.49283	0.8923332
22620	-1173.669	-1300.34	126.6709	1.601766	0.2726925	0.472856	0.527144	0.8913516
22626	-1173.523	-1300.214	126.6913	1.601766	0.3145368	0.440969	0.559031	0.7356953
22632	-1165.94	-1292.137	126.1975	1.610491	0.5053474	0.69488	0.30512	0.8920153
22638	-1157.34	-1283.537	126.1976	1.682632	0.565808	0.541445	0.458555	0.6498726
22644	-1162.793	-1289.34	126.5468	1.629147	0.3916711	0.461837	0.538163	0.6559748
22650	-1178.774	-1305.16	126.3863	1.565334	0.5195942	0.461837	0.538163	0.6516366
22656	-1178.203	-1304.556	126.3524	1.639118	0.4873154	0.616131	0.383869	0.6783342
22662	-1169.932	-1296.519	126.5867	1.426265	0.4220717	0.549984	0.450016	0.8202135
22668	-1176.899	-1303.28	126.3803	1.338047	0.4220717	0.581847	0.418153	1.125927
22674	-1168.962	-1294.818	125.8565	1.396985	0.7206765	0.586866	0.413134	1.134401
22680	-1161.419	-1287.551	126.1321	1.186347	0.5364804	0.36773	0.63227	1.300174
22686	-1170.184	-1296.748	126.5634	1.147552	0.3246666	0.450106	0.549894	1.300174
22692	-1163.638	-1290.343	126.7044	1.265664	0.3588805	0.4747	0.5253	1.005373
22698	-1161.063	-1287.174	126.1103	1.220788	0.379733	0.493536	0.506464	1.505567
22704	-1161.906	-1288.385	126.4792	1.149582	0.4231977	0.461764	0.538236	1.202566
22710	-1160.075	-1286.297	126.2216	1.356934	0.50226	0.424724	0.575276	1.125561
22716	-1167.964	-1294.596	126.6322	1.619772	0.3227775	0.501133	0.498867	0.7694398
22722	-1156.978	-1283.148	126.1702	1.585051	0.3781688	0.607028	0.392972	1.168256
22728	-1165.4	-1291.325	125.9244	1.585051	0.7715619	0.419465	0.580535	0.8004872
22734	-1155.398	-1281.575	126.1771	1.042297	0.391653	0.337375	0.662625	1.570881
22740	-1162.745	-1289.146	126.4008	1.097752	0.391653	0.579257	0.420743	1.358763
22746	-1171.823	-1298.233	126.4101	1.088465	0.391653	0.676824	0.323176	1.358763
22752	-1165.834	-1292.261	126.4271	1.360944	0.391653	0.62079	0.37921	1.115358
22758	-1169.423	-1295.549	126.1266	1.238717	0.6164943	0.443226	0.556774	1.159659
22764	-1173.778	-1299.812	126.0347	1.266131	0.6534114	0.660873	0.339127	1.170945
22770	-1169.49	-1295.452	125.9623	1.364683	0.6301676	0.452019	0.547981	1.17626
22776	-1176.624	-1302.572	125.948	1.205074	0.5257078	0.510381	0.489619	1.443757
22782	-1161.747	-1288.013	126.266	1.046866	0.3176523	0.510381	0.489619	1.615634
22788	-1159.983	-1285.84	125.8573	1.105359	0.5022219	0.510381	0.489619	1.613622
22794	-1163.338	-1288.625	125.2868	0.8871187	0.520757	0.444509	0.555491	2.132291
22800	-1163.36	-1289.319	125.9594	0.8740655	0.4172985	0.676277	0.323723	1.810216
22806	-1158.728	-1284.822	126.0939	0.9367747	0.336809	0.628922	0.371078	1.785679
22812	-1164.984	-1291.076	126.0918	1.065417	0.5128018	0.500855	0.499145	1.45645
22818	-1169.511	-1295.459	125.9482	1.148025	0.4897877	0.579563	0.420437	1.530815
22824	-1162.274	-1288.476	126.2022	1.108107	0.4829773	0.579563	0.420437	1.376383
22830	-1180.744	-1307.478	126.734	1.370444	0.3278115	0.470293	0.529707	0.9352319
22836	-1170.287	-1296.491	126.2047	1.212524	0.4967376	0.663862	0.336138	1.271852
22842	-1175.925	-1302.08	126.1543	1.165075	0.5023797	0.668572	0.331428	1.34356
22848	-1174.865	-1301.353	126.4876	1.125234	0.3858319	0.585453	0.414547	1.275859
22854	-1163.74	-1290.15	126.4095	1.11259	0.4470965	0.447574	0.552426	1.255894
22860	-1165.084	-1291.389	126.3045	1.151956	0.3874757	0.468534	0.531466	1.398247
22866	-1167.402	-1293.534	126.1324	1.186957	0.452689	0.541505	0.458495	1.410211
22872	-1177.369	-1303.822	126.4528	1.414191	0.3614605	0.501389	0.498611	1.098572
22878	-1180.522	-1306.891	126.3693	1.300444	0.483438	0.501389	0.498611	1.070637
22884	-1180.881	-1307.212	126.3313	1.368536	0.483438	0.556369	0.443631	1.042083
22890	-1186.521	-1313.372	126.8512	1.449616	0.3201022	0.461059	0.538941	0.7025699
22896	-1188.207	-1314.898	126.691	1.471648	0.371808	0.512285	0.487715	0.7479961
22902	-1177.428	-1303.688	126.2603	1.247554	0.4920191	0.462411	0.537589	1.202418
22908	-1177.358	-1303.868	126.51	1.303786	0.4375311	0.472323	0.527677	1.009335
22914	-1160.84	-1287.411	126.5713	1.304949	0.405923	0.532396	0.467604	1.005723
22920	-1178.889	-1305.577	126.6879	1.45978	0.3412578	0.452325	0.547675	0.8529761
22926	-1173.843	-1300.191	126.3486	1.603471	0.5128542	0.488072	0.511928	0.6728281
22932	-1174.142	-1300.553	126.4115	1.565806	0.4767163	0.488072	0.511928	0.7334901
22938	-1171.782	-1298.449	126.6675	1.591128	0.3306939	0.488072	0.511928	0.7334901
22944	-1187.515	-1314.232	126.7171	1.591128	0.3335128	0.325219	0.674781	0.627871
22950	-1182.325	-1308.077	125.752	1.062957	0.7060957	0.579563	0.420437	1.504048
22956	-1178.98	-1305.602	126.6222	1.079392	0.3707332	0.369416	0.630584	1.227149
22962	-1179.5	-1305.64	126.1404	1.306203	0.5722423	0.390514	0.609486	1.145084
22968	-1179.225	-1305.364	126.1392	1.488498	0.5386336	0.57304	0.42696	1.024842
22974	-1167.27	-1293.145	125.8756	1.17985	0.5389205	0.490375	0.509625	1.501796
22980	-1166.242	-1292.606	126.3644	1.158451	0.3236752	0.575013	0.424987	1.44973
22986	-1172.726	-1298.634	125.9081	1.032192	0.4500361	0.511164	0.488836	1.693699
22992	-1171.698	-1297.661	125.9628	1.058963	0.4500361	0.480367	0.519633	1.635425
22998	-1177.413	-1303.318	125.9054	0.9715087	0.5367046	0.479015	0.520985	1.635425
23004	-1172.978	-1298.647	125.6692	0.7692624	0.4034828	0.483363	0.516637	2.093509
23010	-1167.469	-1293.061	125.5922	0.8325804	0.4106862	0.483363	0.516637	2.093509
23016	-1168.945	-1293.881	124.9356	0.9304984	0.6118532	0.513624	0.486376	2.242242
23022	-1164.361	-1289.876	125.5158	0.8730182	0.3170199	0.497676	0.502324	2.242242
23028	-1167.829	-1292.994	125.165	0.9561554	0.4514724	0.584947	0.415053	2.242242
23034	-1163.727	-1289.115	125.3877	0.7517131	0.3828006	0.582725	0.417275	2.313042
23040	-1167.675	-1293.487	125.8121	0.9027849	0.3035903	0.373906	0.626094	2.049617
23046	-1177.003	-1303.512	126.5088	1.149151	0.3035903	0.412477	0.587523	1.380483
23052	-1172.268	-1298.495	126.2275	1.054922	0.4964673	0.400968	0.599032	1.380483
23058	-1175.315	-1301.351	126.0359	0.9761047	0.4964673	0.435102	0.564898	1.584638
23064	-1176.788	-1303.004	126.2167	1.09479	0.4880915	0.429856	0.570144	1.368637
23070	-1181.24	-1307.962	126.7212	1.141326	0.3262915	0.493386	0.506614	1.169707
23076	-1170.486	-1296.901	126.4148	1.200759	0.3262915	0.582843	0.417157	1.373498
23082	-1170.129	-1296.629	126.4998	1.18578	0.3721228	0.482252	0.517748	1.238241
23088	-1186.764	-1313.241	126.4772	1.319155	0.3058708	0.573778	0.426222	1.264939
23094	-1170.341	-1296.838	126.4968	1.547831	0.408387	0.408354	0.591646	0.8125119
23100	-1166.854	-1293.434	126.5806	1.466601	0.408387	0.445958	0.554042	0.80919
23106	-1169.063	-1295.994	126.9308	1.448614	0.2773289	0.445958	0.554042	0.7374999
23112	-1160.807	-1287.172	126.3653	1.44102	0.390686	0.511828	0.488172	1.100416
23118	-1160.808	-1286.952	126.1438	1.667581	0.6248965	0.39452	0.60548	0.606927
23124	-1160.709	-1286.936	126.2273	1.667581	0.569797	0.364145	0.635855	0.5975576
23130	-1180.562	-1306.136	125.5741	1.107503	0.5221755	0.514086	0.485914	1.789735
23136	-1173.292	-1299.279	125.9861	1.21051	0.2793539	0.514086	0.485914	1.761889
23142	-1174.65	-1301.239	126.5894	1.064604	0.3114217	0.568832	0.431168	1.36944
23148	-1175.185	-1301.496	126.3105	1.187647	0.4037539	0.499872	0.500128	1.340516
23154	-1184.009	-1310.408	126.3991	1.156455	0.3776788	0.451195	0.548805	1.335479
23160	-1181.888	-1308.004	126.1154	1.156455	0.4846857	0.409005	0.590995	1.404109
23166	-1186.745	-1312.63	125.8843	0.9677767	0.5489457	0.409005	0.590995	1.639608
23172	-1205.409	-1331.638	126.2295	1.523781	0.6591986	0.461431	0.538569	0.6340733
23178	-1193.654	-1319.781	126.1264	1.490032	0.5717358	0.619819	0.380181	0.9854418
23184	-1193.668	-1319.892	126.2242	1.20502	0.5555413	0.393788	0.606212	1.182489
23190	-1170.666	-1297.384	126.7178	1.267494	0.338729	0.490618	0.509382	1.032253
23196	-1174.221	-1300.107	125.8864	1.24107	0.6141095	0.434438	0.565562	1.359912
23202	-1168.98	-1295.232	126.2516	1.253752	0.5002029	0.434438	0.565562	1.192865
23208	-1168.51	-1294.872	126.3619	1.300528	0.4653674	0.492579	0.507421	1.10607
23214	-1162.078	-1288.821	126.7425	1.256115	0.2265949	0.630988	0.369012	1.262946
23220	-1164.916	-1291.067	126.1514	1.163395	0.5193237	0.490873	0.509127	1.325106
23226	-1176.506	-1302.689	126.1832	1.157593	0.3524279	0.349395	0.650605	1.539963
23232	-1168.914	-1295.242	126.3278	1.008122	0.3547561	0.404457	0.595543	1.539963
23238	-1174.635	-1300.411	125.7754	0.9108874	0.3547561	0.401969	0.598031	1.993923
23244	-1173.082	-1297.848	124.7657	0.8384882	0.4191979	0.376425	0.623575	2.605126
23250	-1181.009	-1306.753	125.7444	0.7848165	0.3697755	0.471951	0.528049	2.077532
23256	-1170.089	-1295.988	125.8989	1.043796	0.4630739	0.473664	0.526336	1.675616
23262	-1165.695	-1291.482	125.7864	0.9605973	0.504234	0.442176	0.557824	1.764515
23268	-1174.791	-1300.537	125.7459	0.9605973	0.4043048	0.40675	0.59325	1.913822
23274	-1178.837	-1304.853	126.0157	0.7853096	0.3143912	0.40675	0.59325	1.975845
23280	-1179.42	-1305.448	126.0276	1.118063	0.3047769	0.429869	0.570131	1.755363
23286	-1171.375	-1297.405	126.03	1.118063	0.3137147	0.541943	0.458057	1.739361
23292	-1170.029	-1296.213	126.1845	1.031813	0.2844785	0.44062	0.55938	1.739361
23298	-1175.013	-1301.333	126.3205	0.8958921	0.2844785	0.460296	0.539704	1.739361
23304	-1171.644	-1297.683	126.0395	0.8704853	0.4309597	0.604678	0.395322	1.739361
23310	-1171.368	-1297.203	125.8357	0.9170586	0.5227812	0.4683	0.5317	1.739361
23316	-1173.069	-1299.201	126.1322	1.068499	0.4302596	0.592988	0.407012	1.530736
23322	-1174.729	-1300.662	125.9328	1.123808	0.3428789	0.621253	0.378747	1.758546
23328	-1169.694	-1295.783	126.0891	1.193145	0.4265805	0.558226	0.441774	1.474753
23334	-1174.142	-1299.986	125.8445	1.244331	0.345807	0.47294	0.52706	1.731548
23340	-1180.888	-1307.107	126.2181	1.426691	0.6130618	0.484659	0.515341	0.8899967
23346	-1160.539	-1286.616	126.0772	1.426691	0.6130618	0.399128	0.600872	1.036849
23352	-1168.758	-1295.629	126.8706	1.342606	0.2692582	0.543674	0.456326	0.9650567
23358	-1170.787	-1296.995	126.2076	1.227203	0.5255502	0.512651	0.487349	1.21802
23364	-1168.895	-1295.112	126.2162	1.044477	0.3507915	0.49494	0.50506	1.601284
23370	-1169.895	-1295.4	125.5053	0.8918895	0.5132498	0.383922	0.616078	1.992915
23376	-1169.395	-1295.23	125.8351	1.077879	0.477022	0.498703	0.501297	1.679637
23382	-1177.148	-1303.029	125.8808	0.9989006	0.461116	0.462876	0.537124	1.722698
23388	-1180.776	-1307.084	126.3073	0.8973203	0.3561453	0.462876	0.537124	1.633684
23394	-1179.643	-1305.983	126.3402	1.245367	0.4838019	0.405461	0.594539	1.146793
23400	-1178.083	-1304.159	126.076	0.9835115	0.3849587	0.512544	0.487456	1.695622
23406	-1174.317	-1300.557	126.2402	1.063017	0.3509433	0.512544	0.487456	1.569926
23412	-1165.3	-1291.344	126.0439	1.102147	0.5037374	0.512544	0.487456	1.476191
23418	-1163.996	-1290.149	126.1533	1.061938	0.2530211	0.416686	0.583314	1.794993
23424	-1163.722	-1289.388	125.666	0.7637746	0.309998	0.450219	0.549781	2.226118
23430	-1169.673	-1295.621	125.948	0.944855	0.4843932	0.450219	0.549781	1.685081
23436	-1165.332	-1291.213	125.8801	0.9383308	0.4022716	0.375877	0.624123	1.840185
23442	-1178.789	-1304.721	125.9318	0.8007277	0.3512469	0.565439	0.434561	1.967938
23448	-1168.941	-1295.473	126.5324	1.140769	0.2249638	0.538345	0.461655	1.520839
23454	-1175.447	-1301.505	126.0577	1.140769	0.5830625	0.545637	0.454363	1.339465
23460	-1177.944	-1304.399	126.4553	1.145727	0.3686596	0.527504	0.472496	1.313577
23466	-1166.835	-1293.279	126.4438	0.9499796	0.2940703	0.386338	0.613662	1.596323
23472	-1176.845	-1302.362	125.5173	0.9422256	0.3852856	0.423778	0.576222	2.102952
23478	-1178.259	-1303.266	125.0065	0.9160304	0.3852856	0.423778	0.576222	2.447244
23484	-1172.848	-1298.854	126.0063	0.9533863	0.3982867	0.45118	0.54882	1.747587
23490	-1184.232	-1310.087	125.8547	0.995575	0.3846871	0.369991	0.630009	1.841861
23496	-1173.87	-1299.103	125.2331	0.8368063	0.5150129	0.502064	0.497936	2.205862
23502	-1170.809	-1296.823	126.0142	0.8684031	0.4472417	0.542815	0.457185	1.737882
23508	-1176.437	-1302.393	125.9561	1.032457	0.5551709	0.515827	0.484173	1.53287
23514	-1175.931	-1301.58	125.6486	1.015908	0.5396	0.515827	0.484173	1.782381
23520	-1177.936	-1303.626	125.6895	1.244846	0.7119642	0.585524	0.414476	1.407314
23526	-1179.997	-1305.521	125.5238	1.191673	0.7480617	0.620965	0.379035	1.538549
23532	-1183.096	-1308.558	125.4623	0.8892588	0.8509885	0.466	0.534	1.713589
23538	-1174.441	-1300.786	126.3445	0.9967	0.3515575	0.431389	0.568611	1.540982
23544	-1178.478	-1304.339	125.861	0.8989626	0.4486416	0.47472	0.52528	1.821453
23550	-1170.565	-1296.957	126.3921	1.210959	0.3576403	0.412817	0.587183	1.330159
23556	-1180.393	-1307.058	126.6658	1.278332	0.3666049	0.412817	0.587183	1.015309
23562	-1160.351	-1286.702	126.3514	1.491119	0.4389428	0.518083	0.481917	0.9778459
23568	-1174.034	-1300.576	126.5421	1.32639	0.3851462	0.560729	0.439271	1.052509
23574	-1183.461	-1309.45	125.9887	1.354109	0.7360574	0.49436	0.50564	1.033388
23580	-1174.131	-1300.61	126.4788	1.388824	0.3957745	0.535923	0.464077	1.033388
23586	-1182.331	-1308.502	126.1719	1.319575	0.4903469	0.480035	0.519965	1.218725
23592	-1179.784	-1306.232	126.4485	1.422027	0.4332366	0.446253	0.553747	0.9596024
23598	-1185.467	-1312.057	126.5893	1.281281	0.4332366	0.544645	0.455355	0.9596024
23604	-1175.485	-1301.798	126.313	1.60543	0.5032597	0.530167	0.469833	0.7553127
23610	-1162.003	-1288.577	126.574	1.440325	0.4444673	0.553868	0.446132	0.7627459
23616	-1167.436	-1293.795	126.3591	1.570506	0.5090764	0.429128	0.570872	0.7232968
23622	-1173.347	-1299.868	126.5203	1.614879	0.3936238	0.518205	0.481795	0.7232968
23628	-1173.281	-1299.26	125.9793	1.250914	0.4782783	0.49807	0.50193	1.444622
23634	-1164.043	-1290.343	126.2995	1.434059	0.4782783	0.444275	0.555725	1.017812
23640	-1182.682	-1308.526	125.844	0.9890683	0.6244075	0.426794	0.573206	1.572355
23646	-1171.961	-1298.213	126.2518	1.32222	0.3335321	0.529979	0.470021	1.393617
23652	-1186.387	-1313.123	126.7367	1.570637	0.2898754	0.553197	0.446803	0.7974845
23658	-1192.48	-1318.926	126.4455	1.526353	0.4594377	0.430165	0.569835	0.7852412
23664	-1169.763	-1295.891	126.1277	1.443034	0.5837576	0.562262	0.437738	1.013245
23670	-1172.534	-1298.894	126.3595	1.443034	0.4468761	0.48523	0.51477	1.003823
23676	-1169.815	-1294.87	125.0557	1.472385	1.473837	0.515823	0.484177	1.138464
23682	-1172.982	-1299.598	126.6168	1.456838	0.3892414	0.504632	0.495368	0.822811
23688	-1171.032	-1297.536	126.5037	1.456838	0.3793844	0.438669	0.561331	0.972884
23694	-1170.262	-1296.906	126.6435	1.170709	0.3793844	0.428015	0.571985	1.1136
23700	-1169.106	-1295.357	126.2515	1.258553	0.4253872	0.467846	0.532154	1.298136
23706	-1169.047	-1295.443	126.3956	1.264762	0.4515724	0.529652	0.470348	1.129902
23712	-1171.549	-1297.788	126.2395	1.30837	0.4093591	0.562569	0.437431	1.291807
23718	-1167.078	-1293.556	126.4776	1.523671	0.381589	0.537355	0.462645	0.9251444
23724	-1168.685	-1294.528	125.8431	1.682827	0.6594809	0.393478	0.606522	0.9493535
23730	-1171.34	-1297.566	126.2263	1.353245	0.5751527	0.404309	0.595691	1.017194
23736	-1177.256	-1303.65	126.394	1.205551	0.4052086	0.464346	0.535654	1.255738
23742	-1173.965	-1299.93	125.9653	0.9757805	0.5201089	0.414243	0.585757	1.608133
23748	-1174.363	-1299.223	124.86	0.7327762	0.5929474	0.673262	0.326738	2.43351
23754	-1169.239	-1294.816	125.5764	0.9962753	0.5929474	0.601695	0.398305	1.790022
23760	-1169.297	-1295.705	126.4081	1.155935	0.44266	0.517729	0.482271	1.227371
23766	-1173.867	-1300.646	126.7787	1.233132	0.2894695	0.589466	0.410534	1.111902
23772	-1185.087	-1310.531	125.4441	1.269814	0.7789331	0.33809	0.66191	1.511673
23778	-1172.351	-1298.888	126.5369	1.041331	0.2870026	0.33809	0.66191	1.4719
23784	-1157.077	-1283.688	126.6104	1.231519	0.3394824	0.426858	0.573142	1.162599
23790	-1169.099	-1295.342	126.2426	1.241349	0.4594322	0.413058	0.586942	1.269375
23796	-1164.781	-1291.302	126.5212	1.171133	0.3177539	0.616225	0.383775	1.327626
23802	-1167.488	-1293.653	126.1647	1.309022	0.3938613	0.561051	0.438949	1.374937
23808	-1174.519	-1300.783	126.2636	1.220071	0.3623494	0.552815	0.447185	1.416367
23814	-1178.224	-1304.084	125.8594	1.309063	0.5732893	0.536977	0.463023	1.374731
23820	-1167.805	-1293.534	125.7289	1.144476	0.4119587	0.514688	0.485312	1.789544
23826	-1174.921	-1300.879	125.9582	0.9298875	0.3067515	0.491793	0.508207	1.929065
23832	-1165.501	-1290.994	125.4922	0.8481587	0.3126799	0.456322	0.543678	2.279633
23838	-1167.762	-1293.352	125.5905	0.5991671	0.3838554	0.456322	0.543678	2.279633
23844	-1173.972	-1299.485	125.5124	0.9420028	0.3495854	0.493606	0.506394	2.153914
23850	-1178.399	-1304.438	126.0391	0.982018	0.3495854	0.501312	0.498688	1.773359
23856	-1183.615	-1309.641	126.0265	1.00944	0.5372499	0.436713	0.563287	1.518371
23862	-1170.334	-1296.225	125.8908	1.226553	0.4470458	0.453037	0.546963	1.569823
23868	-1168.849	-1295.064	126.215	1.282633	0.2617273	0.356946	0.643054	1.578255
23874	-1171.907	-1297.663	125.7562	0.9954911	0.4656502	0.410004	0.589996	1.806515
23880	-1166.756	-1293.102	126.3456	1.005427	0.4216365	0.649091	0.350909	1.429232
23886	-1174.018	-1300.205	126.1863	1.191082	0.3953048	0.649091	0.350909	1.447425
23892	-1168.303	-1294.37	126.0665	1.386728	0.5224446	0.552924	0.447076	1.206575
23898	-1157.786	-1284.12	126.3341	1.386728	0.5823791	0.516366	0.483634	0.8532918
23904	-1189.853	-1316.072	126.219	1.549177	0.5966005	0.7037	0.2963	0.7637727
23910	-1177.271	-1303.323	126.0526	1.395297	0.5854489	0.429639	0.570361	1.126321
23916	-1180.586	-1307.062	126.4761	1.410493	0.3993431	0.535535	0.464465	1.008
23922	-1174.45	-1300.855	126.405	1.265688	0.4196925	0.551404	0.448596	1.171994
23928	-1181.475	-1307.963	126.488	1.324463	0.3764662	0.43262	0.56738	1.12043
23934	-1168.439	-1295.011	126.5714	1.171351	0.2706997	0.433934	0.566066	1.375762
23940	-1166.854	-1293.329	126.4753	1.087475	0.3424155	0.362619	0.637381	1.387389
23946	-1159.596	-1286.243	126.6472	1.236225	0.3424155	0.362619	0.637381	1.120022
23952	-1166.633	-1293.091	126.4581	1.236225	0.3529323	0.383421	0.616579	1.263898
23958	-1164.299	-1290.486	126.1861	1.629199	0.588325	0.721372	0.278628	0.7091347
23964	-1165.481	-1291.673	126.1917	1.568672	0.6476274	0.469523	0.530477	0.6536519
23970	-1187.718	-1314.113	126.3945	1.419848	0.4253204	0.508072	0.491928	1.030744
23976	-1180.919	-1307.38	126.461	1.316802	0.4255996	0.398957	0.601043	1.065158
23982	-1176.229	-1302.535	126.3063	1.416897	0.6196826	0.575742	0.424258	0.7804068
23988	-1175.146	-1301.79	126.6442	1.32913	0.2955845	0.48381	0.51619	1.133572
23994	-1175.174	-1301.589	126.4159	1.30604	0.2778265	0.48381	0.51619	1.378315
24000	-1168.026	-1294.175	126.1484	1.174544	0.4472289	0.458092	0.541908	1.414964
